"GroupName","InstName","CTLR","Chain","FROM","RowStart","ColStart","RowStop","ColStop","RowSize","InstBits","MemIndex","PreRead","ECC","Protect","Repair","BitMask","BitOrder","InstData","Test name","Suite name"
"TITechnology","","1","","","","","","","","","","","","","","","","SR80","",""
"TIRedundantRows","","1","","","","","","","","","","","","","","","","4","",""
"FF_Read_Mg1","","1","","","","","","","","","","","","","","","","Read_Norm_MPB,efuse_Read_Program","",""
"FF_Read_Mg1a","","1","","","","","","","","","","","","","","","","Read_Norm_MPB,efuse_Read_Program","",""
"FF_Read_Norm","","1","","","","","","","","","","","","","","","","Read_Norm_MPB,efuse_Read_Program","",""
"FF_Program_Mg1","","1","","","","","","","","","","","","","","","","Program_Mg1A_MPB,efuse_Read_Program","",""
"FF_Program_Mg1a","","1","","","","","","","","","","","","","","","","Program_Mg1A_MPB,efuse_Read_Program","",""
"","TIRepairRow","1","","0","0","0","0","24","25","25","","","","","","","","","",""
"","TIRepairRow","1","","0","1","0","1","24","25","25","","","","","","","","","",""
"","TIRepairRow","1","","0","2","0","2","24","25","25","","","","","","","","","",""
"","TIRepairRow","1","","0","3","0","3","24","25","25","","","","","","","","","",""
"","TIFuseChainAddr","1","","0","4","0","4","12","25","13","","2","","","","","","0b0000000001000","",""
"","TIFuseChainAddr","1","","0","5","0","5","12","25","13","","2","","","","","","0b0000100000100","",""
"","TIFuseChainAddr","1","","0","6","0","6","12","25","13","","2","","","","","","0b0001000000100","",""
"","TIFuseChainAddr","1","","0","7","0","7","12","25","13","","2","","","","","","0b0001110000100","",""
"","TIDieID","1","","0","8","0","13","2","25","128","","","","","","","","","",""
"","PADDING_DIEID","1","0","0","13","3","13","24","25","22","","","","","","","","","",""
"","SEC_DTYPE","1","0","0","14","0","14","7","25","8","","","","","","","","","",""
"","SECURE_RESERVED","1","0","0","14","8","15","24","25","42","","","","","","","","","",""
"","SECURE_JTAG_DISABLE","1","0","0","14","15","14","15","25","1","","","","","","","","","",""
"","SEC_KEK","1","0","0","16","0","26","5","25","256","","","","","","","","","",""
"","PADDING_KEK","1","0","0","26","6","26","24","25","19","","","","","","","","","",""
"","SEC_MPK","1","0","0","27","0","37","5","25","256","","","","","","","","","",""
"","PADDING_MPK","1","0","0","37","6","37","24","25","19","","","","","","","","","",""
"","SEC_CHKSUM_KEK","1","0","0","38","0","38","15","25","16","","","","","","","","","",""
"","SEC_CHKSUM_RESERVED","1","0","0","38","16","39","6","25","16","","","","","","","","","",""
"","SEC_CHKSUM_MPK","1","0","0","39","7","40","13","25","32","","","","","","","","","",""
"","SEC_ROMSIZE","1","0","0","40","14","40","19","25","6","","","","","","","","","",""
"","SEC_ROMOFFSET","1","0","0","40","20","40","23","25","4","","","","","","","","","",""
"","SEC_ARMOFFSET","1","0","0","40","24","41","2","25","4","","","","","","","","","",""
"","CH_OVERRIDE_EN","1","0","0","41","3","41","3","25","1","","","","","","","","","",""
"","CHK_ROM_DIS","1","0","0","41","4","41","4","25","1","","","","","","","","","",""
"","EF_RESERVED0_A","1","0","0","41","5","41","6","25","2","","","","","","","","","",""
"","DEVSPEED","1","0","0","41","7","41","18","25","12","","","","","","","","","",""
"","EF_RESERVED0_B","1","0","0","41","19","41","22","25","4","","","","","","","","","",""
"","ARMSPEED","1","0","0","41","23","42","9","25","12","","","","","","","","","",""
"","EF_SOFTWARE","1","0","0","42","10","43","16","25","32","","","","","","","","","",""
"","EF_TRIM","1","0","0","43","17","44","23","25","32","","","","","","","","","",""
"","EMACID_INFO","1","0","0","44","24","47","12","25","64","","","","","","","","","",""
"","SEC_CHKSUM0","1","0","0","47","13","48","19","25","32","","","","","","","","","",""
"","SEC_CHKSUM1","1","0","0","48","20","50","1","25","32","","","","","","","","","",""
"","EF_TDIODE","1","0","0","50","2","51","8","25","32","","","","","","","","","",""
"","EF_DFT_RD0","1","0","0","51","9","52","7","25","24","","","","","","","","","",""
"","EF_DFT_RD1","1","0","0","52","8","53","6","25","24","","","","","","","","","",""
"","EF_DFT_WR0","1","0","0","53","7","54","5","25","24","","","","","","","","","",""
"","EF_DFT_WR1","1","0","0","54","6","55","4","25","24","","","","","","","","","",""
"","EF_GEM_RTA_BC1","1","0","0","55","5","55","5","25","1","","","","","","","","","",""
"","EF_GEM_RTA_BC2","1","0","0","55","6","55","6","25","1","","","","","","","","","",""
"","EF_MSMC_RTA_BC1","1","0","0","55","7","55","7","25","1","","","","","","","","","",""
"","EF_MSMC_RTA_BC2","1","0","0","55","8","55","8","25","1","","","","","","","","","",""
"","EF_TETRIS_RTA_BC1","1","0","0","55","9","55","9","25","1","","","","","","","","","",""
"","EF_TETRIS_RTA_BC2","1","0","0","55","10","55","10","25","1","","","","","","","","","",""
"","EF_RF1_RTA_BC1","1","0","0","55","11","55","11","25","1","","","","","","","","","",""
"","EF_RF1_RTA_BC2","1","0","0","55","12","55","12","25","1","","","","","","","","","",""
"","EF_RF2_RTA_BC1","1","0","0","55","13","55","13","25","1","","","","","","","","","",""
"","EF_RF2_RTA_BC2","1","0","0","55","14","55","14","25","1","","","","","","","","","",""
"","EF_SPARE_RTA_BC","1","0","0","55","15","55","16","25","2","","","","","","","","","",""
"","SEC_CRYPTO","1","0","0","55","17","55","17","25","1","","","","","","","","","",""
"","EF_PSC_OVRIDE","1","0","0","55","18","55","18","25","1","","","","","","","","","",""
"","EF_PDC_RAMSLEEP","1","0","0","55","19","55","20","25","2","","","","","","","","","",""
"","FinalTempSensor","1","0","0","55","21","57","12","25","42","","","","","","","","","",""
"","TMON1_FUSEOFFSET","1","0","0","55","21","56","5","25","10","","","","","","","","","",""
"","TMON1_FUSECYC","1","0","0","56","6","56","16","25","11","","","","","","","","","",""
"","TMON0_FUSEOFFSET","1","0","0","56","17","57","1","25","10","","","","","","","","","",""
"","TMON0_FUSECYC","1","0","0","57","2","57","12","25","11","","","","","","","","","",""
"","TMON_THPT_CONFIG","1","0","0","57","13","58","23","25","36","","","","","","","","","",""
"","EF_1500_DISABLE","1","0","0","58","24","58","24","25","1","","","","","","","","","",""
"","ARM_SRCLASS0","1","0","0","59","0","60","6","25","32","","","","","","","","","",""
"","ARM_SRC3_SEN0_OPP0","1","0","0","60","7","61","13","25","32","","","","","","","","","",""
"","ARM_SRC3_SEN0_OPP1","1","0","0","61","14","62","20","25","32","","","","","","","","","",""
"","ARM_SRC3_SEN0_OPP2","1","0","0","62","21","64","2","25","32","","","","","","","","","",""
"","ARM_SRC3_SEN0_OPP3","1","0","0","64","3","65","9","25","32","","","","","","","","","",""
"","ARM_SRC3_SEN1_OPP0","1","0","0","65","10","66","16","25","32","","","","","","","","","",""
"","ARM_SRC3_SEN1_OPP1","1","0","0","66","17","67","23","25","32","","","","","","","","","",""
"","ARM_SRC3_SEN1_OPP2","1","0","0","67","24","69","5","25","32","","","","","","","","","",""
"","ARM_SRC3_SEN1_OPP3","1","0","0","69","6","70","12","25","32","","","","","","","","","",""
"","ARM_SRC3_SEN2_OPP0","1","0","0","70","13","71","19","25","32","","","","","","","","","",""
"","ARM_SRC3_SEN2_OPP1","1","0","0","71","20","73","1","25","32","","","","","","","","","",""
"","ARM_SRC3_SEN2_OPP2","1","0","0","73","2","74","8","25","32","","","","","","","","","",""
"","ARM_SRC3_SEN2_OPP3","1","0","0","74","9","75","15","25","32","","","","","","","","","",""
"","ARM_SRC3_SEN3_OPP0","1","0","0","75","16","76","22","25","32","","","","","","","","","",""
"","ARM_SRC3_SEN3_OPP1","1","0","0","76","23","78","4","25","32","","","","","","","","","",""
"","ARM_SRC3_SEN3_OPP2","1","0","0","78","5","79","11","25","32","","","","","","","","","",""
"","ARM_SRC3_SEN3_OPP3","1","0","0","79","12","80","18","25","32","","","","","","","","","",""
"","SOC_SRCLASS0","1","0","0","80","19","82","0","25","32","","","","","","","","","",""
"","SOC_SRC3_SEN0_OPP0","1","0","0","82","1","83","7","25","32","","","","","","","","","",""
"","SOC_SRC3_SEN0_OPP1","1","0","0","83","8","84","14","25","32","","","","","","","","","",""
"","SOC_SRC3_SEN0_OPP2","1","0","0","84","15","85","21","25","32","","","","","","","","","",""
"","SOC_SRC3_SEN0_OPP3","1","0","0","85","22","87","3","25","32","","","","","","","","","",""
"","SOC_SRC3_SEN1_OPP0","1","0","0","87","4","88","10","25","32","","","","","","","","","",""
"","SOC_SRC3_SEN1_OPP1","1","0","0","88","11","89","17","25","32","","","","","","","","","",""
"","SOC_SRC3_SEN1_OPP2","1","0","0","89","18","90","24","25","32","","","","","","","","","",""
"","SOC_SRC3_SEN1_OPP3","1","0","0","91","0","92","6","25","32","","","","","","","","","",""
"","SOC_SRC3_SEN2_OPP0","1","0","0","92","7","93","13","25","32","","","","","","","","","",""
"","SOC_SRC3_SEN2_OPP1","1","0","0","93","14","94","20","25","32","","","","","","","","","",""
"","SOC_SRC3_SEN2_OPP2","1","0","0","94","21","96","2","25","32","","","","","","","","","",""
"","SOC_SRC3_SEN2_OPP3","1","0","0","96","3","97","9","25","32","","","","","","","","","",""
"","SOC_SRC3_SEN3_OPP0","1","0","0","97","10","98","16","25","32","","","","","","","","","",""
"","SOC_SRC3_SEN3_OPP1","1","0","0","98","17","99","23","25","32","","","","","","","","","",""
"","SOC_SRC3_SEN3_OPP2","1","0","0","99","24","101","5","25","32","","","","","","","","","",""
"","SOC_SRC3_SEN3_OPP3","1","0","0","101","6","102","12","25","32","","","","","","","","","",""
"","EF_DEVFEATURE","1","0","0","102","13","103","22","25","35","","","","","","","","","",""
"","EF_FORCE_ON_ALLPD","1","0","0","102","13","102","13","25","1","","","","","","","","","",""
"","EF_FORCE_EN_ALLMD","1","0","0","102","14","102","14","25","1","","","","","","","","","",""
"","EF_DISABLE_USB","1","0","0","102","15","102","15","25","1","","","","","","","","","",""
"","EF_RESERVED_1","1","0","0","102","16","102","17","25","2","","","","","","","","","",""
"","EF_DISABLE_GEMCORE0","1","0","0","102","18","102","18","25","1","","","","","","","","","",""
"","EF_DISABLE_GEMCORE1","1","0","0","102","19","102","19","25","1","","","","","","","","","",""
"","EF_DISABLE_GEMCORE2","1","0","0","102","20","102","20","25","1","","","","","","","","","",""
"","EF_DISABLE_GEMCORE3","1","0","0","102","21","102","21","25","1","","","","","","","","","",""
"","EF_RESERVED_2","1","0","0","102","22","103","0","25","4","","","","","","","","","",""
"","EF_DISABLE_DDR3A","1","0","0","103","1","103","1","25","1","","","","","","","","","",""
"","EF_RESERVED_3","1","0","0","103","2","103","2","25","1","","","","","","","","","",""
"","EF_DISABLE_TAC_RAC","1","0","0","103","3","103","3","25","1","","","","","","","","","",""
"","EF_DISABLE_DFE_DDUC","1","0","0","103","4","103","4","25","1","","","","","","","","","",""
"","EF_DISABLE_FFTC_A","1","0","0","103","5","103","5","25","1","","","","","","","","","",""
"","EF_RESERVED_4","1","0","0","103","6","103","8","25","3","","","","","","","","","",""
"","EF_DISABLE_TCP3","1","0","0","103","9","103","10","25","2","","","","","","","","","",""
"","EF_DISABLE_VCP","1","0","0","103","11","103","11","25","1","","","","","","","","","",""
"","EF_RESERVED_5","1","0","0","103","12","103","12","25","1","","","","","","","","","",""
"","EF_DISABLE_BCP","1","0","0","103","13","103","13","25","1","","","","","","","","","",""
"","EF_DISABLE_DFE_DPD","1","0","0","103","14","103","14","25","1","","","","","","","","","",""
"","EF_DISABLE_FFTC_B","1","0","0","103","15","103","15","25","1","","","","","","","","","",""
"","EF_DISABLE_CPRI","1","0","0","103","16","103","16","25","1","","","","","","","","","",""
"","EF_RESERVED_6","1","0","0","103","17","103","17","25","1","","","","","","","","","",""
"","EF_DISABLE_TETRIS","1","0","0","103","18","103","18","25","1","","","","","","","","","",""
"","EF_DISABLE_ARMCORE0","1","0","0","103","19","103","19","25","1","","","","","","","","","",""
"","EF_DISABLE_ARMCORE1","1","0","0","103","20","103","20","25","1","","","","","","","","","",""
"","EF_RESERVED_7","1","0","0","103","21","103","22","25","2","","","","","","","","","",""
"","PBIST","1","0","0","103","23","104","15","25","18","1012","","","","","","","","",""
"","PBIST","1","0","0","104","16","105","8","25","18","1068","","","","","","","","",""
"","PBIST","1","0","0","105","9","106","1","25","18","1016","","","","","","","","",""
"","PBIST","1","0","0","106","2","106","19","25","18","1030","","","","","","","","",""
"","PBIST","1","0","0","106","20","107","12","25","18","1147","","","","","","","","",""
"","PBIST","1","0","0","107","13","110","9","25","72","356","","","","","","","","",""
"","PBIST","1","0","0","110","10","113","6","25","72","355","","","","","","","","",""
"","PBIST","1","0","0","113","7","116","3","25","72","368","","","","","","","","",""
"","PBIST","1","0","0","116","4","119","0","25","72","367","","","","","","","","",""
"","PBIST","1","0","0","119","1","121","22","25","72","1517","","","","","","","","",""
"","PBIST","1","0","0","121","23","124","19","25","72","1516","","","","","","","","",""
"","PBIST","1","0","0","124","20","127","16","25","72","1529","","","","","","","","",""
"","PBIST","1","0","0","127","17","127","24","25","72","1528","","","","","","","","",""
"","TIRepairRow","1","","1","0","0","0","24","25","25","","","","","","","","","",""
"","TIRepairRow","1","","1","1","0","1","24","25","25","","","","","","","","","",""
"","TIRepairRow","1","","1","2","0","2","24","25","25","","","","","","","","","",""
"","TIRepairRow","1","","1","3","0","3","24","25","25","","","","","","","","","",""
"","PBIST","1","0","1","4","0","6","13","25","72","1528","","","","","","","","",""
"","PBIST","1","0","1","6","14","7","6","25","18","866","","","","","","","","",""
"","PBIST","1","0","1","7","7","7","24","25","18","871","","","","","","","","",""
"","PBIST","1","0","1","8","0","8","17","25","18","767","","","","","","","","",""
"","PBIST","1","0","1","8","18","9","10","25","18","780","","","","","","","","",""
"","PBIST","1","0","1","9","11","10","3","25","18","824","","","","","","","","",""
"","PBIST","1","0","1","10","4","10","21","25","18","868","","","","","","","","",""
"","PBIST","1","0","1","10","22","11","14","25","18","829","","","","","","","","",""
"","PBIST","1","0","1","11","15","12","7","25","18","734","","","","","","","","",""
"","PBIST","1","0","1","12","8","13","0","25","18","858","","","","","","","","",""
"","PBIST","1","0","1","13","1","13","18","25","18","839","","","","","","","","",""
"","PBIST","1","0","1","13","19","14","11","25","18","862","","","","","","","","",""
"","PBIST","1","0","1","14","12","15","4","25","18","733","","","","","","","","",""
"","PBIST","1","0","1","15","5","15","22","25","18","772","","","","","","","","",""
"","PBIST","1","0","1","15","23","16","15","25","18","779","","","","","","","","",""
"","PBIST","1","0","1","16","16","17","8","25","18","838","","","","","","","","",""
"","PBIST","1","0","1","17","9","18","1","25","18","773","","","","","","","","",""
"","PBIST","1","0","1","18","2","18","19","25","18","795","","","","","","","","",""
"","PBIST","1","0","1","18","20","19","12","25","18","718","","","","","","","","",""
"","PBIST","1","0","1","19","13","20","5","25","18","791","","","","","","","","",""
"","PBIST","1","0","1","20","6","20","23","25","18","724","","","","","","","","",""
"","PBIST","1","0","1","20","24","21","16","25","18","816","","","","","","","","",""
"","PBIST","1","0","1","21","17","22","9","25","18","735","","","","","","","","",""
"","PBIST","1","0","1","22","10","23","2","25","18","797","","","","","","","","",""
"","PBIST","1","0","1","23","3","23","20","25","18","737","","","","","","","","",""
"","PBIST","1","0","1","23","21","24","13","25","18","790","","","","","","","","",""
"","PBIST","1","0","1","24","14","25","6","25","18","763","","","","","","","","",""
"","PBIST","1","0","1","25","7","25","24","25","18","828","","","","","","","","",""
"","PBIST","1","0","1","26","0","26","17","25","18","800","","","","","","","","",""
"","PBIST","1","0","1","26","18","27","10","25","18","851","","","","","","","","",""
"","PBIST","1","0","1","27","11","28","3","25","18","808","","","","","","","","",""
"","PBIST","1","0","1","28","4","28","21","25","18","821","","","","","","","","",""
"","PBIST","1","0","1","28","22","29","14","25","18","748","","","","","","","","",""
"","PBIST","1","0","1","29","15","30","7","25","18","722","","","","","","","","",""
"","PBIST","1","0","1","30","8","31","0","25","18","719","","","","","","","","",""
"","PBIST","1","0","1","31","1","31","18","25","18","753","","","","","","","","",""
"","PBIST","1","0","1","31","19","32","11","25","18","747","","","","","","","","",""
"","PBIST","1","0","1","32","12","33","4","25","18","834","","","","","","","","",""
"","PBIST","1","0","1","33","5","33","22","25","18","819","","","","","","","","",""
"","PBIST","1","0","1","33","23","34","15","25","18","752","","","","","","","","",""
"","PBIST","1","0","1","34","16","35","8","25","18","842","","","","","","","","",""
"","PBIST","1","0","1","35","9","36","1","25","18","742","","","","","","","","",""
"","PBIST","1","0","1","36","2","36","19","25","18","760","","","","","","","","",""
"","PBIST","1","0","1","36","20","37","12","25","18","827","","","","","","","","",""
"","PBIST","1","0","1","37","13","38","5","25","18","787","","","","","","","","",""
"","PBIST","1","0","1","38","6","38","23","25","18","801","","","","","","","","",""
"","PBIST","1","0","1","38","24","39","16","25","18","749","","","","","","","","",""
"","PBIST","1","0","1","39","17","40","9","25","18","769","","","","","","","","",""
"","PBIST","1","0","1","40","10","41","2","25","18","875","","","","","","","","",""
"","PBIST","1","0","1","41","3","41","20","25","18","859","","","","","","","","",""
"","PBIST","1","0","1","41","21","42","13","25","18","815","","","","","","","","",""
"","PBIST","1","0","1","42","14","43","6","25","18","770","","","","","","","","",""
"","PBIST","1","0","1","43","7","43","24","25","18","736","","","","","","","","",""
"","PBIST","1","0","1","44","0","44","17","25","18","788","","","","","","","","",""
"","PBIST","1","0","1","44","18","45","10","25","18","778","","","","","","","","",""
"","PBIST","1","0","1","45","11","46","3","25","18","727","","","","","","","","",""
"","PBIST","1","0","1","46","4","46","21","25","18","833","","","","","","","","",""
"","PBIST","1","0","1","46","22","47","14","25","18","822","","","","","","","","",""
"","PBIST","1","0","1","47","15","48","7","25","18","741","","","","","","","","",""
"","PBIST","1","0","1","48","8","49","0","25","18","832","","","","","","","","",""
"","PBIST","1","0","1","49","1","49","18","25","18","872","","","","","","","","",""
"","PBIST","1","0","1","49","19","50","11","25","18","854","","","","","","","","",""
"","PBIST","1","0","1","50","12","51","4","25","18","744","","","","","","","","",""
"","PBIST","1","0","1","51","5","51","22","25","18","756","","","","","","","","",""
"","PBIST","1","0","1","51","23","52","15","25","18","720","","","","","","","","",""
"","PBIST","1","0","1","52","16","53","8","25","18","771","","","","","","","","",""
"","PBIST","1","0","1","53","9","54","1","25","18","796","","","","","","","","",""
"","PBIST","1","0","1","54","2","54","19","25","18","809","","","","","","","","",""
"","PBIST","1","0","1","54","20","55","12","25","18","820","","","","","","","","",""
"","PBIST","1","0","1","55","13","56","5","25","18","798","","","","","","","","",""
"","PBIST","1","0","1","56","6","56","23","25","18","761","","","","","","","","",""
"","PBIST","1","0","1","56","24","57","16","25","18","782","","","","","","","","",""
"","PBIST","1","0","1","57","17","58","9","25","18","848","","","","","","","","",""
"","PBIST","1","0","1","58","10","59","2","25","18","823","","","","","","","","",""
"","PBIST","1","0","1","59","3","59","20","25","18","830","","","","","","","","",""
"","PBIST","1","0","1","59","21","60","13","25","18","775","","","","","","","","",""
"","PBIST","1","0","1","60","14","61","6","25","18","728","","","","","","","","",""
"","PBIST","1","0","1","61","7","61","24","25","18","805","","","","","","","","",""
"","PBIST","1","0","1","62","0","62","17","25","18","793","","","","","","","","",""
"","PBIST","1","0","1","62","18","63","10","25","18","754","","","","","","","","",""
"","PBIST","1","0","1","63","11","64","3","25","18","803","","","","","","","","",""
"","PBIST","1","0","1","64","4","64","21","25","18","852","","","","","","","","",""
"","PBIST","1","0","1","64","22","65","14","25","18","988","","","","","","","","",""
"","PBIST","1","0","1","65","15","66","7","25","18","924","","","","","","","","",""
"","PBIST","1","0","1","66","8","67","0","25","18","993","","","","","","","","",""
"","PBIST","1","0","1","67","1","67","18","25","18","1215","","","","","","","","",""
"","PBIST","1","0","1","67","19","68","11","25","18","1132","","","","","","","","",""
"","PBIST","1","0","1","68","12","69","4","25","18","1204","","","","","","","","",""
"","PBIST","1","0","1","69","5","69","22","25","18","1103","","","","","","","","",""
"","PBIST","1","0","1","69","23","70","15","25","18","1246","","","","","","","","",""
"","PBIST","1","0","1","70","16","71","8","25","18","976","","","","","","","","",""
"","PBIST","1","0","1","71","9","72","1","25","18","1190","","","","","","","","",""
"","PBIST","1","0","1","72","2","72","19","25","18","1153","","","","","","","","",""
"","PBIST","1","0","1","72","20","73","12","25","18","1070","","","","","","","","",""
"","PBIST","1","0","1","73","13","74","5","25","18","915","","","","","","","","",""
"","PBIST","1","0","1","74","6","74","23","25","18","1165","","","","","","","","",""
"","PBIST","1","0","1","74","24","75","16","25","18","1044","","","","","","","","",""
"","PBIST","1","0","1","75","17","76","9","25","18","1086","","","","","","","","",""
"","PBIST","1","0","1","76","10","77","2","25","18","980","","","","","","","","",""
"","PBIST","1","0","1","77","3","77","20","25","18","943","","","","","","","","",""
"","PBIST","1","0","1","77","21","78","13","25","18","1239","","","","","","","","",""
"","PBIST","1","0","1","78","14","79","6","25","18","1199","","","","","","","","",""
"","PBIST","1","0","1","79","7","79","24","25","18","983","","","","","","","","",""
"","PBIST","1","0","1","80","0","80","17","25","18","1194","","","","","","","","",""
"","PBIST","1","0","1","80","18","81","10","25","18","1107","","","","","","","","",""
"","PBIST","1","0","1","81","11","82","3","25","18","903","","","","","","","","",""
"","PBIST","1","0","1","82","4","82","21","25","18","1149","","","","","","","","",""
"","PBIST","1","0","1","82","22","83","14","25","18","1053","","","","","","","","",""
"","PBIST","1","0","1","83","15","84","7","25","18","979","","","","","","","","",""
"","PBIST","1","0","1","84","8","85","0","25","18","1222","","","","","","","","",""
"","PBIST","1","0","1","85","1","85","18","25","18","1168","","","","","","","","",""
"","PBIST","1","0","1","85","19","86","11","25","18","1207","","","","","","","","",""
"","PBIST","1","0","1","86","12","87","4","25","18","975","","","","","","","","",""
"","PBIST","1","0","1","87","5","87","22","25","18","1205","","","","","","","","",""
"","PBIST","1","0","1","87","23","88","15","25","18","972","","","","","","","","",""
"","PBIST","1","0","1","88","16","89","8","25","18","886","","","","","","","","",""
"","PBIST","1","0","1","89","9","90","1","25","18","1255","","","","","","","","",""
"","PBIST","1","0","1","90","2","90","19","25","18","1229","","","","","","","","",""
"","PBIST","1","0","1","90","20","91","12","25","18","1062","","","","","","","","",""
"","PBIST","1","0","1","91","13","92","5","25","18","918","","","","","","","","",""
"","PBIST","1","0","1","92","6","92","23","25","18","1035","","","","","","","","",""
"","PBIST","1","0","1","92","24","93","16","25","18","910","","","","","","","","",""
"","PBIST","1","0","1","93","17","94","9","25","18","1197","","","","","","","","",""
"","PBIST","1","0","1","94","10","95","2","25","18","963","","","","","","","","",""
"","PBIST","1","0","1","95","3","95","20","25","18","1041","","","","","","","","",""
"","PBIST","1","0","1","95","21","96","13","25","18","1235","","","","","","","","",""
"","PBIST","1","0","1","96","14","97","6","25","18","877","","","","","","","","",""
"","SCRATCH_REESERVED0","1","0","1","97","7","105","24","25","218","","","","","","","","","",""
"","MP_NMOS_Storage","1","0","1","106","0","106","15","25","16","","","","","","","","","",""
"","MP_PMOS_Storage","1","0","1","106","16","107","6","25","16","","","","","","","","","",""
"","MP_VDD_JB_IDDQ_Storage","1","0","1","107","7","107","22","25","16","","","","","","","","","",""
"","MP_ARR_JB_IDDQ_Storage","1","0","1","107","23","108","13","25","16","","","","","","","","","",""
"","MP_Arr_JB_IDDQ_Storage","1","0","1","107","23","108","13","25","16","","","","","","","","","",""
"","MP_TD_JB_Storage","1","0","1","108","14","108","21","25","8","","","","","","","","","",""
"","MP_VDD_NB_IDDQ_Storage","1","0","1","108","22","109","12","25","16","","","","","","","","","",""
"","MP_ARR_NB_IDDQ_Storage","1","0","1","109","13","110","3","25","16","","","","","","","","","",""
"","MP_Arr_NB_IDDQ_Storage","1","0","1","109","13","110","3","25","16","","","","","","","","","",""
"","MP_TD_NB_Storage","1","0","1","110","4","110","11","25","8","","","","","","","","","",""
"","MP_SAMPLINGSEARCH","1","0","1","110","12","110","13","25","2","","","","","","","","","",""
"","MP_TFT_FMAX","1","0","1","110","14","111","0","25","12","","","","","","","","","",""
"","MP_SRVID","1","0","1","111","1","111","6","25","6","","","","","","","","","",""
"","MP_DEVSPEED_BITS","1","0","1","111","7","111","12","25","6","","","","","","","","","",""
"","MP_ARMSPEED_BITS","1","0","1","111","13","111","18","25","6","","","","","","","","","",""
"","MP_SPARE0","1","0","1","111","19","111","24","25","6","","","","","","","","","",""
"","FT1_SPEED_COUNT","1","0","1","112","0","112","4","25","5","","","","","","","","","",""
"","FT1_SRVID_1","1","0","1","112","5","112","10","25","6","","","","","","","","","",""
"","FT1_SPEED_1","1","0","1","112","11","112","16","25","6","","","","","","","","","",""
"","FT1_SRVID_2","1","0","1","112","17","112","22","25","6","","","","","","","","","",""
"","FT1_SPEED_2","1","0","1","112","23","113","3","25","6","","","","","","","","","",""
"","FT1_SRVID_3","1","0","1","113","4","113","9","25","6","","","","","","","","","",""
"","FT1_SPEED_3","1","0","1","113","10","113","15","25","6","","","","","","","","","",""
"","FT1_SRVID_4","1","0","1","113","16","113","21","25","6","","","","","","","","","",""
"","FT1_SPEED_4","1","0","1","113","22","114","2","25","6","","","","","","","","","",""
"","FT1_SRVID_5","1","0","1","114","3","114","8","25","6","","","","","","","","","",""
"","FT1_SPEED_5","1","0","1","114","9","114","14","25","6","","","","","","","","","",""
"","PBI_SPEED_COUNT","1","0","1","114","15","114","19","25","5","","","","","","","","","",""
"","PBI_SRVID_1","1","0","1","114","20","115","0","25","6","","","","","","","","","",""
"","PBI_SPEED_1","1","0","1","115","1","115","6","25","6","","","","","","","","","",""
"","PBI_SRVID_2","1","0","1","115","7","115","12","25","6","","","","","","","","","",""
"","PBI_SPEED_2","1","0","1","115","13","115","18","25","6","","","","","","","","","",""
"","PBI_SRVID_3","1","0","1","115","19","115","24","25","6","","","","","","","","","",""
"","PBI_SPEED_3","1","0","1","116","0","116","5","25","6","","","","","","","","","",""
"","PBI_SRVID_4","1","0","1","116","6","116","11","25","6","","","","","","","","","",""
"","PBI_SPEED_4","1","0","1","116","12","116","17","25","6","","","","","","","","","",""
"","PBI_SRVID_5","1","0","1","116","18","116","23","25","6","","","","","","","","","",""
"","PBI_SPEED_5","1","0","1","116","24","117","4","25","6","","","","","","","","","",""
"","PBICT_SPEED_COUNT","1","0","1","117","5","117","9","25","5","","","","","","","","","",""
"","PBICT_SRVID_1","1","0","1","117","10","117","15","25","6","","","","","","","","","",""
"","PBICT_SPEED_1","1","0","1","117","16","117","21","25","6","","","","","","","","","",""
"","PBICT_SRVID_2","1","0","1","117","22","118","2","25","6","","","","","","","","","",""
"","PBICT_SPEED_2","1","0","1","118","3","118","8","25","6","","","","","","","","","",""
"","PBICT_SRVID_3","1","0","1","118","9","118","14","25","6","","","","","","","","","",""
"","PBICT_SPEED_3","1","0","1","118","15","118","20","25","6","","","","","","","","","",""
"","PBICT_SRVID_4","1","0","1","118","21","119","1","25","6","","","","","","","","","",""
"","PBICT_SPEED_4","1","0","1","119","2","119","7","25","6","","","","","","","","","",""
"","PBICT_SRVID_5","1","0","1","119","8","119","13","25","6","","","","","","","","","",""
"","PBICT_SPEED_5","1","0","1","119","14","119","19","25","6","","","","","","","","","",""
"","FT1_VSR_SENSENP","1","0","1","120","0","125","24","25","150","","","","","","","","","",""
"","FT_SPARE0","1","0","1","126","0","127","24","25","50","","","","","","","","","",""
"","TIRepairRow","1","","2","0","0","0","24","25","25","","","","","","","","","",""
"","TIRepairRow","1","","2","1","0","1","24","25","25","","","","","","","","","",""
"","TIRepairRow","1","","2","2","0","2","24","25","25","","","","","","","","","",""
"","TIRepairRow","1","","2","3","0","3","24","25","25","","","","","","","","","",""
"","PBIST","1","8","2","4","0","4","17","25","18","1349","","","","","","","","",""
"","PBIST","1","8","2","4","18","5","10","25","18","1272","","","","","","","","",""
"","PBIST","1","8","2","5","11","6","3","25","18","1316","","","","","","","","",""
"","PBIST","1","8","2","6","4","6","21","25","18","1289","","","","","","","","",""
"","PBIST","1","8","2","6","22","7","14","25","18","1369","","","","","","","","",""
"","PBIST","1","8","2","7","15","8","7","25","18","1383","","","","","","","","",""
"","PBIST","1","8","2","8","8","9","0","25","18","1360","","","","","","","","",""
"","PBIST","1","8","2","9","1","9","18","25","18","1304","","","","","","","","",""
"","PBIST","1","8","2","9","19","10","11","25","18","1344","","","","","","","","",""
"","PBIST","1","8","2","10","12","11","4","25","18","1283","","","","","","","","",""
"","PBIST","1","8","2","11","5","11","22","25","18","1297","","","","","","","","",""
"","PBIST","1","8","2","11","23","12","15","25","18","1448","","","","","","","","",""
"","PBIST","1","8","2","12","16","13","8","25","18","1336","","","","","","","","",""
"","PBIST","1","8","2","13","9","14","1","25","18","1437","","","","","","","","",""
"","PBIST","1","8","2","14","2","14","19","25","18","1451","","","","","","","","",""
"","PBIST","1","8","2","14","20","15","12","25","18","1321","","","","","","","","",""
"","PBIST","1","8","2","15","13","16","5","25","18","1352","","","","","","","","",""
"","PBIST","1","8","2","16","6","16","23","25","18","1355","","","","","","","","",""
"","PBIST","1","8","2","16","24","17","16","25","18","1334","","","","","","","","",""
"","PBIST","1","8","2","17","17","18","9","25","18","1377","","","","","","","","",""
"","PBIST","1","8","2","18","10","19","2","25","18","1276","","","","","","","","",""
"","PBIST","1","8","2","19","3","19","20","25","18","1327","","","","","","","","",""
"","PBIST","1","8","2","19","21","20","13","25","18","1408","","","","","","","","",""
"","PBIST","1","8","2","20","14","21","6","25","18","1453","","","","","","","","",""
"","PBIST","1","8","2","21","7","21","24","25","18","1439","","","","","","","","",""
"","PBIST","1","8","2","22","0","22","17","25","18","1372","","","","","","","","",""
"","PBIST","1","8","2","22","18","23","10","25","18","1456","","","","","","","","",""
"","PBIST","1","8","2","23","11","24","3","25","18","1384","","","","","","","","",""
"","PBIST","1","8","2","24","4","24","21","25","18","1303","","","","","","","","",""
"","PBIST","1","8","2","24","22","25","14","25","18","1312","","","","","","","","",""
"","PBIST","1","8","2","25","15","26","7","25","18","62","","","","","","","","",""
"","PBIST","1","8","2","26","8","27","0","25","18","157","","","","","","","","",""
"","PBIST","1","8","2","27","1","27","18","25","18","277","","","","","","","","",""
"","PBIST","1","8","2","27","19","28","11","25","18","266","","","","","","","","",""
"","PBIST","1","8","2","28","12","29","4","25","18","308","","","","","","","","",""
"","PBIST","1","8","2","29","5","29","22","25","18","53","","","","","","","","",""
"","PBIST","1","8","2","29","23","30","15","25","18","339","","","","","","","","",""
"","PBIST","1","8","2","30","16","31","8","25","18","121","","","","","","","","",""
"","PBIST","1","8","2","31","9","32","1","25","18","200","","","","","","","","",""
"","PBIST","1","8","2","32","2","32","19","25","18","324","","","","","","","","",""
"","PBIST","1","8","2","32","20","33","12","25","18","46","","","","","","","","",""
"","PBIST","1","8","2","33","13","34","5","25","18","93","","","","","","","","",""
"","PBIST","1","8","2","34","6","34","23","25","18","322","","","","","","","","",""
"","PBIST","1","8","2","34","24","35","16","25","18","10","","","","","","","","",""
"","PBIST","1","8","2","35","17","36","9","25","18","312","","","","","","","","",""
"","PBIST","1","8","2","36","10","37","2","25","18","341","","","","","","","","",""
"","PBIST","1","8","2","37","3","37","20","25","18","198","","","","","","","","",""
"","PBIST","1","8","2","37","21","38","13","25","18","117","","","","","","","","",""
"","PBIST","1","8","2","38","14","39","6","25","18","118","","","","","","","","",""
"","PBIST","1","8","2","39","7","39","24","25","18","166","","","","","","","","",""
"","PBIST","1","8","2","40","0","40","17","25","18","205","","","","","","","","",""
"","PBIST","1","8","2","40","18","41","10","25","18","74","","","","","","","","",""
"","PBIST","1","8","2","41","11","42","3","25","18","195","","","","","","","","",""
"","PBIST","1","8","2","42","4","42","21","25","18","258","","","","","","","","",""
"","PBIST","1","8","2","42","22","43","14","25","18","152","","","","","","","","",""
"","PBIST","1","8","2","43","15","44","7","25","18","87","","","","","","","","",""
"","PBIST","1","8","2","44","8","45","0","25","18","183","","","","","","","","",""
"","PBIST","1","8","2","45","1","45","18","25","18","52","","","","","","","","",""
"","PBIST","1","8","2","45","19","46","11","25","18","199","","","","","","","","",""
"","PBIST","1","8","2","46","12","47","4","25","18","207","","","","","","","","",""
"","PBIST","1","8","2","47","5","47","22","25","18","248","","","","","","","","",""
"","PBIST","1","8","2","47","23","48","15","25","18","260","","","","","","","","",""
"","PBIST","1","8","2","48","16","49","8","25","18","73","","","","","","","","",""
"","PBIST","1","8","2","49","9","50","1","25","18","298","","","","","","","","",""
"","PBIST","1","8","2","50","2","50","19","25","18","241","","","","","","","","",""
"","PBIST","1","8","2","50","20","51","12","25","18","167","","","","","","","","",""
"","PBIST","1","8","2","51","13","52","5","25","18","191","","","","","","","","",""
"","PBIST","1","8","2","52","6","52","23","25","18","283","","","","","","","","",""
"","PBIST","1","8","2","52","24","53","16","25","18","37","","","","","","","","",""
"","PBIST","1","8","2","53","17","54","9","25","18","323","","","","","","","","",""
"","PBIST","1","8","2","54","10","55","2","25","18","235","","","","","","","","",""
"","PBIST","1","8","2","55","3","55","20","25","18","230","","","","","","","","",""
"","PBIST","1","8","2","55","21","56","13","25","18","210","","","","","","","","",""
"","PBIST","1","8","2","56","14","57","6","25","18","51","","","","","","","","",""
"","PBIST","1","8","2","57","7","57","24","25","18","143","","","","","","","","",""
"","PBIST","1","8","2","58","0","58","17","25","18","128","","","","","","","","",""
"","PBIST","1","8","2","58","18","59","10","25","18","1","","","","","","","","",""
"","PBIST","1","8","2","59","11","60","3","25","18","63","","","","","","","","",""
"","PBIST","1","8","2","60","4","60","21","25","18","141","","","","","","","","",""
"","PBIST","1","8","2","60","22","61","14","25","18","147","","","","","","","","",""
"","PBIST","1","8","2","61","15","62","7","25","18","262","","","","","","","","",""
"","PBIST","1","8","2","62","8","63","0","25","18","15","","","","","","","","",""
"","PBIST","1","8","2","63","1","63","18","25","18","26","","","","","","","","",""
"","PBIST","1","8","2","63","19","64","11","25","18","286","","","","","","","","",""
"","PBIST","1","8","2","64","12","65","4","25","18","284","","","","","","","","",""
"","PBIST","1","8","2","65","5","65","22","25","18","173","","","","","","","","",""
"","PBIST","1","8","2","65","23","66","15","25","18","239","","","","","","","","",""
"","PBIST","1","8","2","66","16","67","8","25","18","168","","","","","","","","",""
"","PBIST","1","8","2","67","9","68","1","25","18","35","","","","","","","","",""
"","PBIST","1","8","2","68","2","68","19","25","18","59","","","","","","","","",""
"","PBIST","1","8","2","68","20","69","12","25","18","1330","","","","","","","","",""
"","PBIST","1","8","2","69","13","70","5","25","18","1421","","","","","","","","",""
"","PBIST","1","8","2","70","6","70","23","25","18","1395","","","","","","","","",""
"","PBIST","1","8","2","70","24","71","16","25","18","1329","","","","","","","","",""
"","PBIST","1","8","2","71","17","72","9","25","18","1275","","","","","","","","",""
"","PBIST","1","8","2","72","10","73","2","25","18","1450","","","","","","","","",""
"","PBIST","1","8","2","73","3","73","20","25","18","1378","","","","","","","","",""
"","PBIST","1","8","2","73","21","74","13","25","18","1323","","","","","","","","",""
"","PBIST","1","8","2","74","14","75","6","25","18","1308","","","","","","","","",""
"","PBIST","1","8","2","75","7","75","24","25","18","1281","","","","","","","","",""
"","PBIST","1","8","2","76","0","76","17","25","18","1343","","","","","","","","",""
"","PBIST","1","8","2","76","18","77","10","25","18","1443","","","","","","","","",""
"","PBIST","1","8","2","77","11","78","3","25","18","1263","","","","","","","","",""
"","PBIST","1","8","2","78","4","78","21","25","18","1410","","","","","","","","",""
"","PBIST","1","8","2","78","22","79","14","25","18","1331","","","","","","","","",""
"","PBIST","1","8","2","79","15","80","7","25","18","1413","","","","","","","","",""
"","PBIST","1","8","2","80","8","81","0","25","18","1358","","","","","","","","",""
"","PBIST","1","8","2","81","1","81","18","25","18","1440","","","","","","","","",""
"","PBIST","1","8","2","81","19","82","11","25","18","1328","","","","","","","","",""
"","PBIST","1","8","2","82","12","83","4","25","18","1431","","","","","","","","",""
"","PBIST","1","8","2","83","5","83","22","25","18","1340","","","","","","","","",""
"","PBIST","1","8","2","83","23","84","15","25","18","1284","","","","","","","","",""
"","PBIST","1","8","2","84","16","85","8","25","18","1430","","","","","","","","",""
"","PBIST","1","8","2","85","9","86","1","25","18","1442","","","","","","","","",""
"","PBIST","1","8","2","86","2","86","19","25","18","1379","","","","","","","","",""
"","PBIST","1","8","2","86","20","87","12","25","18","1385","","","","","","","","",""
"","PBIST","1","8","2","87","13","88","5","25","18","1333","","","","","","","","",""
"","PBIST","1","8","2","88","6","88","23","25","18","1282","","","","","","","","",""
"","PBIST","1","8","2","88","24","89","16","25","18","1418","","","","","","","","",""
"","PBIST","1","8","2","89","17","90","9","25","18","1367","","","","","","","","",""
"","PBIST","1","8","2","90","10","91","2","25","18","1319","","","","","","","","",""
"","PBIST","1","8","2","91","3","91","20","25","18","1426","","","","","","","","",""
"","PBIST","1","8","2","91","21","92","13","25","18","1952","","","","","","","","",""
"","PBIST","1","8","2","92","14","93","6","25","18","1944","","","","","","","","",""
"","PBIST","1","8","2","93","7","93","24","25","18","1975","","","","","","","","",""
"","PBIST","1","8","2","94","0","94","17","25","18","1941","","","","","","","","",""
"","PBIST","1","8","2","94","18","95","10","25","18","1948","","","","","","","","",""
"","PBIST","1","8","2","95","11","96","3","25","18","1965","","","","","","","","",""
"","PBIST","1","8","2","96","4","96","21","25","18","1980","","","","","","","","",""
"","PBIST","1","8","2","96","22","97","14","25","18","1991","","","","","","","","",""
"","PBIST","1","8","2","97","15","98","7","25","18","1945","","","","","","","","",""
"","PBIST","1","8","2","98","8","99","0","25","18","1940","","","","","","","","",""
"","PBIST","1","8","2","99","1","99","18","25","18","1946","","","","","","","","",""
"","PBIST","1","8","2","99","19","100","11","25","18","1949","","","","","","","","",""
"","PBIST","1","8","2","100","12","101","4","25","18","1956","","","","","","","","",""
"","PBIST","1","8","2","101","5","101","22","25","18","1995","","","","","","","","",""
"","PBIST","1","8","2","101","23","102","15","25","18","1936","","","","","","","","",""
"","PBIST","1","8","2","102","16","103","8","25","18","1977","","","","","","","","",""
"","PBIST","1","8","2","103","9","104","1","25","18","1962","","","","","","","","",""
"","PBIST","1","8","2","104","2","104","19","25","18","1964","","","","","","","","",""
"","PBIST","1","8","2","104","20","105","12","25","18","1976","","","","","","","","",""
"","PBIST","1","8","2","105","13","106","5","25","18","1960","","","","","","","","",""
"","PBIST","1","8","2","106","6","106","23","25","18","1934","","","","","","","","",""
"","PBIST","1","8","2","106","24","107","16","25","18","1958","","","","","","","","",""
"","PBIST","1","8","2","107","17","108","9","25","18","1972","","","","","","","","",""
"","PBIST","1","8","2","108","10","109","2","25","18","1947","","","","","","","","",""
"","PBIST","1","8","2","109","3","109","20","25","18","1971","","","","","","","","",""
"","PBIST","1","8","2","109","21","110","13","25","18","1942","","","","","","","","",""
"","PBIST","1","8","2","110","14","111","6","25","18","1954","","","","","","","","",""
"","PBIST","1","8","2","111","7","111","24","25","18","1983","","","","","","","","",""
"","PBIST","1","8","2","112","0","112","17","25","18","1986","","","","","","","","",""
"","PBIST","1","8","2","112","18","113","10","25","18","1957","","","","","","","","",""
"","PBIST","1","8","2","113","11","114","3","25","18","1933","","","","","","","","",""
"","PBIST","1","8","2","114","4","114","21","25","18","1932","","","","","","","","",""
"","PBIST","1","8","2","114","22","115","14","25","18","1969","","","","","","","","",""
"","PBIST","1","8","2","115","15","116","7","25","18","1939","","","","","","","","",""
"","PBIST","1","8","2","116","8","119","4","25","72","1990","","","","","","","","",""
"","PBIST","1","8","2","119","5","122","1","25","72","1937","","","","","","","","",""
"","PBIST","1","8","2","122","2","124","23","25","72","1984","","","","","","","","",""
"","PBIST","1","8","2","124","24","127","20","25","72","1993","","","","","","","","",""
"","PBIST","1","8","2","127","21","127","24","25","72","1966","","","","","","","","",""
"","TIRepairRow","1","","3","0","0","0","24","25","25","","","","","","","","","",""
"","TIRepairRow","1","","3","1","0","1","24","25","25","","","","","","","","","",""
"","TIRepairRow","1","","3","2","0","2","24","25","25","","","","","","","","","",""
"","TIRepairRow","1","","3","3","0","3","24","25","25","","","","","","","","","",""
"","PBIST","1","8","3","4","0","6","17","25","72","1966","","","","","","","","",""
"","PBIST","1","8","3","6","18","9","14","25","72","1996","","","","","","","","",""
"","PBIST","1","8","3","9","15","12","11","25","72","1951","","","","","","","","",""
"","PBIST","1","8","3","12","12","15","8","25","72","1978","","","","","","","","",""
"","PBIST","1","8","3","15","9","18","5","25","72","1955","","","","","","","","",""
"","PBIST","1","8","3","18","6","21","2","25","72","1985","","","","","","","","",""
"","PBIST","1","8","3","21","3","23","24","25","72","1968","","","","","","","","",""
"","PBIST","1","8","3","24","0","26","21","25","72","1987","","","","","","","","",""
"","PBIST","1","8","3","26","22","29","18","25","72","1931","","","","","","","","",""
"","PBIST","1","8","3","29","19","32","15","25","72","1961","","","","","","","","",""
"","PBIST","1","8","3","32","16","35","12","25","72","1943","","","","","","","","",""
"","PBIST","1","8","3","35","13","38","9","25","72","1959","","","","","","","","",""
"","PBIST","1","8","3","38","10","41","6","25","72","1935","","","","","","","","",""
"","PBIST","1","8","3","41","7","44","3","25","72","1988","","","","","","","","",""
"","PBIST","1","8","3","44","4","47","0","25","72","1963","","","","","","","","",""
"","PBIST","1","8","3","47","1","49","22","25","72","1982","","","","","","","","",""
"","PBIST","1","8","3","49","23","52","19","25","72","1930","","","","","","","","",""
"","PBIST","1","8","3","52","20","55","16","25","72","1994","","","","","","","","",""
"","PBIST","1","8","3","55","17","58","13","25","72","1938","","","","","","","","",""
"","PBIST","1","8","3","58","14","61","10","25","72","1992","","","","","","","","",""
"","PBIST","1","8","3","61","11","64","7","25","72","1967","","","","","","","","",""
"","PBIST","1","8","3","64","8","67","4","25","72","1979","","","","","","","","",""
"","PBIST","1","8","3","67","5","70","1","25","72","1981","","","","","","","","",""
"","PBIST","1","8","3","70","2","72","23","25","72","1989","","","","","","","","",""
"","PBIST","1","8","3","72","24","75","20","25","72","1970","","","","","","","","",""
"","PBIST","1","8","3","75","21","78","17","25","72","1973","","","","","","","","",""
"","PBIST","1","8","3","78","18","81","14","25","72","1950","","","","","","","","",""
"","PBIST","1","8","3","81","15","84","11","25","72","1953","","","","","","","","",""
"","PBIST","1","8","3","84","12","87","8","25","72","1555","","","","","","","","",""
"","PBIST","1","8","3","87","9","90","5","25","72","1554","","","","","","","","",""
"","PBIST","1","8","3","90","6","93","2","25","72","1567","","","","","","","","",""
"","PBIST","1","8","3","93","3","95","24","25","72","1566","","","","","","","","",""
"","PBIST","1","8","3","96","0","96","17","25","18","732","","","","","","","","",""
"","PBIST","1","8","3","96","18","97","10","25","18","739","","","","","","","","",""
"","PBIST","1","8","3","97","11","98","3","25","18","740","","","","","","","","",""
"","PBIST","1","8","3","98","4","98","21","25","18","759","","","","","","","","",""
"","PBIST","1","8","3","98","22","99","14","25","18","743","","","","","","","","",""
"","PBIST","1","8","3","99","15","100","7","25","18","785","","","","","","","","",""
"","PBIST","1","8","3","100","8","101","0","25","18","864","","","","","","","","",""
"","PBIST","1","8","3","101","1","101","18","25","18","855","","","","","","","","",""
"","PBIST","1","8","3","101","19","102","11","25","18","813","","","","","","","","",""
"","PBIST","1","8","3","102","12","103","4","25","18","840","","","","","","","","",""
"","PBIST","1","8","3","103","5","103","22","25","18","870","","","","","","","","",""
"","PBIST","1","8","3","103","23","104","15","25","18","847","","","","","","","","",""
"","PBIST","1","8","3","104","16","105","8","25","18","876","","","","","","","","",""
"","PBIST","1","8","3","105","9","106","1","25","18","777","","","","","","","","",""
"","PBIST","1","8","3","106","2","106","19","25","18","857","","","","","","","","",""
"","PBIST","1","8","3","106","20","107","12","25","18","750","","","","","","","","",""
"","PBIST","1","8","3","107","13","108","5","25","18","863","","","","","","","","",""
"","PBIST","1","8","3","108","6","108","23","25","18","804","","","","","","","","",""
"","PBIST","1","8","3","108","24","109","16","25","18","765","","","","","","","","",""
"","PBIST","1","8","3","109","17","110","9","25","18","853","","","","","","","","",""
"","PBIST","1","8","3","110","10","111","2","25","18","826","","","","","","","","",""
"","PBIST","1","8","3","111","3","111","20","25","18","789","","","","","","","","",""
"","PBIST","1","8","3","111","21","112","13","25","18","874","","","","","","","","",""
"","PBIST","1","8","3","112","14","113","6","25","18","843","","","","","","","","",""
"","SCRATCH_REESERVED1","1","8","3","113","7","121","4","25","198","","","","","","","","","",""
"","TempSensor2","1","8","3","121","5","121","24","25","20","","","","","","","","","",""
"","PB1_VSR_SENSENP","1","8","3","122","0","127","24","25","150","","","","","","","","","",""
"","TIRepairRow","1","","4","0","0","0","24","25","25","","","","","","","","","",""
"","TIRepairRow","1","","4","1","0","1","24","25","25","","","","","","","","","",""
"","TIRepairRow","1","","4","2","0","2","24","25","25","","","","","","","","","",""
"","TIRepairRow","1","","4","3","0","3","24","25","25","","","","","","","","","",""
"","PBIST","1","16","4","4","0","4","17","25","18","1827","","","","","","","","",""
"","PBIST","1","16","4","4","18","5","10","25","18","1742","","","","","","","","",""
"","PBIST","1","16","4","5","11","6","3","25","18","1830","","","","","","","","",""
"","PBIST","1","16","4","6","4","6","21","25","18","1768","","","","","","","","",""
"","PBIST","1","16","4","6","22","7","14","25","18","1674","","","","","","","","",""
"","PBIST","1","16","4","7","15","8","7","25","18","1844","","","","","","","","",""
"","PBIST","1","16","4","8","8","9","0","25","18","1652","","","","","","","","",""
"","PBIST","1","16","4","9","1","9","18","25","18","1615","","","","","","","","",""
"","PBIST","1","16","4","9","19","10","11","25","18","1676","","","","","","","","",""
"","PBIST","1","16","4","10","12","11","4","25","18","1626","","","","","","","","",""
"","PBIST","1","16","4","11","5","11","22","25","18","1719","","","","","","","","",""
"","PBIST","1","16","4","11","23","12","15","25","18","1595","","","","","","","","",""
"","PBIST","1","16","4","12","16","13","8","25","18","1899","","","","","","","","",""
"","PBIST","1","16","4","13","9","14","1","25","18","1753","","","","","","","","",""
"","PBIST","1","16","4","14","2","14","19","25","18","1914","","","","","","","","",""
"","PBIST","1","16","4","14","20","15","12","25","18","1718","","","","","","","","",""
"","PBIST","1","16","4","15","13","16","5","25","18","1665","","","","","","","","",""
"","PBIST","1","16","4","16","6","16","23","25","18","1811","","","","","","","","",""
"","PBIST","1","16","4","16","24","17","16","25","18","1823","","","","","","","","",""
"","PBIST","1","16","4","17","17","18","9","25","18","1728","","","","","","","","",""
"","PBIST","1","16","4","18","10","19","2","25","18","1731","","","","","","","","",""
"","PBIST","1","16","4","19","3","19","20","25","18","1616","","","","","","","","",""
"","PBIST","1","16","4","19","21","20","13","25","18","1868","","","","","","","","",""
"","PBIST","1","16","4","20","14","21","6","25","18","1659","","","","","","","","",""
"","PBIST","1","16","4","21","7","21","24","25","18","1655","","","","","","","","",""
"","PBIST","1","16","4","22","0","22","17","25","18","1618","","","","","","","","",""
"","PBIST","1","16","4","22","18","23","10","25","18","1633","","","","","","","","",""
"","PBIST","1","16","4","23","11","24","3","25","18","1721","","","","","","","","",""
"","PBIST","1","16","4","24","4","24","21","25","18","1798","","","","","","","","",""
"","PBIST","1","16","4","24","22","25","14","25","18","1725","","","","","","","","",""
"","PBIST","1","16","4","25","15","26","7","25","18","1723","","","","","","","","",""
"","PBIST","1","16","4","26","8","27","0","25","18","1711","","","","","","","","",""
"","PBIST","1","16","4","27","1","27","18","25","18","1883","","","","","","","","",""
"","PBIST","1","16","4","27","19","28","11","25","18","1666","","","","","","","","",""
"","PBIST","1","16","4","28","12","29","4","25","18","1679","","","","","","","","",""
"","PBIST","1","16","4","29","5","29","22","25","18","1820","","","","","","","","",""
"","PBIST","1","16","4","29","23","30","15","25","18","1671","","","","","","","","",""
"","PBIST","1","16","4","30","16","31","8","25","18","1704","","","","","","","","",""
"","PBIST","1","16","4","31","9","32","1","25","18","1670","","","","","","","","",""
"","PBIST","1","16","4","32","2","32","19","25","18","1593","","","","","","","","",""
"","PBIST","1","16","4","32","20","33","12","25","18","1656","","","","","","","","",""
"","PBIST","1","16","4","33","13","34","5","25","18","1710","","","","","","","","",""
"","PBIST","1","16","4","34","6","34","23","25","18","1667","","","","","","","","",""
"","PBIST","1","16","4","34","24","35","16","25","18","1848","","","","","","","","",""
"","PBIST","1","16","4","35","17","36","9","25","18","1587","","","","","","","","",""
"","PBIST","1","16","4","36","10","37","2","25","18","1752","","","","","","","","",""
"","PBIST","1","16","4","37","3","37","20","25","18","1610","","","","","","","","",""
"","PBIST","1","16","4","37","21","38","13","25","18","1663","","","","","","","","",""
"","PBIST","1","16","4","38","14","39","6","25","18","1852","","","","","","","","",""
"","PBIST","1","16","4","39","7","39","24","25","18","1673","","","","","","","","",""
"","PBIST","1","16","4","40","0","40","17","25","18","1913","","","","","","","","",""
"","PBIST","1","16","4","40","18","41","10","25","18","1773","","","","","","","","",""
"","PBIST","1","16","4","41","11","42","3","25","18","1796","","","","","","","","",""
"","PBIST","1","16","4","42","4","42","21","25","18","1805","","","","","","","","",""
"","PBIST","1","16","4","42","22","43","14","25","18","1630","","","","","","","","",""
"","PBIST","1","16","4","43","15","44","7","25","18","1924","","","","","","","","",""
"","PBIST","1","16","4","44","8","45","0","25","18","1919","","","","","","","","",""
"","PBIST","1","16","4","45","1","45","18","25","18","1775","","","","","","","","",""
"","PBIST","1","16","4","45","19","46","11","25","18","1613","","","","","","","","",""
"","PBIST","1","16","4","46","12","47","4","25","18","1750","","","","","","","","",""
"","PBIST","1","16","4","47","5","47","22","25","18","1865","","","","","","","","",""
"","PBIST","1","16","4","47","23","48","15","25","18","1702","","","","","","","","",""
"","PBIST","1","16","4","48","16","49","8","25","18","1833","","","","","","","","",""
"","PBIST","1","16","4","49","9","50","1","25","18","1628","","","","","","","","",""
"","PBIST","1","16","4","50","2","50","19","25","18","1638","","","","","","","","",""
"","PBIST","1","16","4","50","20","51","12","25","18","1770","","","","","","","","",""
"","PBIST","1","16","4","51","13","52","5","25","18","1808","","","","","","","","",""
"","PBIST","1","16","4","52","6","52","23","25","18","1837","","","","","","","","",""
"","PBIST","1","16","4","52","24","53","16","25","18","1847","","","","","","","","",""
"","PBIST","1","16","4","53","17","54","9","25","18","1877","","","","","","","","",""
"","PBIST","1","16","4","54","10","55","2","25","18","1905","","","","","","","","",""
"","PBIST","1","16","4","55","3","55","20","25","18","1590","","","","","","","","",""
"","PBIST","1","16","4","55","21","56","13","25","18","1643","","","","","","","","",""
"","PBIST","1","16","4","56","14","57","6","25","18","1764","","","","","","","","",""
"","PBIST","1","16","4","57","7","57","24","25","18","1639","","","","","","","","",""
"","PBIST","1","16","4","58","0","58","17","25","18","1720","","","","","","","","",""
"","PBIST","1","16","4","58","18","59","10","25","18","1739","","","","","","","","",""
"","PBIST","1","16","4","59","11","60","3","25","18","1850","","","","","","","","",""
"","PBIST","1","16","4","60","4","60","21","25","18","1776","","","","","","","","",""
"","PBIST","1","16","4","60","22","61","14","25","18","1621","","","","","","","","",""
"","PBIST","1","16","4","61","15","62","7","25","18","1668","","","","","","","","",""
"","PBIST","1","16","4","62","8","63","0","25","18","1722","","","","","","","","",""
"","PBIST","1","16","4","63","1","63","18","25","18","1746","","","","","","","","",""
"","PBIST","1","16","4","63","19","64","11","25","18","1801","","","","","","","","",""
"","PBIST","1","16","4","64","12","65","4","25","18","1698","","","","","","","","",""
"","PBIST","1","16","4","65","5","65","22","25","18","1777","","","","","","","","",""
"","PBIST","1","16","4","65","23","66","15","25","18","1789","","","","","","","","",""
"","PBIST","1","16","4","66","16","67","8","25","18","1832","","","","","","","","",""
"","PBIST","1","16","4","67","9","68","1","25","18","1839","","","","","","","","",""
"","PBIST","1","16","4","68","2","68","19","25","18","1736","","","","","","","","",""
"","PBIST","1","16","4","68","20","69","12","25","18","1636","","","","","","","","",""
"","PBIST","1","16","4","69","13","70","5","25","18","1793","","","","","","","","",""
"","PBIST","1","16","4","70","6","70","23","25","18","1596","","","","","","","","",""
"","PBIST","1","16","4","70","24","71","16","25","18","1684","","","","","","","","",""
"","PBIST","1","16","4","71","17","72","9","25","18","1892","","","","","","","","",""
"","PBIST","1","16","4","72","10","73","2","25","18","1851","","","","","","","","",""
"","PBIST","1","16","4","73","3","73","20","25","18","1738","","","","","","","","",""
"","PBIST","1","16","4","73","21","74","13","25","18","1661","","","","","","","","",""
"","PBIST","1","16","4","74","14","75","6","25","18","1748","","","","","","","","",""
"","PBIST","1","16","4","75","7","75","24","25","18","1788","","","","","","","","",""
"","PBIST","1","16","4","76","0","76","17","25","18","1601","","","","","","","","",""
"","PBIST","1","16","4","76","18","77","10","25","18","1754","","","","","","","","",""
"","PBIST","1","16","4","77","11","78","3","25","18","1622","","","","","","","","",""
"","PBIST","1","16","4","78","4","78","21","25","18","1703","","","","","","","","",""
"","PBIST","1","16","4","78","22","79","14","25","18","1779","","","","","","","","",""
"","PBIST","1","16","4","79","15","80","7","25","18","1697","","","","","","","","",""
"","PBIST","1","16","4","80","8","81","0","25","18","1747","","","","","","","","",""
"","PBIST","1","16","4","81","1","81","18","25","18","1921","","","","","","","","",""
"","PBIST","1","16","4","81","19","82","11","25","18","1854","","","","","","","","",""
"","PBIST","1","16","4","82","12","83","4","25","18","1620","","","","","","","","",""
"","PBIST","1","16","4","83","5","83","22","25","18","1896","","","","","","","","",""
"","PBIST","1","16","4","83","23","84","15","25","18","1713","","","","","","","","",""
"","PBIST","1","16","4","84","16","85","8","25","18","1884","","","","","","","","",""
"","PBIST","1","16","4","85","9","86","1","25","18","1908","","","","","","","","",""
"","PBIST","1","16","4","86","2","86","19","25","18","1821","","","","","","","","",""
"","PBIST","1","16","4","86","20","87","12","25","18","1762","","","","","","","","",""
"","PBIST","1","16","4","87","13","88","5","25","18","1912","","","","","","","","",""
"","PBIST","1","16","4","88","6","88","23","25","18","1611","","","","","","","","",""
"","PBIST","1","16","4","88","24","89","16","25","18","1688","","","","","","","","",""
"","PBIST","1","16","4","89","17","90","9","25","18","1751","","","","","","","","",""
"","PBIST","1","16","4","90","10","91","2","25","18","1829","","","","","","","","",""
"","PBIST","1","16","4","91","3","91","20","25","18","1927","","","","","","","","",""
"","PBIST","1","16","4","91","21","92","13","25","18","1645","","","","","","","","",""
"","PBIST","1","16","4","92","14","93","6","25","18","1845","","","","","","","","",""
"","PBIST","1","16","4","93","7","93","24","25","18","1925","","","","","","","","",""
"","PBIST","1","16","4","94","0","94","17","25","18","1765","","","","","","","","",""
"","PBIST","1","16","4","94","18","95","10","25","18","1873","","","","","","","","",""
"","PBIST","1","16","4","95","11","96","3","25","18","1598","","","","","","","","",""
"","PBIST","1","16","4","96","4","96","21","25","18","1813","","","","","","","","",""
"","PBIST","1","16","4","96","22","97","14","25","18","1843","","","","","","","","",""
"","PBIST","1","16","4","97","15","98","7","25","18","1875","","","","","","","","",""
"","PBIST","1","16","4","98","8","99","0","25","18","1882","","","","","","","","",""
"","PBIST","1","16","4","99","1","99","18","25","18","1918","","","","","","","","",""
"","PBIST","1","16","4","99","19","100","11","25","18","1650","","","","","","","","",""
"","PBIST","1","16","4","100","12","101","4","25","18","1707","","","","","","","","",""
"","PBIST","1","16","4","101","5","101","22","25","18","1860","","","","","","","","",""
"","PBIST","1","16","4","101","23","102","15","25","18","1893","","","","","","","","",""
"","PBIST","1","16","4","102","16","103","8","25","18","1916","","","","","","","","",""
"","PBIST","1","16","4","103","9","104","1","25","18","1654","","","","","","","","",""
"","PBIST","1","16","4","104","2","104","19","25","18","1599","","","","","","","","",""
"","PBIST","1","16","4","104","20","105","12","25","18","1853","","","","","","","","",""
"","PBIST","1","16","4","105","13","106","5","25","18","1755","","","","","","","","",""
"","PBIST","1","16","4","106","6","106","23","25","18","1609","","","","","","","","",""
"","PBIST","1","16","4","106","24","107","16","25","18","1890","","","","","","","","",""
"","PBIST","1","16","4","107","17","108","9","25","18","1859","","","","","","","","",""
"","PBIST","1","16","4","108","10","109","2","25","18","1849","","","","","","","","",""
"","PBIST","1","16","4","109","3","109","20","25","18","1733","","","","","","","","",""
"","PBIST","1","16","4","109","21","110","13","25","18","1763","","","","","","","","",""
"","PBIST","1","16","4","110","14","111","6","25","18","1785","","","","","","","","",""
"","PBIST","1","16","4","111","7","111","24","25","18","1732","","","","","","","","",""
"","PBIST","1","16","4","112","0","112","17","25","18","1631","","","","","","","","",""
"","PBIST","1","16","4","112","18","113","10","25","18","1649","","","","","","","","",""
"","PBIST","1","16","4","113","11","114","3","25","18","1629","","","","","","","","",""
"","PBIST","1","16","4","114","4","114","21","25","18","1635","","","","","","","","",""
"","PBIST","1","16","4","114","22","115","14","25","18","1675","","","","","","","","",""
"","PBIST","1","16","4","115","15","116","7","25","18","1586","","","","","","","","",""
"","PBIST","1","16","4","116","8","117","0","25","18","1831","","","","","","","","",""
"","PBIST","1","16","4","117","1","117","18","25","18","1729","","","","","","","","",""
"","PBIST","1","16","4","117","19","118","11","25","18","1614","","","","","","","","",""
"","PBIST","1","16","4","118","12","119","4","25","18","1891","","","","","","","","",""
"","PBIST","1","16","4","119","5","119","22","25","18","1689","","","","","","","","",""
"","PBIST","1","16","4","119","23","120","15","25","18","1591","","","","","","","","",""
"","PBIST","1","16","4","120","16","121","8","25","18","1737","","","","","","","","",""
"","PBIST","1","16","4","121","9","122","1","25","18","1816","","","","","","","","",""
"","PBIST","1","16","4","122","2","122","19","25","18","1835","","","","","","","","",""
"","PBIST","1","16","4","122","20","123","12","25","18","1672","","","","","","","","",""
"","PBIST","1","16","4","123","13","124","5","25","18","1923","","","","","","","","",""
"","PBIST","1","16","4","124","6","124","23","25","18","1909","","","","","","","","",""
"","PBIST","1","16","4","124","24","125","16","25","18","1870","","","","","","","","",""
"","PBIST","1","16","4","125","17","126","9","25","18","1863","","","","","","","","",""
"","PBIST","1","16","4","126","10","127","2","25","18","1769","","","","","","","","",""
"","PBIST","1","16","4","127","3","127","20","25","18","1669","","","","","","","","",""
"","PBIST","1","16","4","127","21","127","24","25","18","1677","","","","","","","","",""
"","TIRepairRow","1","","5","0","0","0","24","25","25","","","","","","","","","",""
"","TIRepairRow","1","","5","1","0","1","24","25","25","","","","","","","","","",""
"","TIRepairRow","1","","5","2","0","2","24","25","25","","","","","","","","","",""
"","TIRepairRow","1","","5","3","0","3","24","25","25","","","","","","","","","",""
"","PBIST","1","16","5","4","0","4","13","25","18","1677","","","","","","","","",""
"","PBIST","1","16","5","4","14","5","6","25","18","1701","","","","","","","","",""
"","PBIST","1","16","5","5","7","5","24","25","18","1683","","","","","","","","",""
"","PBIST","1","16","5","6","0","6","17","25","18","1594","","","","","","","","",""
"","PBIST","1","16","5","6","18","7","10","25","18","1730","","","","","","","","",""
"","PBIST","1","16","5","7","11","8","3","25","18","1694","","","","","","","","",""
"","PBIST","1","16","5","8","4","8","21","25","18","1658","","","","","","","","",""
"","PBIST","1","16","5","8","22","9","14","25","18","1592","","","","","","","","",""
"","PBIST","1","16","5","9","15","10","7","25","18","1692","","","","","","","","",""
"","PBIST","1","16","5","10","8","11","0","25","18","1696","","","","","","","","",""
"","PBIST","1","16","5","11","1","11","18","25","18","1680","","","","","","","","",""
"","PBIST","1","16","5","11","19","12","11","25","18","1641","","","","","","","","",""
"","PBIST","1","16","5","12","12","13","4","25","18","1651","","","","","","","","",""
"","PBIST","1","16","5","13","5","13","22","25","18","1898","","","","","","","","",""
"","PBIST","1","16","5","13","23","14","15","25","18","1838","","","","","","","","",""
"","PBIST","1","16","5","14","16","15","8","25","18","1757","","","","","","","","",""
"","PBIST","1","16","5","15","9","16","1","25","18","1876","","","","","","","","",""
"","PBIST","1","16","5","16","2","16","19","25","18","1657","","","","","","","","",""
"","PBIST","1","16","5","16","20","17","12","25","18","1617","","","","","","","","",""
"","PBIST","1","16","5","17","13","18","5","25","18","1693","","","","","","","","",""
"","PBIST","1","16","5","18","6","18","23","25","18","1872","","","","","","","","",""
"","PBIST","1","16","5","18","24","19","16","25","18","1790","","","","","","","","",""
"","PBIST","1","16","5","19","17","20","9","25","18","1818","","","","","","","","",""
"","PBIST","1","16","5","20","10","21","2","25","18","1778","","","","","","","","",""
"","PBIST","1","16","5","21","3","21","20","25","18","1712","","","","","","","","",""
"","PBIST","1","16","5","21","21","22","13","25","18","1911","","","","","","","","",""
"","PBIST","1","16","5","22","14","23","6","25","18","1858","","","","","","","","",""
"","PBIST","1","16","5","23","7","23","24","25","18","1795","","","","","","","","",""
"","PBIST","1","16","5","24","0","24","17","25","18","1625","","","","","","","","",""
"","PBIST","1","16","5","24","18","25","10","25","18","1824","","","","","","","","",""
"","PBIST","1","16","5","25","11","26","3","25","18","1745","","","","","","","","",""
"","PBIST","1","16","5","26","4","26","21","25","18","1700","","","","","","","","",""
"","PBIST","1","16","5","26","22","27","14","25","18","1815","","","","","","","","",""
"","PBIST","1","16","5","27","15","28","7","25","18","1699","","","","","","","","",""
"","PBIST","1","16","5","28","8","29","0","25","18","1678","","","","","","","","",""
"","PBIST","1","16","5","29","1","29","18","25","18","1741","","","","","","","","",""
"","PBIST","1","16","5","29","19","30","11","25","18","1787","","","","","","","","",""
"","PBIST","1","16","5","30","12","31","4","25","18","1825","","","","","","","","",""
"","PBIST","1","16","5","31","5","31","22","25","18","1836","","","","","","","","",""
"","PBIST","1","16","5","31","23","32","15","25","18","1867","","","","","","","","",""
"","PBIST","1","16","5","32","16","33","8","25","18","1758","","","","","","","","",""
"","PBIST","1","16","5","33","9","34","1","25","18","1861","","","","","","","","",""
"","PBIST","1","16","5","34","2","34","19","25","18","1597","","","","","","","","",""
"","PBIST","1","16","5","34","20","35","12","25","18","1624","","","","","","","","",""
"","PBIST","1","16","5","35","13","36","5","25","18","1799","","","","","","","","",""
"","PBIST","1","16","5","36","6","36","23","25","18","1648","","","","","","","","",""
"","PBIST","1","16","5","36","24","37","16","25","18","1640","","","","","","","","",""
"","PBIST","1","16","5","37","17","38","9","25","18","1907","","","","","","","","",""
"","PBIST","1","16","5","38","10","39","2","25","18","1772","","","","","","","","",""
"","PBIST","1","16","5","39","3","39","20","25","18","1834","","","","","","","","",""
"","PBIST","1","16","5","39","21","40","13","25","18","1906","","","","","","","","",""
"","PBIST","1","16","5","40","14","41","6","25","18","1767","","","","","","","","",""
"","PBIST","1","16","5","41","7","41","24","25","18","1647","","","","","","","","",""
"","PBIST","1","16","5","42","0","42","17","25","18","1734","","","","","","","","",""
"","PBIST","1","16","5","42","18","43","10","25","18","1589","","","","","","","","",""
"","PBIST","1","16","5","43","11","44","3","25","18","1857","","","","","","","","",""
"","PBIST","1","16","5","44","4","44","21","25","18","1756","","","","","","","","",""
"","PBIST","1","16","5","44","22","45","14","25","18","1706","","","","","","","","",""
"","PBIST","1","16","5","45","15","46","7","25","18","1897","","","","","","","","",""
"","PBIST","1","16","5","46","8","47","0","25","18","1894","","","","","","","","",""
"","PBIST","1","16","5","47","1","47","18","25","18","1886","","","","","","","","",""
"","PBIST","1","16","5","47","19","48","11","25","18","1681","","","","","","","","",""
"","PBIST","1","16","5","48","12","49","4","25","18","1749","","","","","","","","",""
"","PBIST","1","16","5","49","5","49","22","25","18","1603","","","","","","","","",""
"","PBIST","1","16","5","49","23","50","15","25","18","1869","","","","","","","","",""
"","PBIST","1","16","5","50","16","51","8","25","18","1784","","","","","","","","",""
"","PBIST","1","16","5","51","9","52","1","25","18","1814","","","","","","","","",""
"","PBIST","1","16","5","52","2","52","19","25","18","1646","","","","","","","","",""
"","PBIST","1","16","5","52","20","53","12","25","18","1726","","","","","","","","",""
"","PBIST","1","16","5","53","13","54","5","25","18","1604","","","","","","","","",""
"","PBIST","1","16","5","54","6","54","23","25","18","1887","","","","","","","","",""
"","PBIST","1","16","5","54","24","55","16","25","18","1682","","","","","","","","",""
"","PBIST","1","16","5","55","17","56","9","25","18","1744","","","","","","","","",""
"","PBIST","1","16","5","56","10","57","2","25","18","1662","","","","","","","","",""
"","PBIST","1","16","5","57","3","57","20","25","18","1780","","","","","","","","",""
"","PBIST","1","16","5","57","21","58","13","25","18","1716","","","","","","","","",""
"","PBIST","1","16","5","58","14","59","6","25","18","1637","","","","","","","","",""
"","PBIST","1","16","5","59","7","59","24","25","18","1920","","","","","","","","",""
"","PBIST","1","16","5","60","0","60","17","25","18","1642","","","","","","","","",""
"","PBIST","1","16","5","60","18","61","10","25","18","1881","","","","","","","","",""
"","PBIST","1","16","5","61","11","62","3","25","18","1797","","","","","","","","",""
"","PBIST","1","16","5","62","4","62","21","25","18","1928","","","","","","","","",""
"","PBIST","1","16","5","62","22","63","14","25","18","1807","","","","","","","","",""
"","PBIST","1","16","5","63","15","64","7","25","18","1759","","","","","","","","",""
"","PBIST","1","16","5","64","8","65","0","25","18","1708","","","","","","","","",""
"","PBIST","1","16","5","65","1","65","18","25","18","1895","","","","","","","","",""
"","PBIST","1","16","5","65","19","66","11","25","18","1910","","","","","","","","",""
"","PBIST","1","16","5","66","12","67","4","25","18","1900","","","","","","","","",""
"","PBIST","1","16","5","67","5","67","22","25","18","1915","","","","","","","","",""
"","PBIST","1","16","5","67","23","68","15","25","18","1856","","","","","","","","",""
"","PBIST","1","16","5","68","16","69","8","25","18","1740","","","","","","","","",""
"","PBIST","1","16","5","69","9","70","1","25","18","1802","","","","","","","","",""
"","PBIST","1","16","5","70","2","70","19","25","18","1817","","","","","","","","",""
"","PBIST","1","16","5","70","20","71","12","25","18","1695","","","","","","","","",""
"","PBIST","1","16","5","71","13","72","5","25","18","1608","","","","","","","","",""
"","PBIST","1","16","5","72","6","72","23","25","18","1690","","","","","","","","",""
"","PBIST","1","16","5","72","24","73","16","25","18","1810","","","","","","","","",""
"","PBIST","1","16","5","73","17","74","9","25","18","1735","","","","","","","","",""
"","PBIST","1","16","5","74","10","75","2","25","18","1866","","","","","","","","",""
"","PBIST","1","16","5","75","3","75","20","25","18","1846","","","","","","","","",""
"","PBIST","1","16","5","75","21","76","13","25","18","1607","","","","","","","","",""
"","PBIST","1","16","5","76","14","77","6","25","18","1889","","","","","","","","",""
"","PBIST","1","16","5","77","7","77","24","25","18","1902","","","","","","","","",""
"","PBIST","1","16","5","78","0","78","17","25","18","1709","","","","","","","","",""
"","PBIST","1","16","5","78","18","79","10","25","18","1783","","","","","","","","",""
"","PBIST","1","16","5","79","11","80","3","25","18","1841","","","","","","","","",""
"","PBIST","1","16","5","80","4","80","21","25","18","1871","","","","","","","","",""
"","PBIST","1","16","5","80","22","81","14","25","18","287","","","","","","","","",""
"","PBIST","1","16","5","81","15","82","7","25","18","149","","","","","","","","",""
"","PBIST","1","16","5","82","8","83","0","25","18","291","","","","","","","","",""
"","PBIST","1","16","5","83","1","83","18","25","18","187","","","","","","","","",""
"","PBIST","1","16","5","83","19","84","11","25","18","346","","","","","","","","",""
"","PBIST","1","16","5","84","12","85","4","25","18","285","","","","","","","","",""
"","PBIST","1","16","5","85","5","85","22","25","18","140","","","","","","","","",""
"","PBIST","1","16","5","85","23","86","15","25","18","112","","","","","","","","",""
"","PBIST","1","16","5","86","16","87","8","25","18","537","","","","","","","","",""
"","PBIST","1","16","5","87","9","88","1","25","18","434","","","","","","","","",""
"","PBIST","1","16","5","88","2","88","19","25","18","401","","","","","","","","",""
"","PBIST","1","16","5","88","20","89","12","25","18","495","","","","","","","","",""
"","PBIST","1","16","5","89","13","90","5","25","18","441","","","","","","","","",""
"","PBIST","1","16","5","90","6","90","23","25","18","692","","","","","","","","",""
"","PBIST","1","16","5","90","24","91","16","25","18","592","","","","","","","","",""
"","PBIST","1","16","5","91","17","92","9","25","18","675","","","","","","","","",""
"","PBIST","1","16","5","92","10","93","2","25","18","464","","","","","","","","",""
"","PBIST","1","16","5","93","3","93","20","25","18","560","","","","","","","","",""
"","PBIST","1","16","5","93","21","94","13","25","18","651","","","","","","","","",""
"","PBIST","1","16","5","94","14","95","6","25","18","689","","","","","","","","",""
"","PBIST","1","16","5","95","7","95","24","25","18","497","","","","","","","","",""
"","PBIST","1","16","5","96","0","96","17","25","18","472","","","","","","","","",""
"","PBIST","1","16","5","96","18","97","10","25","18","703","","","","","","","","",""
"","PBIST","1","16","5","97","11","98","3","25","18","613","","","","","","","","",""
"","PBIST","1","16","5","98","4","98","21","25","18","501","","","","","","","","",""
"","PBIST","1","16","5","98","22","99","14","25","18","587","","","","","","","","",""
"","PBIST","1","16","5","99","15","100","7","25","18","713","","","","","","","","",""
"","PBIST","1","16","5","100","8","101","0","25","18","394","","","","","","","","",""
"","PBIST","1","16","5","101","1","101","18","25","18","624","","","","","","","","",""
"","PBIST","1","16","5","101","19","102","11","25","18","694","","","","","","","","",""
"","PBIST","1","16","5","102","12","103","4","25","18","584","","","","","","","","",""
"","PBIST","1","16","5","103","5","103","22","25","18","714","","","","","","","","",""
"","PBIST","1","16","5","103","23","104","15","25","18","514","","","","","","","","",""
"","PBIST","1","16","5","104","16","105","8","25","18","522","","","","","","","","",""
"","PBIST","1","16","5","105","9","106","1","25","18","577","","","","","","","","",""
"","PBIST","1","16","5","106","2","106","19","25","18","442","","","","","","","","",""
"","PBIST","1","16","5","106","20","107","12","25","18","680","","","","","","","","",""
"","PBIST","1","16","5","107","13","108","5","25","18","468","","","","","","","","",""
"","PBIST","1","16","5","108","6","108","23","25","18","475","","","","","","","","",""
"","PBIST","1","16","5","108","24","109","16","25","18","418","","","","","","","","",""
"","PBIST","1","16","5","109","17","110","9","25","18","405","","","","","","","","",""
"","PBIST","1","16","5","110","10","111","2","25","18","535","","","","","","","","",""
"","PBIST","1","16","5","111","3","111","20","25","18","608","","","","","","","","",""
"","PBIST","1","16","5","111","21","112","13","25","18","673","","","","","","","","",""
"","PBIST","1","16","5","112","14","113","6","25","18","392","","","","","","","","",""
"","PBIST","1","16","5","113","7","113","24","25","18","632","","","","","","","","",""
"","PBIST","1","16","5","114","0","114","17","25","18","519","","","","","","","","",""
"","PBIST","1","16","5","114","18","115","10","25","18","403","","","","","","","","",""
"","PBIST","1","16","5","115","11","116","3","25","18","420","","","","","","","","",""
"","PBIST","1","16","5","116","4","116","21","25","18","643","","","","","","","","",""
"","PBIST","1","16","5","116","22","117","14","25","18","620","","","","","","","","",""
"","PBIST","1","16","5","117","15","118","7","25","18","476","","","","","","","","",""
"","PBIST","1","16","5","118","8","119","0","25","18","436","","","","","","","","",""
"","PBIST","1","16","5","119","1","119","18","25","18","410","","","","","","","","",""
"","PBIST","1","16","5","119","19","120","11","25","18","572","","","","","","","","",""
"","PBIST","1","16","5","120","12","121","4","25","18","500","","","","","","","","",""
"","PBIST","1","16","5","121","5","121","22","25","18","705","","","","","","","","",""
"","PBIST","1","16","5","121","23","122","15","25","18","528","","","","","","","","",""
"","PBIST","1","16","5","122","16","123","8","25","18","596","","","","","","","","",""
"","PBIST","1","16","5","123","9","124","1","25","18","582","","","","","","","","",""
"","PBIST","1","16","5","124","2","124","19","25","18","656","","","","","","","","",""
"","PBIST","1","16","5","124","20","125","12","25","18","460","","","","","","","","",""
"","PBIST","1","16","5","125","13","126","5","25","18","451","","","","","","","","",""
"","PBIST","1","16","5","126","6","126","23","25","18","698","","","","","","","","",""
"","PBIST","1","16","5","126","24","127","16","25","18","594","","","","","","","","",""
"","PBIST","1","16","5","127","17","127","24","25","18","538","","","","","","","","",""
"","TIRepairRow","1","","6","0","0","0","24","25","25","","","","","","","","","",""
"","TIRepairRow","1","","6","1","0","1","24","25","25","","","","","","","","","",""
"","TIRepairRow","1","","6","2","0","2","24","25","25","","","","","","","","","",""
"","TIRepairRow","1","","6","3","0","3","24","25","25","","","","","","","","","",""
"","PBIST","1","16","6","4","0","4","9","25","18","538","","","","","","","","",""
"","PBIST","1","16","6","4","10","5","2","25","18","644","","","","","","","","",""
"","PBIST","1","16","6","5","3","5","20","25","18","604","","","","","","","","",""
"","PBIST","1","16","6","5","21","6","13","25","18","513","","","","","","","","",""
"","PBIST","1","16","6","6","14","7","6","25","18","449","","","","","","","","",""
"","PBIST","1","16","6","7","7","7","24","25","18","618","","","","","","","","",""
"","PBIST","1","16","6","8","0","8","17","25","18","521","","","","","","","","",""
"","PBIST","1","16","6","8","18","9","10","25","18","686","","","","","","","","",""
"","PBIST","1","16","6","9","11","10","3","25","18","671","","","","","","","","",""
"","PBIST","1","16","6","10","4","10","21","25","18","614","","","","","","","","",""
"","PBIST","1","16","6","10","22","11","14","25","18","491","","","","","","","","",""
"","PBIST","1","16","6","11","15","12","7","25","18","397","","","","","","","","",""
"","PBIST","1","16","6","12","8","13","0","25","18","640","","","","","","","","",""
"","PBIST","1","16","6","13","1","13","18","25","18","674","","","","","","","","",""
"","PBIST","1","16","6","13","19","14","11","25","18","576","","","","","","","","",""
"","PBIST","1","16","6","14","12","15","4","25","18","548","","","","","","","","",""
"","PBIST","1","16","6","15","5","15","22","25","18","664","","","","","","","","",""
"","PBIST","1","16","6","15","23","16","15","25","18","669","","","","","","","","",""
"","PBIST","1","16","6","16","16","17","8","25","18","573","","","","","","","","",""
"","PBIST","1","16","6","17","9","18","1","25","18","509","","","","","","","","",""
"","PBIST","1","16","6","18","2","18","19","25","18","479","","","","","","","","",""
"","PBIST","1","16","6","18","20","19","12","25","18","704","","","","","","","","",""
"","PBIST","1","16","6","19","13","20","5","25","18","615","","","","","","","","",""
"","PBIST","1","16","6","20","6","20","23","25","18","437","","","","","","","","",""
"","PBIST","1","16","6","20","24","21","16","25","18","553","","","","","","","","",""
"","PBIST","1","16","6","21","17","22","9","25","18","388","","","","","","","","",""
"","PBIST","1","16","6","22","10","23","2","25","18","505","","","","","","","","",""
"","PBIST","1","16","6","23","3","23","20","25","18","585","","","","","","","","",""
"","PBIST","1","16","6","23","21","24","13","25","18","411","","","","","","","","",""
"","PBIST","1","16","6","24","14","25","6","25","18","462","","","","","","","","",""
"","PBIST","1","16","6","25","7","25","24","25","18","586","","","","","","","","",""
"","PBIST","1","16","6","26","0","26","17","25","18","447","","","","","","","","",""
"","PBIST","1","16","6","26","18","27","10","25","18","457","","","","","","","","",""
"","PBIST","1","16","6","27","11","28","3","25","18","499","","","","","","","","",""
"","PBIST","1","16","6","28","4","28","21","25","18","459","","","","","","","","",""
"","PBIST","1","16","6","28","22","29","14","25","18","622","","","","","","","","",""
"","PBIST","1","16","6","29","15","30","7","25","18","414","","","","","","","","",""
"","PBIST","1","16","6","30","8","31","0","25","18","530","","","","","","","","",""
"","PBIST","1","16","6","31","1","31","18","25","18","399","","","","","","","","",""
"","PBIST","1","16","6","31","19","32","11","25","18","678","","","","","","","","",""
"","PBIST","1","16","6","32","12","33","4","25","18","458","","","","","","","","",""
"","PBIST","1","16","6","33","5","33","22","25","18","541","","","","","","","","",""
"","PBIST","1","16","6","33","23","34","15","25","18","639","","","","","","","","",""
"","PBIST","1","16","6","34","16","35","8","25","18","489","","","","","","","","",""
"","PBIST","1","16","6","35","9","36","1","25","18","557","","","","","","","","",""
"","PBIST","1","16","6","36","2","36","19","25","18","649","","","","","","","","",""
"","PBIST","1","16","6","36","20","37","12","25","18","471","","","","","","","","",""
"","PBIST","1","16","6","37","13","38","5","25","18","709","","","","","","","","",""
"","PBIST","1","16","6","38","6","38","23","25","18","595","","","","","","","","",""
"","PBIST","1","16","6","38","24","39","16","25","18","611","","","","","","","","",""
"","PBIST","1","16","6","39","17","40","9","25","18","448","","","","","","","","",""
"","PBIST","1","16","6","40","10","41","2","25","18","396","","","","","","","","",""
"","PBIST","1","16","6","41","3","41","20","25","18","469","","","","","","","","",""
"","PBIST","1","16","6","41","21","42","13","25","18","390","","","","","","","","",""
"","PBIST","1","16","6","42","14","43","6","25","18","598","","","","","","","","",""
"","PBIST","1","16","6","43","7","43","24","25","18","402","","","","","","","","",""
"","PBIST","1","16","6","44","0","44","17","25","18","565","","","","","","","","",""
"","PBIST","1","16","6","44","18","45","10","25","18","454","","","","","","","","",""
"","PBIST","1","16","6","45","11","46","3","25","18","523","","","","","","","","",""
"","PBIST","1","16","6","46","4","46","21","25","18","564","","","","","","","","",""
"","PBIST","1","16","6","46","22","47","14","25","18","492","","","","","","","","",""
"","PBIST","1","16","6","47","15","48","7","25","18","570","","","","","","","","",""
"","PBIST","1","16","6","48","8","49","0","25","18","648","","","","","","","","",""
"","PBIST","1","16","6","49","1","49","18","25","18","597","","","","","","","","",""
"","PBIST","1","16","6","49","19","50","11","25","18","710","","","","","","","","",""
"","PBIST","1","16","6","50","12","51","4","25","18","466","","","","","","","","",""
"","PBIST","1","16","6","51","5","51","22","25","18","551","","","","","","","","",""
"","PBIST","1","16","6","51","23","52","15","25","18","647","","","","","","","","",""
"","PBIST","1","16","6","52","16","53","8","25","18","415","","","","","","","","",""
"","PBIST","1","16","6","53","9","54","1","25","18","494","","","","","","","","",""
"","PBIST","1","16","6","54","2","54","19","25","18","638","","","","","","","","",""
"","PBIST","1","16","6","54","20","55","12","25","18","453","","","","","","","","",""
"","PBIST","1","16","6","55","13","56","5","25","18","555","","","","","","","","",""
"","PBIST","1","16","6","56","6","56","23","25","18","467","","","","","","","","",""
"","PBIST","1","16","6","56","24","57","16","25","18","662","","","","","","","","",""
"","PBIST","1","16","6","57","17","58","9","25","18","660","","","","","","","","",""
"","PBIST","1","16","6","58","10","59","2","25","18","470","","","","","","","","",""
"","PBIST","1","16","6","59","3","59","20","25","18","409","","","","","","","","",""
"","PBIST","1","16","6","59","21","60","13","25","18","559","","","","","","","","",""
"","PBIST","1","16","6","60","14","61","6","25","18","484","","","","","","","","",""
"","PBIST","1","16","6","61","7","61","24","25","18","627","","","","","","","","",""
"","PBIST","1","16","6","62","0","62","17","25","18","635","","","","","","","","",""
"","PBIST","1","16","6","62","18","63","10","25","18","655","","","","","","","","",""
"","PBIST","1","16","6","63","11","64","3","25","18","630","","","","","","","","",""
"","PBIST","1","16","6","64","4","64","21","25","18","419","","","","","","","","",""
"","PBIST","1","16","6","64","22","65","14","25","18","642","","","","","","","","",""
"","PBIST","1","16","6","65","15","66","7","25","18","428","","","","","","","","",""
"","PBIST","1","16","6","66","8","67","0","25","18","601","","","","","","","","",""
"","PBIST","1","16","6","67","1","67","18","25","18","547","","","","","","","","",""
"","PBIST","1","16","6","67","19","68","11","25","18","529","","","","","","","","",""
"","PBIST","1","16","6","68","12","69","4","25","18","652","","","","","","","","",""
"","PBIST","1","16","6","69","5","69","22","25","18","517","","","","","","","","",""
"","PBIST","1","16","6","69","23","70","15","25","18","626","","","","","","","","",""
"","PBIST","1","16","6","70","16","71","8","25","18","400","","","","","","","","",""
"","PBIST","1","16","6","71","9","72","1","25","18","629","","","","","","","","",""
"","PBIST","1","16","6","72","2","72","19","25","18","589","","","","","","","","",""
"","PBIST","1","16","6","72","20","73","12","25","18","532","","","","","","","","",""
"","PBIST","1","16","6","73","13","74","5","25","18","432","","","","","","","","",""
"","PBIST","1","16","6","74","6","74","23","25","18","524","","","","","","","","",""
"","PBIST","1","16","6","74","24","75","16","25","18","507","","","","","","","","",""
"","PBIST","1","16","6","75","17","76","9","25","18","408","","","","","","","","",""
"","PBIST","1","16","6","76","10","77","2","25","18","393","","","","","","","","",""
"","PBIST","1","16","6","77","3","77","20","25","18","657","","","","","","","","",""
"","PBIST","1","16","6","77","21","78","13","25","18","483","","","","","","","","",""
"","PBIST","1","16","6","78","14","79","6","25","18","558","","","","","","","","",""
"","PBIST","1","16","6","79","7","79","24","25","18","478","","","","","","","","",""
"","PBIST","1","16","6","80","0","80","17","25","18","552","","","","","","","","",""
"","PBIST","1","16","6","80","18","81","10","25","18","685","","","","","","","","",""
"","PBIST","1","16","6","81","11","82","3","25","18","646","","","","","","","","",""
"","PBIST","1","16","6","82","4","82","21","25","18","520","","","","","","","","",""
"","PBIST","1","16","6","82","22","83","14","25","18","544","","","","","","","","",""
"","PBIST","1","16","6","83","15","84","7","25","18","496","","","","","","","","",""
"","PBIST","1","16","6","84","8","85","0","25","18","488","","","","","","","","",""
"","PBIST","1","16","6","85","1","85","18","25","18","463","","","","","","","","",""
"","PBIST","1","16","6","85","19","86","11","25","18","482","","","","","","","","",""
"","PBIST","1","16","6","86","12","87","4","25","18","480","","","","","","","","",""
"","PBIST","1","16","6","87","5","87","22","25","18","455","","","","","","","","",""
"","PBIST","1","16","6","87","23","88","15","25","18","518","","","","","","","","",""
"","PBIST","1","16","6","88","16","89","8","25","18","578","","","","","","","","",""
"","PBIST","1","16","6","89","9","92","5","25","72","1478","","","","","","","","",""
"","PBIST","1","16","6","92","6","95","2","25","72","1479","","","","","","","","",""
"","PBIST","1","16","6","95","3","97","24","25","72","1491","","","","","","","","",""
"","PBIST","1","16","6","98","0","100","21","25","72","1490","","","","","","","","",""
"","PBIST","1","16","6","100","22","101","14","25","18","1280","","","","","","","","",""
"","PBIST","1","16","6","101","15","102","7","25","18","1405","","","","","","","","",""
"","PBIST","1","16","6","102","8","103","0","25","18","1436","","","","","","","","",""
"","PBIST","1","16","6","103","1","103","18","25","18","1470","","","","","","","","",""
"","PBIST","1","16","6","103","19","104","11","25","18","865","","","","","","","","",""
"","PBIST","1","16","6","104","12","105","4","25","18","738","","","","","","","","",""
"","PBIST","1","16","6","105","5","105","22","25","18","817","","","","","","","","",""
"","PBIST","1","16","6","105","23","106","15","25","18","818","","","","","","","","",""
"","PBIST","1","16","6","106","16","107","8","25","18","861","","","","","","","","",""
"","PBIST","1","16","6","107","9","108","1","25","18","729","","","","","","","","",""
"","PBIST","1","16","6","108","2","108","19","25","18","774","","","","","","","","",""
"","PBIST","1","16","6","108","20","109","12","25","18","831","","","","","","","","",""
"","PBIST","1","16","6","109","13","110","5","25","18","776","","","","","","","","",""
"","PBIST","1","16","6","110","6","110","23","25","18","716","","","","","","","","",""
"","PBIST","1","16","6","110","24","111","16","25","18","792","","","","","","","","",""
"","SCRATCH_REESERVED2","1","16","6","111","17","121","0","25","234","","","","","","","","","",""
"","TempSensor1","1","16","6","121","1","121","24","25","24","","","","","","","","","",""
"","PB2_VSR_SENSENP","1","16","6","122","0","127","24","25","150","","","","","","","","","",""
"","TIRepairRow","1","","7","0","0","0","24","25","25","","","","","","","","","",""
"","TIRepairRow","1","","7","1","0","1","24","25","25","","","","","","","","","",""
"","TIRepairRow","1","","7","2","0","2","24","25","25","","","","","","","","","",""
"","TIRepairRow","1","","7","3","0","3","24","25","25","","","","","","","","","",""
"","OTP_FROM7","1","24","7","4","0","9","24","25","150","","","","","","","","","",""
"","OTP_FROM7_UID","1","24","7","10","0","15","24","25","150","","","","","","","","","",""
"","OTP_FROM7_MEK","1","24","7","16","0","28","24","25","325","","","","","","","","","",""
"","OTP_FROM7_SMEK","1","24","7","29","0","41","24","25","325","","","","","","","","","",""
"","OTP_FROM7_SMPK","1","24","7","42","0","54","24","25","325","","","","","","","","","",""
"","Custom","1","24","7","55","0","65","24","25","275","","","","","","","","","",""
"","Custom","1","24","7","66","0","68","24","25","75","","","","","","","","","",""
"","Custom","1","24","7","69","0","74","24","25","150","","","","","","","","","",""
"","Custom","1","24","7","75","0","80","24","25","150","","","","","","","","","",""
"","Custom","1","24","7","81","0","127","24","25","1175","","","","","","","","","",""
"","TIRepairRow","1","","8","0","0","0","24","25","25","","","","","","","","","",""
"","TIRepairRow","1","","8","1","0","1","24","25","25","","","","","","","","","",""
"","TIRepairRow","1","","8","2","0","2","24","25","25","","","","","","","","","",""
"","TIRepairRow","1","","8","3","0","3","24","25","25","","","","","","","","","",""
"","OTP_ROM8","1","24","8","4","0","122","2","25","2953","","","","","","","","","",""
"","Custom","1","24","8","119","0","127","24","25","225","","","","","","","","","",""
