node_id,SuiteName,bypassed,stop_sbins,category_sbins,multi_sbins
60,PinShortsTestPerPin_st_nIForce,,,1002,10
2454,PB_PLL_DSP_COLD_AtSpeedVmax_st,,,1087,
2172,PB_PLL_DSP_C3_6_PG_AtSpeedVskewPhi_st,,,1524,
3250,HAFTAA_C3DSPA_PG_VminSearch_st,,,1672,
84,CTCS_Start_st,,,1005,992
823,CHAIN_P03_PG_2_FuncVmin_st,,,1218,
1032,LED_SPI_PG_AtSpeedVmin_st,,,1391,
749,SetupBrdgVmin,,,,X_63
2277,PB_PLL_SDP_G4_1_PG_AtSpeedVskewPhi_st,,,1576,
2083,PB_PLL_RTA_T0_F_COLD_AtSpeedVskewPhi_st,,,1540,
3330,LED_DDR_DATAPHY_I_B_PG_FreqSearch_st,Y,,1672,X_14
509,CHAIN_SRCH_P00_PG_FuncVmin_st,Y,,1215,X_14
3236,LED_PHY_PCIE_PG_VminSearch_st,Y,,1672,X_14
1072,Shmoo_ARM_SLo_1,Y,,,
866,LED_INTC_PG_AtSpeedVmin_st,,,1370,
2113,PB_PLL_RTA_T0_F_PG_AtSpeedVskewPhi_st,,,1540,
76,DCPinOpensTestPerPin_st_pIForce_SigGroup,,,1001,8
2709,LED_PLLCTRL_PG_AtSpeedVmax_st,Y,,1191,X_14
1676,P_SRCH_S4A_G5_2DO_PG_AtSpeedVmin_st,Y,,1331,
1775,P_SRCH_UHD_AA_3PR_PG_AtSpeedVmin_st,Y,,1349,
2681,PB_PLL_UHD_C2_4_PG_AtSpeedVmax_st,,,1160,
2878,P_SRCH_1PR_C1_3DO_PG_AtSpeedVmax_st,Y,,1082,
2827,P_SRCH_S1R_G4_1PR_PG_AtSpeedVmax_st,Y,,1118,
676,CHAIN_P08_PG_3_FuncVmin_st,,,1223,
3010,P_SRCH_S4A_G0_2DO_PG_AtSpeedVmax_st,Y,,1128,
2184,PB_PLL_S1R_G1_1_PG_AtSpeedVskewPhi_st,,,1543,
55,SupplyShortsPre2_st_old,Y,,,
3016,P_SRCH_S4A_G1_1DO_PG_AtSpeedVmax_st,Y,,1129,
2604,PB_PLL_S4A_G7_2_PG_AtSpeedVmax_st,,,1142,
2609,LED_PA_PG_AtSpeedVmax_cold_st,,,1180,
1799,P_SRCH_UHD_C3_3PR_PG_AtSpeedVmin_st,Y,,1354,
2657,PB_PLL_SDP_G5_1_PG_AtSpeedVmax_st,,,1149,
3228,binSrch_RTA_M0_1DO_PG_VminSearch_st,Y,,1672,X_14
226,PB_PLL_S1R_Gx_COLD_AtSpeedVmax_st,,,1114,
2496,PB_PLL_2PR_C3_3_PG_AtSpeedVmax_st,,,1084,
3416,TRANS_P07_C3_PG_FreqSearch_st_eng,,,,X_14
1556,P_SRCH_S1R_G3_1DO_PG_AtSpeedVmin_st,Y,,1310,
1211,PB_PLL_S1R_G0_1_PG_AtSpeedVmin_st,,,1307,
3272,binSrch_LED_ARM_AA_PG_VminSearch_st,,,1672,
758,BRDG_SRCH_P02_PG_FuncVmin_st,,,1244,
1023,LED_QMSS_PG_AtSpeedVmin_st,,,1387,
58,DieIDPreRead_Shortn_st,Y,,,X_32|X_30|X_31|X_23|X_25|X_24|X_27|X_26|X_29|X_28
2815,P_SRCH_S1R_G2_1PR_PG_AtSpeedVmax_st,Y,,1116,
2442,TRANS_P10_C1_PG_AtSpeedVmax_st,,,1070,
704,SAF_SRCH_P07_PG_FuncVmin_st,Y,,1235,X_14
1625,P_SRCH_S4A_G1_1PR_PG_AtSpeedVmin_st,Y,,1322,
2347,PB_PLL_DSP_T0_F_PG_AtSpeedVmax_st,,,1098,
1020,LED_PSC_PG_AtSpeedVmin_st,,,1385,
3322,TRANS_P09_C2_PG_FreqSearch_st,Y,,1672,
976,LED_MSMC_PG_AtSpeedVmin_st,,,1372,
2098,PB_PLL_RTA_G4_1_PG_AtSpeedVskewPhi_st,,,1534,
3163,P_SRCH_SSP_M0_1PR_PG_AtSpeedVmax_st,Y,,1155,
3130,P_SRCH_SDP_G4_1DO_PG_AtSpeedVmax_st,Y,,1148,
707,SAF_SRCH_P10_PG_FuncVmin_st,Y,,1238,X_14
1205,PB_PLL_RTA_G6_1_PG_AtSpeedVmin_st,,,1301,
2717,LED_TCP_PG_AtSpeedVmax_st,Y,,1202,X_14
1391,P_SRCH_2PR_C1_3DO_PG_AtSpeedVmin_st,Y,,1274,
3422,TFTOutlierScreen_eng,,,,X_14
1904,TRANS_SRCH_P07_C6_PG_AtSpeedVmin_st,Y,,1260,
779,BRDG_SRCH_P10_PG_FuncVmin_st,,,1252,
2896,P_SRCH_1PR_T0_1DO_PG_AtSpeedVmax_st,Y,,1079,
1421,P_SRCH_DSP_AA_6DO_PG_AtSpeedVmin_st,Y,,1282,
2684,PB_PLL_UHD_C3_3_PG_AtSpeedVmax_st,,,1161,
1883,TRANS_SRCH_P04_CB_PG_AtSpeedVmin_st,Y,,1257,
2316,PB_PLL_DSP_T0_F_PG_AtSpeedVskewPhi_st,,,1526,
1685,P_SRCH_S4A_G6_1PR_PG_AtSpeedVmin_st,Y,,1332,
816,BRDG_SRCH_P03_PG_FuncVmin_st,,,1245,
3031,P_SRCH_S4A_G2_1PR_PG_AtSpeedVmax_st,Y,,1131,
2092,PB_PLL_RTA_G2_1_PG_AtSpeedVskewPhi_st,,,1532,
1827,P_SRCH_RTA_T0_FDO_PG_AtSpeedVmin_st,Y,,1305,
3365,CTCS_SearchFmax,,,,X_3997|X_4000|X_3998|X_3999
2675,PB_PLL_UHD_C1_3_PG_AtSpeedVmax_st,,,1157,
97,XtrIdriveTest_CORE_HVT,Y,,,X_403
278,PB_PLL_S1R_G4_1_PG_AtSpeedVmax_st,,,1118,
133,IddqVnom_IqC08Ful_______KP20_001_st_PM1_FUNC,,,1591,X_1313
3064,P_SRCH_S4A_G5_1DO_PG_AtSpeedVmax_st,Y,,1137,
3001,P_SRCH_S4A_AA_2PR_PG_AtSpeedVmax_st,Y,,1127,
1757,P_SRCH_SDP_G7_1PR_PG_AtSpeedVmin_st,Y,,1344,
2118,PB_PLL_S1R_COLD_AtSpeedVskewPhi_st,,,1541,
2326,LED_PHY_PCIE_PG_AtSpeedVmax_st,,,1186,
3415,TRANS_P06_C1_PG_FreqSearch_st_eng,,,,X_14
588,CHAIN_P05_PG_1_FuncVmin_st,,,1220,
2612,LED_USB_PG_AtSpeedVmax_cold_st,,,1206,
3178,P_SRCH_UHD_C2_3DO_PG_AtSpeedVmax_st,Y,,1158,
393,PB_PLL_RTA_G6_1_PG_AtSpeedVmax_st,,,1108,
2860,P_SRCH_DSP_T0_TDO_PG_AtSpeedVmax_st,Y,,1100,
1688,P_SRCH_S4A_G6_2DO_PG_AtSpeedVmin_st,Y,,1333,
2758,P_SRCH_RTA_AA_1DO_PG_AtSpeedVmax_st,Y,,1101,
354,CHAIN_P00_PG_1_FuncVmaxFT_st,,,1022,
3269,binSrch_LED_GEM_XM_AG_PG_VminSearch_st,,,1672,
93,CTCS_Thermal,,,,X_4024|X_4023|X_4022|X_4021
1715,P_SRCH_SDP_G0_1PR_PG_AtSpeedVmin_st,Y,,1337,
177,SAF_SRCH_P01_PG_FuncVmaxFT_st,Y,,1036,X_14
2914,P_SRCH_2PR_C2_2DO_PG_AtSpeedVmax_st,Y,,1083,
1547,P_SRCH_S1R_G1_1PR_PG_AtSpeedVmin_st,Y,,1308,
3127,P_SRCH_SDP_G3_1PR_PG_AtSpeedVmax_st,Y,,1147,
1280,PB_PLL_S4A_G5_2_PG_AtSpeedVmin_st,,,1331,
2917,P_SRCH_2PR_C2_2PR_PG_AtSpeedVmax_st,Y,,1083,
1160,PB_PLL_DSP_C2_3_PG_AtSpeedVmin_st,,,1284,
2214,PB_PLL_S4A_G0_1_PG_AtSpeedVskewPhi_st,,,1554,
1283,PB_PLL_S4A_G6_1_PG_AtSpeedVmin_st,,,1332,
1448,P_SRCH_DSP_C2_6PR_PG_AtSpeedVmin_st,Y,,1285,
2466,PB_PLL_SSP_COLD_AtSpeedVmax_st,,,1153,
521,CHAIN_SRCH_P07_PG_FuncVmin_st,Y,,1222,X_14
263,SAF_P07_PG_FuncVmaxFT_st,,,1042,
3388,TRANS_P03_C1_PG_VminSearch_st_eng,,,,X_14
3213,binSrch_HAFTAA_RTA_PG_VminSearch_st,Y,,1672,X_14
1400,P_SRCH_2PR_C2_2PR_PG_AtSpeedVmin_st,Y,,1276,
1544,P_SRCH_S1R_G1_1DO_PG_AtSpeedVmin_st,Y,,1308,
381,CHAIN_P09_PG_1_FuncVmaxFT_st,,,1031,
2009,TRANS_SRCH_P07_CA_PG_AtSpeedVmin_st,Y,,1260,
1226,PB_PLL_S1R_G5_1_PG_AtSpeedVmin_st,,,1312,
22,CTCS_End_Of_Lot_st,,,,
1406,P_SRCH_2PR_C3_3PR_PG_AtSpeedVmin_st,Y,,1277,
584,CHAIN_P04_PG_1_FuncVmin_st,,,1219,
761,BRDG_SRCH_P04_PG_FuncVmin_st,,,1246,
532,CHAIN_P00_PG_FuncVmin_st,,,1215,
958,LED_MPU_PG_AtSpeedVmin_cold_st,,,1371,
114,IddqVmin1_IqC08Ful_______KP20_000_st_PM1_FUNC,,,1592,X_1313
150,FuseChainAddr_st,Y,,,
700,SAF_SRCH_P02_PG_FuncVmin_st,Y,,1230,X_14
421,CHAIN_P06_PG_2_FuncVmaxFT_st,,,1028,
3285,ALL_XX_MC_PG_VminSearch_st,Y,,1672,X_14
1071,Shmoo_ARM_Core_1,Y,,,
3344,TRANS_P03_C1_PG_FreqSearch_st,,,1672,
1057,LED_VCP_PG_AtSpeedVmin_st,,,1401,
1748,P_SRCH_SDP_G6_1DO_PG_AtSpeedVmin_st,Y,,1343,
2511,PB_PLL_DSP_C3_3_PG_AtSpeedVmax_st,,,1095,
967,LED_GEM_PG_AtSpeedVmin_cold_st,,,1367,
2998,P_SRCH_S4A_AA_2DO_PG_AtSpeedVmax_st,Y,,1127,
985,LED_FFTC_PG_AtSpeedVmin_st,,,1366,
257,SAF_P05_PG_FuncVmaxFT_st,,,1040,
2086,PB_PLL_RTA_G0_1_PG_AtSpeedVskewPhi_st,,,1530,
3394,LED_MSMC_AG_PG_FreqSearch_st_eng,Y,,,X_14
1913,TRANS_SRCH_P09_C3_PG_AtSpeedVmin_st,Y,,1262,
296,BRDG_P06_PG_FuncVmaxFT_st,Y,,1055,X_14
2734,TRANS_SRCH_P10_C1_PG_AtSpeedVmax_st,Y,,1070,
1430,P_SRCH_DSP_C1_3PR_PG_AtSpeedVmin_st,Y,,1281,
3347,TRANS_P04_C1_PG_FreqSearch_st,,,,
2148,PB_PLL_DSP_AA_3_PG_AtSpeedVskewPhi_st,,,1515,
656,CHAIN_P02_PG_3_FuncVmin_st,,,1217,
1271,PB_PLL_S4A_G4_1_PG_AtSpeedVmin_st,,,1328,
2953,P_SRCH_DSP_C1_6PR_PG_AtSpeedVmax_st,Y,,1090,
2980,P_SRCH_DSP_C3_6DO_PG_AtSpeedVmax_st,Y,,1096,
193,CHAIN_P01_PG_FuncVmaxFT_st,,,1023,
1640,P_SRCH_S4A_G2_2DO_PG_AtSpeedVmin_st,Y,,1325,
35,CTCS_Read_st,,,,995|988
341,PB_PLL_RTA_G0_1_PG_AtSpeedVmax_st,,,1102,
735,SAF_P09_PG_FuncVmin_st,,,1237,
2045,Shmoo_TRANS_P10_C1_1_min,Y,,,
564,CHAIN_P09_PG_FuncVmin_st,,,1224,
764,BRDG_SRCH_P05_PG_FuncVmin_st,,,1247,
77,DCPinOpensTest_st_pIForce,,,1001,8
1502,P_SRCH_RTA_G3_1PR_PG_AtSpeedVmin_st,Y,,1298,
2381,LED_DATPHY_DDR_1p1_8,,,1663,
165,CHAIN_SRCH_P00_PG_FuncVmaxFT_st,Y,,1022,X_14
2372,LED_DATPHY_DDR_1p1_5,,,1663,
2034,TRANS_P10_C1_PG_AtSpeedVmin_st,,,1263,
185,SAF_SRCH_P09_PG_FuncVmaxFT_st,Y,,1044,X_14
2369,LED_DATPHY_DDR_1p1_4,,,1663,
2694,LED_SRCH_GEM_PG_AtSpeedVmax_st,Y,,1174,X_14
767,BRDG_SRCH_P06_PG_FuncVmin_st,,,1248,
787,BRDG_P06_PG_1_FuncVmin_st,Y,,1248,X_14
3226,LED_MSMC_AG_PG_VminSearch_st,Y,,1672,X_14
297,BRDG_P06_PG_1_FuncVmaxFT_st,Y,,1055,X_14
3257,HAFTAA_RTA_PG_VminSearch_st,,,1672,
982,LED_EDMA_PG_AtSpeedVmin_st,,,1364,
2196,PB_PLL_S1R_G5_1_PG_AtSpeedVskewPhi_st,,,1547,
3405,S1R_T0_1DO_PG_FreqSearch_st_eng2,,,,X_14
3361,TFTOutlierScreen_pg2,,,,X_14
1766,P_SRCH_SSP_M0_1DO_PG_AtSpeedVmin_st,Y,,1348,
2574,PB_PLL_S4A_G2_2_PG_AtSpeedVmax_st,,,1132,
3359,TRANS_P10_C1_PG_FreqSearch_st,,,1672,
1661,P_SRCH_S4A_G4_1PR_PG_AtSpeedVmin_st,Y,,1328,
2687,LED_AIF_PG_AtSpeedVmax_st,Y,,1163,X_14
1169,PB_PLL_DSP_C1_6_PG_AtSpeedVmin_st,,,1283,
74,PinOpensTest_st_nIForce,,,1001,8
3332,LED_DDR_DATAPHY_E_B_PG_FreqSearch_st,Y,,1672,X_14
1475,P_SRCH_RTA_AA_1DO_PG_AtSpeedVmin_st,Y,,1294,
162,CTCS_START_FuncVmax,,,,
1631,P_SRCH_S4A_G1_2PR_PG_AtSpeedVmin_st,Y,,1323,
2692,LED_GPIO_PG_AtSpeedVmax_st,Y,,1175,X_14
232,PB_PLL_S1R_G0_1_PG_AtSpeedVmax_st,,,1114,
988,LED_GEM_PG_AtSpeedVmin_st,,,1367,
726,SAF_P06_PG_FuncVmin_st,,,1234,
457,CHAIN_P08_PG_3_FuncVmaxFT_st,,,1030,
813,SAF_P03_PG_FuncVmin_st,,,1231,
1838,TRANS_P01_PG_AtSpeedVmin_st,,,1254,
3151,P_SRCH_SDP_G7_1PR_PG_AtSpeedVmax_st,Y,,1151,
2289,PB_PLL_SSP_C1_3_PG_AtSpeedVskewPhi_st,,,1581,
540,CHAIN_P02_PG_FuncVmin_st,,,1217,
705,SAF_SRCH_P08_PG_FuncVmin_st,Y,,1236,X_14
1451,P_SRCH_DSP_C3_2DO_PG_AtSpeedVmin_st,Y,,1287,
1679,P_SRCH_S4A_G5_2PR_PG_AtSpeedVmin_st,Y,,1331,
3106,P_SRCH_SDP_G0_1DO_PG_AtSpeedVmax_st,Y,,1144,
714,SAF_P01_PG_FuncVmin_st,,,1229,
1442,P_SRCH_DSP_C2_3PR_PG_AtSpeedVmin_st,Y,,1284,
1484,P_SRCH_RTA_G0_1PR_PG_AtSpeedVmin_st,Y,,1295,
87,CTCS_Purge_CT_st,,,1006,994|987
1208,PB_PLL_RTA_G7_1_PG_AtSpeedVmin_st,,,1302,
770,BRDG_SRCH_P07_PG_FuncVmin_st,,,1249,
644,CHAIN_P09_PG_2_FuncVmin_st,,,1224,
3037,P_SRCH_S4A_G2_2PR_PG_AtSpeedVmax_st,Y,,1132,
2514,PB_PLL_DSP_AA_6_PG_AtSpeedVmax_st,,,1089,
910,LED_PHY_AIF_PG_AtSpeedVmin_st,,,1375,
2335,Shmoo_PHY_VUSR_max,Y,,,
3384,RTA_T0_FDO_PG_VminSearch_st_eng,Y,,,X_14
33,CTCS_Init_manual_st,,,1005,X_993
2295,PB_PLL_UHD_AA_3_PG_AtSpeedVskewPhi_st,,,1584,
3399,LED_GEM_L2_AG_PG_FreqSearch_st_eng,,,,X_14
2893,P_SRCH_1PR_C3_4PR_PG_AtSpeedVmax_st,Y,,1078,
1496,P_SRCH_RTA_G2_1PR_PG_AtSpeedVmin_st,Y,,1297,
1847,TRANS_P05_PG_1_AtSpeedVmin_st,,,1258,
2932,P_SRCH_DSP_AA_3DO_PG_AtSpeedVmax_st,Y,,1087,
874,LED_PCIE_PG_AtSpeedVmin_cold_st,,,1374,
151,EfuseRunAutoload_st,Y,,,
3277,C3DSPA_PG_VminSearch_st,Y,,1672,
1235,PB_PLL_S1R_T0_1_PG_AtSpeedVmin_st,,,1122,
1454,P_SRCH_DSP_C3_2PR_PG_AtSpeedVmin_st,Y,,1287,
99,XtrIdriveTest_CORE_LVT,Y,,,X_404
1042,LED_SRCH_MSMC_PG_AtSpeedVmin_st,Y,,1372,
3323,SRCH_P04_C1_PG_FreqSearch_st,Y,,1672,X_14
2441,Shmoo_TRANS_P10_C1_max,Y,,,
3397,LED_BCP_AG_PG_FreqSearch_st_eng2,,,,X_14
2592,PB_PLL_S4A_G5_2_PG_AtSpeedVmax_st,,,1138,
3218,binSrch_LED_BCP_AG_PG_VminSearch_st,Y,,1672,X_14
3133,P_SRCH_SDP_G4_1PR_PG_AtSpeedVmax_st,Y,,1148,
472,SAF_FULCHP_PG_FuncVmaxFT_st,,,1048,
506,CTCS_START_Vmin,,,,
636,CHAIN_P07_PG_2_FuncVmin_st,,,1222,
96,NULLDUT_1,Y,,,X_400
1466,P_SRCH_DSP_C3_6PR_PG_AtSpeedVmin_st,Y,,1289,
703,SAF_SRCH_P06_PG_FuncVmin_st,Y,,1234,X_14
1478,P_SRCH_RTA_AA_1PR_PG_AtSpeedVmin_st,Y,,1294,
2962,P_SRCH_DSP_C2_6DO_PG_AtSpeedVmax_st,Y,,1091,
596,CHAIN_P07_PG_1_FuncVmin_st,,,1222,
1811,P_SRCH_DSP_T0_FPR_PG_AtSpeedVmin_st,Y,,1291,
861,LED_USB_PG_AtSpeedVmin_st,,,1399,
451,CHAIN_P06_PG_3_FuncVmaxFT_st,,,1028,
1853,TRANS_P07_PG_1_AtSpeedVmin_st,,,1260,
1772,P_SRCH_UHD_AA_3DO_PG_AtSpeedVmin_st,Y,,1349,
3251,HAFTAA_C3DSPA_PG_VminSearch_st_new_search,Y,,,
141,IddqVmax_IqC08Ful_______KP20_000_st_CCE,Y,,,
1001,LED_ALLCORES_PG_AtSpeedVmin_st,,,1357,
2688,LED_DDR_PG_AtSpeedVmax_st,Y,,1170,X_14
2526,PB_PLL_DSP_C3_2_PG_AtSpeedVmax_st,,,1094,
2869,P_SRCH_RTA_G4_1PR_PG_AtSpeedVmax_st,Y,,1106,
913,LED_PHY_SGMII_PG_AtSpeedVmin_st,,,1380,
1670,P_SRCH_S4A_G5_1DO_PG_AtSpeedVmin_st,Y,,1330,
2223,PB_PLL_S4A_G1_2_PG_AtSpeedVskewPhi_st,,,1558,
1172,PB_PLL_DSP_C2_6_PG_AtSpeedVmin_st,,,1285,
2012,TRANS_SRCH_P08_C3_PG_AtSpeedVmin_st,Y,,1261,
3160,P_SRCH_SSP_M0_1DO_PG_AtSpeedVmax_st,Y,,1155,
2280,PB_PLL_SDP_G5_1_PG_AtSpeedVskewPhi_st,,,1577,
3142,P_SRCH_SDP_G6_1DO_PG_AtSpeedVmax_st,Y,,1150,
3118,P_SRCH_SDP_G2_1DO_PG_AtSpeedVmax_st,Y,,1146,
2562,PB_PLL_S4A_G0_2_PG_AtSpeedVmax_st,,,1128,
463,CHAIN_P10_PG_3_FuncVmaxFT_st,,,1032,
3157,P_SRCH_SSP_C1_3PR_PG_AtSpeedVmax_st,Y,,1153,
3309,S1R_G0_1DO_PG_FreqSearch_st,,,1672,
154,SRc0PowerTest,,,,X_54|X_63|X_53
52,DieIDPreRead_SupplyShort_st_1,Y,,,
3368,CTCS_START_Search_eng,,,,
1193,PB_PLL_RTA_G2_1_PG_AtSpeedVmin_st,,,1297,
1250,PB_PLL_S4A_G0_2_PG_AtSpeedVmin_st,,,1321,
481,CHAIN_SRCH_DFTSS_PG_FuncVmaxFT_st,,,1033,
3445,Cres_Pins_st,,,1000,X_110
3434,EndOfFlowThaw,,,,X_989
1142,PB_PLL_2PR_C1_3_PG_AtSpeedVmin_st,,,1274,
2015,TRANS_SRCH_P08_C6_PG_AtSpeedVmin_st,Y,,1261,
1889,TRANS_SRCH_P06_C1_PG_AtSpeedVmin_st,Y,,1259,
1934,TRANS_P04_PG_AtSpeedVmin_st,,,1257,
2238,PB_PLL_S4A_G4_1_PG_AtSpeedVskewPhi_st,,,1563,
2499,PB_PLL_2PR_C3_4_PG_AtSpeedVmax_st,,,1085,
138,IddqVmax_IqC08Ful_______KP20_000_st_PM1_FUNC,Y,,,X_1313
1059,LED_OTHERS_10_PG_AtSpeedVmin_st,Y,,1409,X_14
2666,PB_PLL_SSP_C1_3_PG_AtSpeedVmax_st,,,1153,
849,LED_PHY_VUSR_PG_AtSpeedVmin_st,,,1382,
1364,P_SRCH_1PR_C1_3PR_PG_AtSpeedVmin_st,Y,,1267,
21,CTCS_Auto_Tune_PID_st,Y,,1006,
2737,P_SRCH_RTA_M0_1DO_PG_AtSpeedVmax_st,Y,,1110,
1862,TRANS_SRCH_P01_C1_PG_AtSpeedVmin_st,Y,,1254,
1727,P_SRCH_SDP_G2_1PR_PG_AtSpeedVmin_st,Y,,1339,
2419,LED_DATPHY_DDR_PG_AtSpeedVmax_st,,,1663,
100,XtrIdriveTest_1P5V_DUT,Y,,,X_402
3219,LED_BCP_AG_PG_VminSearch_st,Y,,1672,X_14
2298,PB_PLL_UHD_C1_3_PG_AtSpeedVskewPhi_st,,,1585,
32,Thermal_init,,,1605,999
1850,TRANS_P06_PG_1_AtSpeedVmin_st,,,1259,
396,PB_PLL_RTA_G7_1_PG_AtSpeedVmax_st,,,1109,
1763,P_SRCH_SSP_C1_3PR_PG_AtSpeedVmin_st,Y,,1346,
1565,P_SRCH_S1R_G4_1PR_PG_AtSpeedVmin_st,Y,,1311,
3425,CTCS_SearchFmax_eng,,,,X_3997|X_4000|X_3998|X_3999
3175,P_SRCH_UHD_C1_3PR_PG_AtSpeedVmax_st,Y,,1157,
2695,LED_SRCH_MSMC_PG_AtSpeedVmax_st,Y,,1179,X_14
2190,PB_PLL_S1R_G3_1_PG_AtSpeedVskewPhi_st,,,1545,
698,SAF_SRCH_P00_PG_FuncVmin_st,Y,,1228,X_14
2006,TRANS_SRCH_P06_CA_PG_AtSpeedVmin_st,Y,,1259,
786,BRDG_P06_PG_FuncVmin_st,Y,,1248,X_14
181,SAF_SRCH_P05_PG_FuncVmaxFT_st,Y,,1040,X_14
1532,P_SRCH_RTA_M0_1PR_PG_AtSpeedVmin_st,Y,,1303,
1002,LED_ATDF_PG_AtSpeedVmin_st,Y,,1359,X_14
3324,LED_PHY_AIF_PG_FreqSearch_st,Y,,1672,X_14
1103,PB_PLL_RTA_Gx_COLD_AtSpeedVmin_st,,,1295,
2051,SpeedSortVert_TRANS_4,,,,
1415,P_SRCH_DSP_AA_3DO_PG_AtSpeedVmin_st,Y,,1280,
3316,TRANS_P05_C3_PG_FreqSearch_st,,,1672,
251,SAF_P03_PG_FuncVmaxFT_st,,,1038,
941,LED_BOOT_PG_AtSpeedVmin_st,,,1362,
3232,LED_PHY_AIF_PG_VminSearch_st,Y,,1672,X_14
1898,TRANS_SRCH_P07_C3_PG_AtSpeedVmin_st,Y,,1260,
1664,P_SRCH_S4A_G4_2DO_PG_AtSpeedVmin_st,Y,,1329,
1823,PB_PLL_RTA_T0_F_PG_AtSpeedVmin_st,,,1305,
2543,Shmoo_PHY_USB_max,Y,,,
196,CHAIN_P02_PG_FuncVmaxFT_st,,,1024,
287,PB_PLL_S1R_G7_1_PG_AtSpeedVmax_st,,,1121,
3398,LED_EDMA_AG_PG_FreqSearch_st_eng,Y,,,X_14
3019,P_SRCH_S4A_G1_1PR_PG_AtSpeedVmax_st,Y,,1129,
3403,S1R_G0_1DO_PG_FreqSearch_st_eng,,,,X_14
1553,P_SRCH_S1R_G2_1PR_PG_AtSpeedVmin_st,Y,,1309,
832,SAF_FULCHP_PG_FuncVmin_st,,,1241,
1940,TRANS_P06_PG_AtSpeedVmin_st,,,1259,
652,CHAIN_P01_PG_3_FuncVmin_st,,,1216,
1712,P_SRCH_SDP_G0_1DO_PG_AtSpeedVmin_st,Y,,1337,
2700,LED_XGE_PG_AtSpeedVmax_st,Y,,1210,X_14
475,BRDG_SRCH_FULCHP_PG_FuncVmax_st,,,1060,
3263,SAF_P00_P10_PG_VminSearch_st,,,1672,
245,SAF_P01_PG_FuncVmaxFT_st,,,1036,
2770,P_SRCH_RTA_G2_1PR_PG_AtSpeedVmax_st,Y,,1104,
424,CHAIN_P07_PG_2_FuncVmaxFT_st,,,1029,
702,SAF_SRCH_P05_PG_FuncVmin_st,Y,,1233,X_14
2601,PB_PLL_S4A_G7_1_PG_AtSpeedVmax_st,,,1141,
2104,PB_PLL_RTA_G6_1_PG_AtSpeedVskewPhi_st,,,1536,
281,PB_PLL_S1R_G5_1_PG_AtSpeedVmax_st,,,1119,
1054,LED_USIM_PG_AtSpeedVmin_st,,,1400,
1979,TRANS_SRCH_P03_C6_PG_AtSpeedVmin_st,Y,,1256,
3414,TRANS_P04_C3_PG_FreqSearch_st_eng,,,,X_14
13,UpdateGuardBand,,,,
1289,PB_PLL_S4A_G7_1_PG_AtSpeedVmin_st,,,1334,
1970,TRANS_SRCH_P03_C1_PG_AtSpeedVmin_st,Y,,1256,
2415,LED_DATPHY_DDR_1p2_9,,,1663,
2061,TRANS_SRCH_P10_C6_PG_AtSpeedVmin_st,Y,,1263,
604,CHAIN_P09_PG_1_FuncVmin_st,,,1224,
1166,PB_PLL_DSP_AA_6_PG_AtSpeedVmin_st,,,1282,
2199,PB_PLL_S1R_G6_1_PG_AtSpeedVskewPhi_st,,,1548,
2568,PB_PLL_S4A_G1_2_PG_AtSpeedVmax_st,,,1130,
190,CHAIN_P00_PG_FuncVmaxFT_st,,,1022,
378,CHAIN_P08_PG_1_FuncVmaxFT_st,,,1030,
3260,CHAIN_P00_P10_PG_VminSearch_st,,,1672,
2406,LED_DATPHY_DDR_1p2_6,,,1663,
504,CTCS_FuncVmax,,,,
314,BRDG_SRCH_P03_PG_FuncVmaxFT_st,,,1052,
1925,TRANS_P01_PG_1_AtSpeedVmin_st,,,1254,
3224,LED_GEM_XM_AG_PG_VminSearch_st,Y,,1672,X_14
1736,P_SRCH_SDP_G4_1DO_PG_AtSpeedVmin_st,Y,,1341,
1571,P_SRCH_S1R_G5_1PR_PG_AtSpeedVmin_st,Y,,1312,
384,CHAIN_P10_PG_1_FuncVmaxFT_st,,,1032,
919,LED_DDR_PG_AtSpeedVminDDR3L_st,,,1408,
2884,P_SRCH_1PR_C3_3DO_PG_AtSpeedVmax_st,Y,,1078,
998,LED_SRSS_PG_AtSpeedVmin_st,,,1393,
1646,P_SRCH_S4A_G3_1DO_PG_AtSpeedVmin_st,Y,,1326,
269,SAF_P09_PG_FuncVmaxFT_st,,,1044,
3085,P_SRCH_S4A_G6_2PR_PG_AtSpeedVmax_st,Y,,1140,
2956,P_SRCH_DSP_C2_3DO_PG_AtSpeedVmax_st,Y,,1091,
302,BRDG_P10_PG_FuncVmaxFT_st,Y,,1059,X_14
556,CHAIN_P07_PG_FuncVmin_st,,,1222,
1005,LED_BCR_PG_AtSpeedVmin_st,,,1361,
2304,PB_PLL_UHD_C2_4_PG_AtSpeedVskewPhi_st,,,1588,
3242,binSrch_ALL_XX_MC_PG_VminSearch_st,Y,,1672,X_14
1790,P_SRCH_UHD_C2_4DO_PG_AtSpeedVmin_st,Y,,1353,
855,LED_USB_PG_AtSpeedVmin_cold_st,,,1399,
1796,P_SRCH_UHD_C3_3DO_PG_AtSpeedVmin_st,Y,,1354,
3148,P_SRCH_SDP_G7_1DO_PG_AtSpeedVmax_st,Y,,1151,
387,PB_PLL_RTA_G4_1_PG_AtSpeedVmax_st,,,1106,
80,DCPinOpensTest_st_nIForce,,,1001,8
1382,P_SRCH_1PR_T0_1PR_PG_AtSpeedVmin_st,Y,,1270,
1961,TRANS_SRCH_P02_C8_PG_AtSpeedVmin_st,Y,,1255,
54,SupplyShortsPre2_st,Y,,1003,9
1523,P_SRCH_RTA_G7_1DO_PG_AtSpeedVmin_st,Y,,1302,
122,IddqVmin1_IqC08Ful_______KP20_001_st_CCE,,,,
1427,P_SRCH_DSP_C1_3DO_PG_AtSpeedVmin_st,Y,,1281,
2340,LED_PHY_XGE_PG_AtSpeedVmax_st,,,1190,
1658,P_SRCH_S4A_G4_1DO_PG_AtSpeedVmin_st,Y,,1328,
1082,Shmoo_ARM_SLo,Y,,,
2697,LED_UART_PG_AtSpeedVmax_st,Y,,1205,X_14
89,CTCS_Purge_st,,,1006,994|987
3382,S1R_T0_1DO_PG_VminSearch_st_eng,Y,,,X_14
3419,TRANS_P10_CPU_PG_FreqSearch_st_eng2,Y,,,X_14
1038,LED_SRCH_GEM_PG_AtSpeedVmin_st,Y,,1367,
120,IddqVmin1_IqC08Ful_______KP20_001_st_PM1_MEAS,,,1594,X_1313
1667,P_SRCH_S4A_G4_2PR_PG_AtSpeedVmin_st,Y,,1329,
711,SAF_P00_PG_FuncVmin_st,,,1228,
836,CTCS_START_AtSpeedVmin,,,,
1991,TRANS_SRCH_P04_C4_PG_AtSpeedVmin_st,Y,,1257,
2003,TRANS_SRCH_P06_C8_PG_AtSpeedVmin_st,Y,,1259,
3198,CTCS_VskewVmax,,,,X_4009|X_4012|X_4010|X_4011
3341,TRANS_P01_C1_PG_FreqSearch_st,,,1672,
1436,P_SRCH_DSP_C1_6PR_PG_AtSpeedVmin_st,Y,,1283,
496,PB_PLL_RTA_T0_F_COLD_AtSpeedVmax_st,,,1112,
2702,LED_ATDF_PG_AtSpeedVmax_st,Y,,1166,X_14
1592,P_SRCH_S2A_C3_2DO_PG_AtSpeedVmin_st,Y,,1317,
1649,P_SRCH_S4A_G3_1PR_PG_AtSpeedVmin_st,Y,,1326,
91,Thermo_Sensors_Calibration,,,1660,X_998|X_4041|X_4040|X_4043|X_4042|X_4045|X_4044|X_4047|X_4046|X_4049|X_4048|X_4028|X_4027|X_4026|X_4052|X_4053|X_4050|X_4051|X_4056|X_4057|X_4054|X_4055|X_4058|X_4038|X_4039|X_4032|X_4033|X_4034|X_4035|X_4036|X_4037
664,CHAIN_P05_PG_3_FuncVmin_st,,,1220,
1472,P_SRCH_DSP_T0_TPR_PG_AtSpeedVmin_st,Y,,1291,
2743,P_SRCH_RTA_T0_FDO_PG_AtSpeedVmax_st,Y,,1112,
3266,BRDG_FULCHP_VminSearch_st,,,,
173,CHAIN_SRCH_P08_PG_FuncVmaxFT_st,Y,,1030,X_14
3407,TRANS_P05_C3_PG_FreqSearch_st_eng,,,,X_14
1946,TRANS_P08_PG_AtSpeedVmin_st,,,1261,
369,CHAIN_P05_PG_1_FuncVmaxFT_st,,,1027,
1508,P_SRCH_RTA_G4_1PR_PG_AtSpeedVmin_st,Y,,1299,
3383,S1R_T0_1DO_PG_VminSearch_st_eng2,,,,X_14
305,BRDG_SRCH_P00_PG_FuncVmaxFT_st,,,1049,
3378,RTA_PG_VminSearchESDA_st_eng,,,,
3313,TRANS_P02_C2_PG_FreqSearch_st,,,1672,
1694,P_SRCH_S4A_G7_1DO_PG_AtSpeedVmin_st,Y,,1334,
3046,P_SRCH_S4A_G3_2DO_PG_AtSpeedVmax_st,Y,,1134,
2301,PB_PLL_UHD_C2_3_PG_AtSpeedVskewPhi_st,,,1586,
1337,PB_PLL_UHD_C2_4_PG_AtSpeedVmin_st,,,1353,
332,BRDG_SRCH_P09_PG_FuncVmaxFT_st,,,1058,
1014,LED_I2C_PG_AtSpeedVmin_st,,,1369,
454,CHAIN_P07_PG_3_FuncVmaxFT_st,,,1029,
513,CHAIN_SRCH_P02_PG_FuncVmin_st,Y,,1217,X_14
124,IddqVnom_IqC08Ful_______KP20_000_st_PM1_FUNC,,,1591,X_1313
885,LED_SGMII_PG_AtSpeedVmin_st,Y,,1404,X_14
826,CHAIN_P03_PG_3_FuncVmin_st,,,1218,
1277,PB_PLL_S4A_G5_1_PG_AtSpeedVmin_st,,,1330,
3280,OTHER_PG_VminSearch_st,Y,,1672,
817,BRDG_P03_PG_FuncVmin_st,Y,,1245,X_14
1304,PB_PLL_SDP_G2_1_PG_AtSpeedVmin_st,,,1339,
2175,PB_PLL_DSP_T0_T_PG_AtSpeedVskewPhi_st,,,1528,
317,BRDG_SRCH_P04_PG_FuncVmaxFT_st,,,1053,
214,CHAIN_P08_PG_FuncVmaxFT_st,,,1030,
71,DieIDPreRead_Open_st,Y,,,X_32|X_30|X_31|X_23|X_25|X_24|X_27|X_26|X_29|X_28
780,BRDG_P00_PG_FuncVmin_st,Y,,1242,X_14
115,IddqVmin1_IqC08Ful_______KP20_000_st_PM1_MEAS,,,1593,X_1313
3379,ALL_XX_MC_PG_VminSearch_st_eng,,,,X_14
1886,TRANS_SRCH_P05_C6_PG_AtSpeedVmin_st,Y,,1258,
2154,PB_PLL_DSP_C1_3_PG_AtSpeedVskewPhi_st,,,1516,
272,SAF_P10_PG_FuncVmaxFT_st,,,1045,
2713,LED_SGMII_PG_AtSpeedVmax_st,Y,,1211,X_14
1673,P_SRCH_S4A_G5_1PR_PG_AtSpeedVmin_st,Y,,1330,
2534,LED_INTC_PG_AtSpeedVmax_st,,,1177,
580,CHAIN_P02_PG_1_FuncVmin_st,,,1217,
1937,TRANS_P05_PG_AtSpeedVmin_st,,,1258,
2968,P_SRCH_DSP_C3_2DO_PG_AtSpeedVmax_st,Y,,1094,
1481,P_SRCH_RTA_G0_1DO_PG_AtSpeedVmin_st,Y,,1295,
792,BRDG_P10_PG_FuncVmin_st,Y,,1252,X_14
290,BRDG_P01_PG_FuncVmaxFT_st,Y,,1050,X_14
2824,P_SRCH_S1R_G4_1DO_PG_AtSpeedVmax_st,Y,,1117,
620,CHAIN_P02_PG_2_FuncVmin_st,,,1217,
1347,PB_PLL_RTA_M0_1_PG_AtSpeedVmin_st,,,1303,
3112,P_SRCH_SDP_G1_1DO_PG_AtSpeedVmax_st,Y,,1145,
260,SAF_P06_PG_FuncVmaxFT_st,,,1041,
648,CHAIN_P10_PG_2_FuncVmin_st,,,1225,
1232,PB_PLL_S1R_G7_1_PG_AtSpeedVmin_st,,,1314,
1943,TRANS_P07_PG_AtSpeedVmin_st,,,1260,
932,SpeedSortVert_LED,,,,
964,LED_FFTC_PG_AtSpeedVmin_cold_st,,,1366,
499,PB_PLL_RTA_T0_F_PG_AtSpeedVmax_st,,,1112,
2066,CTCS_AtSpeedVmin,,,,X_4004|X_4001|X_4003|X_4002
375,CHAIN_P07_PG_1_FuncVmaxFT_st,,,1029,
1367,P_SRCH_1PR_C3_3DO_PG_AtSpeedVmin_st,Y,,1268,
2042,SpeedSortVert_TRANS_5,,,,
2030,SpeedSortVert_TRANS_3,,,,
1835,SpeedSortVert_TRANS_1,,,,
1493,P_SRCH_RTA_G2_1DO_PG_AtSpeedVmin_st,Y,,1297,
129,VDDRAM_IddqVnom_IqC08Ful_KP20_000_Hardline,Y,,,53
2703,LED_BCP_PG_AtSpeedVmax_st,Y,,1167,X_14
1229,PB_PLL_S1R_G6_1_PG_AtSpeedVmin_st,,,1313,
61,PinShortsTest_st_nIForce,,,1002,10
1628,P_SRCH_S4A_G1_2DO_PG_AtSpeedVmin_st,Y,,1323,
174,CHAIN_SRCH_P09_PG_FuncVmaxFT_st,Y,,1031,X_14
1613,P_SRCH_S4A_G0_1PR_PG_AtSpeedVmin_st,Y,,1319,
2259,PB_PLL_S4A_G7_2_PG_AtSpeedVskewPhi_st,,,1570,
1106,PB_PLL_S1R_Gx_COLD_AtSpeedVmin_st,,,1307,
1706,P_SRCH_SDP_AA_1DO_PG_AtSpeedVmin_st,Y,,1336,
3284,RTA_PG_VminSearchESDA_st,Y,,,
2712,LED_SEC_PG_AtSpeedVmax_st,Y,,1196,X_14
38,SetupBBT,,,,11|110
3225,binSrch_LED_MSMC_AG_PG_VminSearch_st,Y,,1672,X_14
2151,PB_PLL_DSP_AA_6_PG_AtSpeedVskewPhi_st,,,1517,
2160,PB_PLL_DSP_C2_3_PG_AtSpeedVskewPhi_st,,,1519,
3381,LED_ARM_AA_PG_VminSearch_st_eng2,,,,X_14
3097,P_SRCH_S4A_G7_2PR_PG_AtSpeedVmax_st,Y,,1142,
2107,PB_PLL_RTA_G7_1_PG_AtSpeedVskewPhi_st,,,1537,
1511,P_SRCH_RTA_G5_1DO_PG_AtSpeedVmin_st,Y,,1300,
2451,PB_PLL_2PR_COLD_AtSpeedVmax_st,,,1080,
2782,P_SRCH_RTA_G5_1PR_PG_AtSpeedVmax_st,Y,,1107,
1045,LED_TCP_PG_AtSpeedVmin_st,,,1395,
1256,PB_PLL_S4A_G1_2_PG_AtSpeedVmin_st,,,1323,
2728,TRANS_SRCH_P03_C1_PG_AtSpeedVmax_st,Y,,1063,
1604,P_SRCH_S4A_AA_2DO_PG_AtSpeedVmin_st,Y,,1320,
1379,P_SRCH_1PR_T0_1DO_PG_AtSpeedVmin_st,Y,,1270,
3061,P_SRCH_S4A_G4_2PR_PG_AtSpeedVmax_st,Y,,1136,
1859,TRANS_P09_PG_1_AtSpeedVmin_st,,,1262,
511,CHAIN_SRCH_P01_PG_FuncVmin_st,Y,,1216,X_14
2540,LED_SRSS_PG_AtSpeedVmax_st,,,1200,
1112,PB_PLL_S4A_AA_Gx_COLD_AtSpeedVmin_st,,,1318,
2833,P_SRCH_S1R_G5_1PR_PG_AtSpeedVmax_st,Y,,1119,
103,XtrVtTest,Y,,,
723,SAF_P05_PG_FuncVmin_st,,,1233,
1418,P_SRCH_DSP_AA_3PR_PG_AtSpeedVmin_st,Y,,1280,
810,SAF_SRCH_P03_PG_FuncVmin_st,,,1231,
548,CHAIN_P05_PG_FuncVmin_st,,,1220,
3229,RTA_M0_1DO_PG_VminSearch_st,Y,,1672,X_14
2025,PB_PLL_RTA_AA_1_PG_AtSpeedVmin_st,,,1294,
1301,PB_PLL_SDP_G1_1_PG_AtSpeedVmin_st,,,1338,
1895,TRANS_SRCH_P06_C6_PG_AtSpeedVmin_st,Y,,1259,
140,IddqVmax_IqC08Ful_______KP20_000_st_end_FUNC,Y,,,X_1313
2797,P_SRCH_S1R_AA_1PR_PG_AtSpeedVmax_st,Y,,1113,
3290,CTCS_START_SearchFmax,,,,
1124,PB_PLL_1PR_AA_3_PG_AtSpeedVmin_st,,,1266,
3234,LED_PHY_SRIO_PG_VminSearch_st,Y,,1672,X_14
293,BRDG_P03_PG_FuncVmaxFT_st,Y,,1052,X_14
1026,LED_SEC_PG_AtSpeedVmin_st,,,1389,
1097,PB_PLL_2PR_COLD_AtSpeedVmin_st,,,1273,
3410,TRANS_P01_C1_PG_FreqSearch_st_eng,,,,X_14
3293,LED_ARM_AA_PG_FreqSearch_st,,,1672,
1754,P_SRCH_SDP_G7_1DO_PG_AtSpeedVmin_st,Y,,1344,
3420,TRANS_P10_CPU_PG_FreqSearch_st_0p6_eng,,,,X_14
119,IddqVmin1_IqC08Ful_______KP20_001_st_PM1_FUNC,,,1592,X_1313
732,SAF_P08_PG_FuncVmin_st,,,1236,
1181,PB_PLL_DSP_T0_T_PG_AtSpeedVmin_st,,,1293,
788,BRDG_P07_PG_FuncVmin_st,Y,,1249,X_14
289,BRDG_P00_PG_FuncVmaxFT_st,Y,,1049,X_14
1029,LED_SM2_PG_AtSpeedVmin_st,,,1390,
2971,P_SRCH_DSP_C3_2PR_PG_AtSpeedVmax_st,Y,,1094,
1769,P_SRCH_SSP_M0_1PR_PG_AtSpeedVmin_st,Y,,1348,
699,SAF_SRCH_P01_PG_FuncVmin_st,Y,,1229,X_14
186,SAF_SRCH_P10_PG_FuncVmaxFT_st,Y,,1045,X_14
3371,HAFTAA_RTA_PG_VminSearch_st_eng,,,,X_14
433,CHAIN_P10_PG_2_FuncVmaxFT_st,,,1032,
1051,LED_UART_PG_AtSpeedVmin_st,,,1398,
2992,P_SRCH_S4A_AA_1DO_PG_AtSpeedVmax_st,Y,,1125,
2715,LED_SPI_PG_AtSpeedVmax_st,Y,,1198,X_14
3327,LED_PHY_SRIO_PG_FreqSearch_st,Y,,1672,X_14
403,CHAIN_P00_PG_2_FuncVmaxFT_st,,,1022,
2881,P_SRCH_1PR_C1_3PR_PG_AtSpeedVmax_st,Y,,1082,
104,ODP_IcapTest_st,Y,,,
2708,LED_PCIE_PG_AtSpeedVmax_st,Y,,1181,X_14
1538,P_SRCH_S1R_G0_1DO_PG_AtSpeedVmin_st,Y,,1307,
612,CHAIN_P00_PG_2_FuncVmin_st,,,1215,
3121,P_SRCH_SDP_G2_1PR_PG_AtSpeedVmax_st,Y,,1146,
2887,P_SRCH_1PR_C3_3PR_PG_AtSpeedVmax_st,Y,,1078,
366,CHAIN_P04_PG_1_FuncVmaxFT_st,,,1026,
2854,P_SRCH_DSP_T0_FDO_PG_AtSpeedVmax_st,Y,,1098,
2583,PB_PLL_S4A_G4_1_PG_AtSpeedVmax_st,,,1135,
672,CHAIN_P07_PG_3_FuncVmin_st,,,1222,
2851,P_SRCH_S1R_T0_1PR_PG_AtSpeedVmax_st,Y,,1122,
184,SAF_SRCH_P08_PG_FuncVmaxFT_st,Y,,1043,X_14
2235,PB_PLL_S4A_G3_2_PG_AtSpeedVskewPhi_st,,,1562,
149,EfuseInitCheck_st,,,1608,X_14
1017,LED_PLLCTRL_PG_AtSpeedVmin_st,,,1384,
1058,LED_OTHERS_01_PG_AtSpeedVmin_st,Y,,1409,X_14
1292,PB_PLL_S4A_G7_2_PG_AtSpeedVmin_st,,,1335,
1622,P_SRCH_S4A_G1_1DO_PG_AtSpeedVmin_st,Y,,1322,
2773,P_SRCH_RTA_G3_1DO_PG_AtSpeedVmax_st,Y,,1105,
347,PB_PLL_RTA_G2_1_PG_AtSpeedVmax_st,,,1104,
49,DieIDPreRead_SupplyShort_st,Y,,,
2663,PB_PLL_SDP_G7_1_PG_AtSpeedVmax_st,,,1151,
865,Shmoo_INTC_Vmin,Y,,,
2080,PB_PLL_RTA_AA_1_PG_AtSpeedVskewPhi_st,,,1529,
208,CHAIN_P06_PG_FuncVmaxFT_st,,,1028,
1907,TRANS_SRCH_P08_C4_PG_AtSpeedVmin_st,Y,,1261,
242,SAF_P00_PG_FuncVmaxFT_st,,,1035,
1298,PB_PLL_SDP_G0_1_PG_AtSpeedVmin_st,,,1337,
2181,PB_PLL_S1R_G0_1_PG_AtSpeedVskewPhi_st,,,1542,
1217,PB_PLL_S1R_G2_1_PG_AtSpeedVmin_st,,,1309,
3334,LED_DDR_ACPHY_I_B_PG_FreqSearch_st,Y,,1672,X_14
399,PB_PLL_RTA_M0_1_PG_AtSpeedVmax_st,,,1110,
1724,P_SRCH_SDP_G2_1DO_PG_AtSpeedVmin_st,Y,,1339,
3373,SAF_P00_P10_PG_VminSearch_st_eng,,,,X_14
2701,LED_ALLCORES_PG_AtSpeedVmax_st,Y,,1164,X_14
2651,PB_PLL_SDP_G3_1_PG_AtSpeedVmax_st,,,1147,
2110,PB_PLL_RTA_M0_1_PG_AtSpeedVskewPhi_st,,,1538,
3136,P_SRCH_SDP_G5_1DO_PG_AtSpeedVmax_st,Y,,1149,
2271,PB_PLL_SDP_G2_1_PG_AtSpeedVskewPhi_st,,,1574,
789,BRDG_P08_PG_FuncVmin_st,Y,,1250,X_14
979,LED_MPU_PG_AtSpeedVmin_st,,,1371,
1100,PB_PLL_DSP_COLD_AtSpeedVmin_st,,,1280,
688,CHAIN_SRCH_DFTSS_PG_FuncVmin_st,,,1226,
2136,PB_PLL_2PR_C1_3_PG_AtSpeedVskewPhi_st,,,1509,
1559,P_SRCH_S1R_G3_1PR_PG_AtSpeedVmin_st,Y,,1310,
202,CHAIN_P04_PG_FuncVmaxFT_st,,,1026,
2621,LED_ARM_PG_AtSpeedVmax_st,,,1165,
701,SAF_SRCH_P04_PG_FuncVmin_st,Y,,1232,X_14
1148,PB_PLL_2PR_C3_3_PG_AtSpeedVmin_st,,,1277,
2983,P_SRCH_DSP_C3_6PR_PG_AtSpeedVmax_st,Y,,1096,
2941,P_SRCH_DSP_AA_6PR_PG_AtSpeedVmax_st,Y,,1089,
1175,PB_PLL_DSP_C3_6_PG_AtSpeedVmin_st,,,1289,
295,BRDG_P05_PG_FuncVmaxFT_st,Y,,1054,X_14
2253,PB_PLL_S4A_G6_2_PG_AtSpeedVskewPhi_st,,,1568,
729,SAF_P07_PG_FuncVmin_st,,,1235,
844,Shmoo_PHY_XGE_min,Y,,,
3022,P_SRCH_S4A_G1_2DO_PG_AtSpeedVmax_st,Y,,1130,
2764,P_SRCH_RTA_G1_1PR_PG_AtSpeedVmax_st,Y,,1103,
755,BRDG_SRCH_P01_PG_FuncVmin_st,,,1243,
1703,P_SRCH_S4A_G7_2PR_PG_AtSpeedVmin_st,Y,,1335,
1841,TRANS_P02_PG_1_AtSpeedVmin_st,,,1255,
3401,LED_GEM_XM_AG_PG_FreqSearch_st_eng2,,,,X_14
2749,P_SRCH_RTA_AA_1PR_PG_AtSpeedVmax_st,Y,,1101,
3169,P_SRCH_UHD_AA_3PR_PG_AtSpeedVmax_st,Y,,1156,
127,IddqVnom_IqC08Ful_______KP20_000_st_CCE,,,,
2672,PB_PLL_UHD_AA_3_PG_AtSpeedVmax_st,,,1156,
3241,binSrch_RTA_PG_VminSearch_st,Y,,1672,X_14
2678,PB_PLL_UHD_C2_3_PG_AtSpeedVmax_st,,,1158,
2944,P_SRCH_DSP_C1_3DO_PG_AtSpeedVmax_st,Y,,1088,
412,CHAIN_P03_PG_2_FuncVmaxFT_st,,,1025,
744,SAF_PWRSWT_PG_FuncVmin_st,,,1240,
2354,LED_DATPHY_DDR_1p05,,,1663,
3103,P_SRCH_SDP_AA_1PR_PG_AtSpeedVmax_st,Y,,1143,
1463,P_SRCH_DSP_C3_6DO_PG_AtSpeedVmin_st,Y,,1289,
1086,LED_SRCH_ARM_PG_AtSpeedVmin_st,Y,,1358,X_14
229,PB_PLL_S1R_T0_1_PG_AtSpeedVmax_st,,,1122,
1081,Shmoo_ARM_Core,Y,,,
1580,P_SRCH_S1R_G7_1DO_PG_AtSpeedVmin_st,Y,,1314,
525,CHAIN_SRCH_P09_PG_FuncVmin_st,Y,,1224,X_14
2577,PB_PLL_S4A_G3_1_PG_AtSpeedVmax_st,,,1133,
121,IddqVmin1_IqC08Ful_______KP20_001_st_end_FUNC,Y,,,X_1313
2157,PB_PLL_DSP_C1_6_PG_AtSpeedVskewPhi_st,,,1518,
2645,PB_PLL_SDP_G1_1_PG_AtSpeedVmax_st,,,1145,
1784,P_SRCH_UHD_C2_3DO_PG_AtSpeedVmin_st,Y,,1351,
2767,P_SRCH_RTA_G2_1DO_PG_AtSpeedVmax_st,Y,,1104,
3328,LED_PHY_VUSR_PG_FreqSearch_st,Y,,1672,X_14
3430,VerifyProgramVIDSpeeds,,,,X_11
1730,P_SRCH_SDP_G3_1DO_PG_AtSpeedVmin_st,Y,,1340,
2095,PB_PLL_RTA_G3_1_PG_AtSpeedVskewPhi_st,,,1533,
973,LED_GPIO_PG_AtSpeedVmin_st,,,1368,
752,BRDG_SRCH_P00_PG_FuncVmin_st,,,1242,
418,CHAIN_P05_PG_2_FuncVmaxFT_st,,,1027,
970,LED_RAC_PG_AtSpeedVmin_cold_st,,,1388,
2429,TRANS_P01_PG_1_AtSpeedVmax_st,,,1061,
2911,P_SRCH_2PR_C1_3PR_PG_AtSpeedVmax_st,Y,,1080,
3073,P_SRCH_S4A_G5_2PR_PG_AtSpeedVmax_st,Y,,1138,
294,BRDG_P04_PG_FuncVmaxFT_st,Y,,1053,X_14
1373,P_SRCH_1PR_C3_4DO_PG_AtSpeedVmin_st,Y,,1270,
2721,LED_USIM_PG_AtSpeedVmax_st,Y,,1207,X_14
1568,P_SRCH_S1R_G5_1DO_PG_AtSpeedVmin_st,Y,,1312,
3305,LED_GEM_XM_AG_PG_FreqSearch_st,,,1672,
884,LED_AIF_PG_AtSpeedVmin_st,,,1356,
493,SAF_PWRSWT_PG_FuncVmaxFT_st,,,1047,
1643,P_SRCH_S4A_G2_2PR_PG_AtSpeedVmin_st,Y,,1325,
1637,P_SRCH_S4A_G2_1PR_PG_AtSpeedVmin_st,Y,,1324,
2344,PB_PLL_DSP_T0_T_PG_AtSpeedVmax_st,,,1100,
3411,TRANS_P03_C1_PG_FreqSearch_st_eng,,,,X_14
1355,P_SRCH_1PR_AA_3DO_PG_AtSpeedVmin_st,Y,,1266,
892,LED_XGE_PG_AtSpeedVmin_st,Y,,1403,X_14
1376,P_SRCH_1PR_C3_4PR_PG_AtSpeedVmin_st,Y,,1270,
1259,PB_PLL_S4A_G2_1_PG_AtSpeedVmin_st,,,1324,
2268,PB_PLL_SDP_G1_1_PG_AtSpeedVskewPhi_st,,,1573,
183,SAF_SRCH_P07_PG_FuncVmaxFT_st,Y,,1042,X_14
484,CHAIN_SRCH_PWRSWT_PG_FuncVmaxFT_st,,,1034,
3231,S1R_T0_1DO_PG_VminSearch_st,Y,,1672,X_14
1550,P_SRCH_S1R_G2_1DO_PG_AtSpeedVmin_st,Y,,1309,
3220,binSrch_LED_GEM_AG_PG_VminSearch_st,Y,,1672,X_14
2502,PB_PLL_DSP_AA_3_PG_AtSpeedVmax_st,,,1087,
2472,PB_PLL_1PR_AA_3_PG_AtSpeedVmax_st,,,1073,
466,PB_PLL_RTA_AA_1_PG_AtSpeedVmax_st,,,1101,
2211,PB_PLL_S4A_AA_2_PG_AtSpeedVskewPhi_st,,,1555,
3294,LED_MSMC_AG_PG_FreqSearch_st,Y,,1672,X_14
1139,PB_PLL_2PR_AA_3_PG_AtSpeedVmin_st,,,1273,
3306,RTA_M0_1DO_PG_FreqSearch_st,Y,,1672,X_14
2256,PB_PLL_S4A_G7_1_PG_AtSpeedVskewPhi_st,,,1569,
1721,P_SRCH_SDP_G1_1PR_PG_AtSpeedVmin_st,Y,,1338,
3377,RTA_PG_VminSearch_st_eng,,,,X_14
1976,TRANS_SRCH_P03_C3_PG_AtSpeedVmin_st,Y,,1256,
3215,DDRDATAPHY_E_A_PG_VminSearch_st,Y,,1672,X_14
1487,P_SRCH_RTA_G1_1DO_PG_AtSpeedVmin_st,Y,,1296,
2923,P_SRCH_2PR_C3_3PR_PG_AtSpeedVmax_st,Y,,1084,
3331,LED_DDR_DATAPHY_E_A_PG_FreqSearch_st,Y,,1672,X_14
1742,P_SRCH_SDP_G5_1DO_PG_AtSpeedVmin_st,Y,,1342,
858,LED_PA_PG_AtSpeedVmin_st,,,1373,
2463,PB_PLL_SDP_COLD_AtSpeedVmax_st,,,1143,
2547,PB_PLL_ROM_PG_AtSpeedVmax_st,,,1162,
2457,PB_PLL_DSP_T0_F_COLD_AtSpeedVmax_st,,,1098,
1109,PB_PLL_S2A_COLD_AtSpeedVmin_st,,,1317,
2307,PB_PLL_UHD_C3_3_PG_AtSpeedVskewPhi_st,,,1589,
2310,PB_PLL_1PR_T0_1_PG_AtSpeedVskewPhi_st,,,1507,
1328,PB_PLL_UHD_AA_3_PG_AtSpeedVmin_st,,,1349,
1238,PB_PLL_S2A_C3_2_PG_AtSpeedVmin_st,,,1317,
490,SAF_SRCH_PWRSWT_PG_FuncVmaxFT_st,,,1047,
323,BRDG_SRCH_P06_PG_FuncVmaxFT_st,,,1055,
329,BRDG_SRCH_P08_PG_FuncVmaxFT_st,,,1057,
1760,P_SRCH_SSP_C1_3DO_PG_AtSpeedVmin_st,Y,,1346,
572,CHAIN_P00_PG_1_FuncVmin_st,,,1215,
2487,PB_PLL_2PR_AA_3_PG_AtSpeedVmax_st,,,1080,
3049,P_SRCH_S4A_G3_2PR_PG_AtSpeedVmax_st,Y,,1134,
1958,TRANS_SRCH_P02_C4_PG_AtSpeedVmin_st,Y,,1255,
2313,PB_PLL_S1R_T0_1_PG_AtSpeedVskewPhi_st,,,1550,
2627,LED_I2C_PG_AtSpeedVmax_st,,,1176,
2565,PB_PLL_S4A_G1_1_PG_AtSpeedVmax_st,,,1129,
741,SAF_SRCH_PWRSWT_PG_FuncVmin_st,,,1240,
2791,P_SRCH_RTA_G7_1DO_PG_AtSpeedVmax_st,Y,,1109,
1652,P_SRCH_S4A_G3_2DO_PG_AtSpeedVmin_st,Y,,1327,
2716,LED_SRCH_ARM_PG_AtSpeedVmax_st,Y,,1165,X_14
3013,P_SRCH_S4A_G0_2PR_PG_AtSpeedVmax_st,Y,,1128,
600,CHAIN_P08_PG_1_FuncVmin_st,,,1223,
2595,PB_PLL_S4A_G6_1_PG_AtSpeedVmax_st,,,1139,
2076,CTCS_START_VskewVmax,,,,
1619,P_SRCH_S4A_G0_2PR_PG_AtSpeedVmin_st,Y,,1321,
2089,PB_PLL_RTA_G1_1_PG_AtSpeedVskewPhi_st,,,1531,
519,CHAIN_SRCH_P06_PG_FuncVmin_st,Y,,1221,X_14
3214,binSrch_DDRDATAPHY_E_A_PG_VminSearch_st,Y,,1672,X_14
1793,P_SRCH_UHD_C2_4PR_PG_AtSpeedVmin_st,Y,,1353,
199,CHAIN_P03_PG_FuncVmaxFT_st,,,1025,
2332,LED_PHY_SRIO_PG_AtSpeedVmax_st,,,1188,
3217,binSrch_SAF_P00_P10_PG_VminSearch_st,Y,,1672,X_14
2818,P_SRCH_S1R_G3_1DO_PG_AtSpeedVmax_st,Y,,1116,
2705,LED_BOOT_PG_AtSpeedVmax_st,Y,,1169,X_14
102,XtrIdriveTest_SRAM,Y,,,X_405
144,IddqVmax_IqC08Ful_______KP20_001_st_PM1_MEAS,Y,,,X_1313
3417,TRANS_P10_C1_PG_FreqSearch_st_eng,,,,X_14
1700,P_SRCH_S4A_G7_2DO_PG_AtSpeedVmin_st,Y,,1335,
3088,P_SRCH_S4A_G7_1DO_PG_AtSpeedVmax_st,Y,,1141,
1085,LED_ARM_PG_AtSpeedVmin_st,,,1358,
1091,SpeedSortVert_PBIST_NON_T0,,,,
576,CHAIN_P01_PG_1_FuncVmin_st,,,1216,
2145,PB_PLL_2PR_C3_4_PG_AtSpeedVskewPhi_st,,,1514,
991,LED_RAC_PG_AtSpeedVmin_st,,,1388,
1121,PB_PLL_UHD_COLD_AtSpeedVmin_st,,,1349,
2706,LED_MPU_PG_AtSpeedVmax_st,Y,,1178,X_14
799,BRDG_FULCHP_PG_FuncVmin_st,,,1253,
1967,TRANS_SRCH_P02_CB_PG_AtSpeedVmin_st,Y,,1255,
2432,TRANS_P03_PG_AtSpeedVmax_st,,,1063,
1319,PB_PLL_SDP_G7_1_PG_AtSpeedVmin_st,,,1344,
1163,PB_PLL_DSP_C3_3_PG_AtSpeedVmin_st,,,1288,
3389,CTCS_SearchVmin_eng,,,,X_4005|X_4007|X_4006|X_4008
2166,PB_PLL_DSP_C3_2_PG_AtSpeedVskewPhi_st,,,1522,
1433,P_SRCH_DSP_C1_6DO_PG_AtSpeedVmin_st,Y,,1283,
3376,OTHER_PG_VminSearch_st_eng,,,,X_14
1157,PB_PLL_DSP_C1_3_PG_AtSpeedVmin_st,,,1281,
223,PB_PLL_S1R_AA_1_PG_AtSpeedVmax_st,,,1113,
2220,PB_PLL_S4A_G1_1_PG_AtSpeedVskewPhi_st,,,1557,
536,CHAIN_P01_PG_FuncVmin_st,,,1216,
1814,PB_PLL_DSP_T0_F_COLD_AtSpeedVmin_st,,,1291,
2863,P_SRCH_DSP_T0_TPR_PG_AtSpeedVmax_st,Y,,1100,
2746,P_SRCH_RTA_T0_FPR_PG_AtSpeedVmax_st,Y,,1112,
3360,TRANS_P10_CPU_PG_FreqSearch_st,Y,,1672,X_14
3100,P_SRCH_SDP_AA_1DO_PG_AtSpeedVmax_st,Y,,1143,
1220,PB_PLL_S1R_G3_1_PG_AtSpeedVmin_st,,,1310,
2848,P_SRCH_S1R_T0_1DO_PG_AtSpeedVmax_st,Y,,1121,
2731,TRANS_SRCH_P04_C1_PG_AtSpeedVmax_st,Y,,1064,
2639,PB_PLL_SDP_AA_1_PG_AtSpeedVmax_st,,,1143,
163,SPT_VMAX_DOWN_HT,,,,
3244,binSrch_LED_PHY_SGMII_PG_VminSearch_st,Y,,1672,X_14
738,SAF_P10_PG_FuncVmin_st,,,1238,
1490,P_SRCH_RTA_G1_1PR_PG_AtSpeedVmin_st,Y,,1296,
2866,P_SRCH_RTA_G4_1DO_PG_AtSpeedVmax_st,Y,,1106,
2872,P_SRCH_1PR_AA_3DO_PG_AtSpeedVmax_st,Y,,1073,
1070,SpeedSortVert_LED_100ns_65,,,,
1844,TRANS_P04_PG_1_AtSpeedVmin_st,,,1257,
2740,P_SRCH_RTA_M0_1PR_PG_AtSpeedVmax_st,Y,,1110,
427,CHAIN_P08_PG_2_FuncVmaxFT_st,,,1030,
916,LED_PHY_SRIO_PG_AtSpeedVmin_st,,,1381,
784,BRDG_P04_PG_FuncVmin_st,Y,,1246,X_14
684,CHAIN_P10_PG_3_FuncVmin_st,,,1225,
660,CHAIN_P04_PG_3_FuncVmin_st,,,1219,
3418,TRANS_P10_CPU_PG_FreqSearch_st_eng,,,,X_14
608,CHAIN_P10_PG_1_FuncVmin_st,,,1225,
1634,P_SRCH_S4A_G2_1DO_PG_AtSpeedVmin_st,Y,,1324,
1253,PB_PLL_S4A_G1_1_PG_AtSpeedVmin_st,,,1322,
2556,PB_PLL_S4A_AA_2_PG_AtSpeedVmax_st,,,1127,
436,CHAIN_P01_PG_3_FuncVmaxFT_st,,,1023,
2839,P_SRCH_S1R_G6_1PR_PG_AtSpeedVmax_st,Y,,1120,
3235,LED_PHY_XGE_PG_VminSearch_st,Y,,1672,X_14
2989,P_SRCH_S2A_C3_2PR_PG_AtSpeedVmax_st,Y,,1124,
3372,CHAIN_P00_P10_PG_VminSearch_st_eng,,,,X_14
2241,PB_PLL_S4A_G4_2_PG_AtSpeedVskewPhi_st,,,1564,
2761,P_SRCH_RTA_G1_1DO_PG_AtSpeedVmax_st,Y,,1103,
3325,LED_PHY_PCIE_PG_FreqSearch_st,Y,,1672,X_14
747,SAF_SRCH_DFTSS_PG_FuncVmin_st,,,1239,
159,AdaptiveRepair,,,,X_11
2905,P_SRCH_2PR_AA_3PR_PG_AtSpeedVmax_st,Y,,1080,
1529,P_SRCH_RTA_M0_1DO_PG_AtSpeedVmin_st,Y,,1303,
95,ODP_RingOscTest_st,Y,,,X_111
1880,TRANS_SRCH_P04_C8_PG_AtSpeedVmin_st,Y,,1257,
372,CHAIN_P06_PG_1_FuncVmaxFT_st,,,1028,
2696,LED_TIMER_PG_AtSpeedVmax_st,Y,,1203,X_14
773,BRDG_SRCH_P08_PG_FuncVmin_st,,,1250,
848,Shmoo_PHY_VUSR_min,Y,,,
783,BRDG_P02_PG_1_FuncVmin_st,Y,,1244,X_14
284,PB_PLL_S1R_G6_1_PG_AtSpeedVmax_st,,,1120,
2336,LED_PHY_VUSR_PG_AtSpeedVmax_st,,,1189,
2550,PB_PLL_S2A_C3_2_PG_AtSpeedVmax_st,,,1124,
2830,P_SRCH_S1R_G5_1DO_PG_AtSpeedVmax_st,Y,,1118,
3172,P_SRCH_UHD_C1_3DO_PG_AtSpeedVmax_st,Y,,1157,
3442,SupplyShortsPost_st,,,1003,9
2130,PB_PLL_1PR_C3_4_PG_AtSpeedVskewPhi_st,,,1505,
68,DieIDPreRead_st,,,1669,24|25|26|27|23|32|31|30|28|29
717,SAF_P02_PG_FuncVmin_st,,,1230,
1094,PB_PLL_1PR_COLD_AtSpeedVmin_st,,,1266,
2580,PB_PLL_S4A_G3_2_PG_AtSpeedVmax_st,,,1134,
3362,TFTOutlierScreen,,,,X_14
2033,Shmoo_TRANS_P10_C1_min,Y,,,
2571,PB_PLL_S4A_G2_1_PG_AtSpeedVmax_st,,,1131,
248,SAF_P02_PG_FuncVmaxFT_st,,,1037,
3227,LED_ARM_AA_PG_VminSearch_st,Y,,1672,X_14
3246,binSrch_LED_PHY_PCIE_PG_VminSearch_st,Y,,1672,X_14
2875,P_SRCH_1PR_AA_3PR_PG_AtSpeedVmax_st,Y,,1073,
1196,PB_PLL_RTA_G3_1_PG_AtSpeedVmin_st,,,1298,
1460,P_SRCH_DSP_C3_3PR_PG_AtSpeedVmin_st,Y,,1288,
2202,PB_PLL_S1R_G7_1_PG_AtSpeedVskewPhi_st,,,1549,
2929,P_SRCH_2PR_C3_4PR_PG_AtSpeedVmax_st,Y,,1085,
891,LED_VUSR_PG_AtSpeedVmin_st,,,1402,
2101,PB_PLL_RTA_G5_1_PG_AtSpeedVskewPhi_st,,,1535,
3221,LED_GEM_AG_PG_VminSearch_st,Y,,1672,X_14
178,SAF_SRCH_P02_PG_FuncVmaxFT_st,Y,,1037,X_14
1331,PB_PLL_UHD_C1_3_PG_AtSpeedVmin_st,,,1350,
2689,LED_EDMA_PG_AtSpeedVmax_st,Y,,1171,X_14
2323,LED_PHY_AIF_PG_AtSpeedVmax_st,,,1182,
1409,P_SRCH_2PR_C3_4DO_PG_AtSpeedVmin_st,Y,,1279,
1445,P_SRCH_DSP_C2_6DO_PG_AtSpeedVmin_st,Y,,1285,
3370,HAFTAA_OTHER_PG_VminSearch_st_eng,,,,X_14
1190,PB_PLL_RTA_G1_1_PG_AtSpeedVmin_st,,,1296,
2857,P_SRCH_DSP_T0_FPR_PG_AtSpeedVmax_st,Y,,1098,
899,LED_ACPHY_DDR_PG_AtSpeedVmin_st,,,1377,
1080,SpeedSortVert_LED_100ns,,,,
1931,TRANS_P03_PG_AtSpeedVmin_st,,,1256,
2205,PB_PLL_S2A_C3_2_PG_AtSpeedVskewPhi_st,,,1552,
1820,PB_PLL_DSP_T0_F_PG_AtSpeedVmin_st,,,1291,
2193,PB_PLL_S1R_G4_1_PG_AtSpeedVskewPhi_st,,,1546,
1868,TRANS_SRCH_P01_C3_PG_AtSpeedVmin_st,Y,,1254,
1691,P_SRCH_S4A_G6_2PR_PG_AtSpeedVmin_st,Y,,1333,
3254,HAFTAA_OTHER_PG_VminSearch_st,,,1672,
1865,TRANS_SRCH_P01_C2_PG_AtSpeedVmin_st,Y,,1254,
3034,P_SRCH_S4A_G2_2DO_PG_AtSpeedVmax_st,Y,,1132,
1574,P_SRCH_S1R_G6_1DO_PG_AtSpeedVmin_st,Y,,1313,
1316,PB_PLL_SDP_G6_1_PG_AtSpeedVmin_st,,,1343,
1973,TRANS_SRCH_P03_C2_PG_AtSpeedVmin_st,Y,,1256,
1955,TRANS_SRCH_P02_C3_PG_AtSpeedVmin_st,Y,,1255,
1535,P_SRCH_S1R_AA_1PR_PG_AtSpeedVmin_st,Y,,1306,
469,SAF_SRCH_FULCHP_PG_FuncVmaxFT_st,,,1048,
2648,PB_PLL_SDP_G2_1_PG_AtSpeedVmax_st,,,1146,
961,LED_EDMA_PG_AtSpeedVmin_cold_st,,,1364,
3438,BBT_Status,Y,,,X_11
1964,TRANS_SRCH_P02_CA_PG_AtSpeedVmin_st,Y,,1255,
781,BRDG_P01_PG_FuncVmin_st,Y,,1243,X_14
2232,PB_PLL_S4A_G3_1_PG_AtSpeedVskewPhi_st,,,1561,
166,CHAIN_SRCH_P01_PG_FuncVmaxFT_st,Y,,1023,X_14
139,IddqVmax_IqC08Ful_______KP20_000_st_PM1_MEAS,Y,,,X_1313
1199,PB_PLL_RTA_G4_1_PG_AtSpeedVmin_st,,,1299,
2800,P_SRCH_S1R_G0_1DO_PG_AtSpeedVmax_st,Y,,1113,
877,LED_DDR_PG_AtSpeedVmin_st,,,1363,
2974,P_SRCH_DSP_C3_3DO_PG_AtSpeedVmax_st,Y,,1095,
1130,PB_PLL_1PR_C3_3_PG_AtSpeedVmin_st,,,1268,
2704,LED_BCR_PG_AtSpeedVmax_st,Y,,1168,X_14
1808,P_SRCH_DSP_T0_FDO_PG_AtSpeedVmin_st,Y,,1291,
2124,PB_PLL_1PR_C1_3_PG_AtSpeedVskewPhi_st,,,1502,
1817,PB_PLL_RTA_T0_F_COLD_AtSpeedVmin_st,,,1305,
1307,PB_PLL_SDP_G3_1_PG_AtSpeedVmin_st,,,1340,
326,BRDG_SRCH_P07_PG_FuncVmaxFT_st,,,1056,
442,CHAIN_P03_PG_3_FuncVmaxFT_st,,,1025,
2698,LED_VCP_PG_AtSpeedVmax_st,Y,,1208,X_14
171,CHAIN_SRCH_P06_PG_FuncVmaxFT_st,Y,,1028,X_14
3166,P_SRCH_UHD_AA_3DO_PG_AtSpeedVmax_st,Y,,1156,
308,BRDG_SRCH_P01_PG_FuncVmaxFT_st,,,1050,
439,CHAIN_P02_PG_3_FuncVmaxFT_st,,,1024,
3402,RTA_M0_1DO_PG_FreqSearch_st_eng,Y,,,X_14
117,IddqVmin1_IqC08Ful_______KP20_000_st_CCE,,,,
632,CHAIN_P06_PG_2_FuncVmin_st,,,1221,
478,BRDG_FULCHP_PG_FuncVmax_st,,,1060,
2054,Shmoo_TRANS_P10_PG_min,Y,,,
1499,P_SRCH_RTA_G3_1DO_PG_AtSpeedVmin_st,Y,,1298,
1334,PB_PLL_UHD_C2_3_PG_AtSpeedVmin_st,,,1351,
1830,P_SRCH_RTA_T0_FPR_PG_AtSpeedVmin_st,Y,,1305,
62,DieIDPreRead_Shortp_st,Y,,,X_32|X_30|X_31|X_23|X_25|X_24|X_27|X_26|X_29|X_28
3396,LED_BCP_AG_PG_FreqSearch_st_eng,,,,X_14
3326,LED_PHY_SGMII_PG_FreqSearch_st,Y,,1672,X_14
2384,LED_DATPHY_DDR_1p1_9,,,1663,
2169,PB_PLL_DSP_C3_3_PG_AtSpeedVskewPhi_st,,,1523,
1385,P_SRCH_2PR_AA_3DO_PG_AtSpeedVmin_st,Y,,1273,
1601,P_SRCH_S4A_AA_1PR_PG_AtSpeedVmin_st,Y,,1318,
2378,LED_DATPHY_DDR_1p1_7,,,1663,
2375,LED_DATPHY_DDR_1p1_6,,,1663,
2360,LED_DATPHY_DDR_1p1_1,,,1663,
2357,LED_DATPHY_DDR_1p1_0,,,1663,
2366,LED_DATPHY_DDR_1p1_3,,,1663,
2363,LED_DATPHY_DDR_1p1_2,,,1663,
3212,binSrch_HAFTAA_OTHER_PG_VminSearch_st,Y,,1672,X_14
3298,LED_BCP_AG_PG_FreqSearch_st,,,1672,
782,BRDG_P02_PG_FuncVmin_st,Y,,1244,X_14
1060,LED_OTHERS_11_PG_AtSpeedVmin_st,Y,,1409,X_14
2351,LED_TRACER_PG_AtSpeedVmax_st,,,1204,
301,BRDG_P09_PG_1_FuncVmaxFT_st,Y,,1058,X_14
2537,LED_TAC_PG_AtSpeedVmax_st,,,1201,
335,BRDG_SRCH_P10_PG_FuncVmaxFT_st,,,1059,
2163,PB_PLL_DSP_C2_6_PG_AtSpeedVskewPhi_st,,,1520,
2283,PB_PLL_SDP_G6_1_PG_AtSpeedVskewPhi_st,,,1578,
2520,PB_PLL_DSP_C2_6_PG_AtSpeedVmax_st,,,1092,
20,CTCS_Init_st,,,,X_993
1394,P_SRCH_2PR_C1_3PR_PG_AtSpeedVmin_st,Y,,1274,
888,LED_SRIO_PG_AtSpeedVmin_st,,,1392,
3067,P_SRCH_S4A_G5_1PR_PG_AtSpeedVmax_st,Y,,1137,
935,LED_BOOT_PG_AtSpeedVmin_cold_st,,,1362,
2448,PB_PLL_1PR_COLD_AtSpeedVmax_st,,,1073,
944,LED_TRACER_PG_AtSpeedVmin_st,,,1397,
692,CHAIN_SRCH_PWRSWT_PG_FuncVmin_st,,,1227,
2589,PB_PLL_S4A_G5_1_PG_AtSpeedVmax_st,,,1137,
2435,TRANS_P04_PG_AtSpeedVmax_st,,,1064,
2633,LED_SRIO_PG_AtSpeedVmax_st,,,1199,
2262,PB_PLL_SDP_AA_1_PG_AtSpeedVskewPhi_st,,,1571,
415,CHAIN_P04_PG_2_FuncVmaxFT_st,,,1026,
852,LED_PA_PG_AtSpeedVmin_cold_st,,,1373,
2244,PB_PLL_S4A_G5_1_PG_AtSpeedVskewPhi_st,,,1565,
2139,PB_PLL_2PR_C2_2_PG_AtSpeedVskewPhi_st,,,1511,
1595,P_SRCH_S2A_C3_2PR_PG_AtSpeedVmin_st,Y,,1317,
3240,binSrch_OTHER_PG_VminSearch_st,Y,,1672,X_14
706,SAF_SRCH_P09_PG_FuncVmin_st,Y,,1237,X_14
2642,PB_PLL_SDP_G0_1_PG_AtSpeedVmax_st,,,1144,
2938,P_SRCH_DSP_AA_6DO_PG_AtSpeedVmax_st,Y,,1089,
1403,P_SRCH_2PR_C3_3DO_PG_AtSpeedVmin_st,Y,,1277,
1577,P_SRCH_S1R_G6_1PR_PG_AtSpeedVmin_st,Y,,1313,
840,Shmoo_PHY_USB_min,Y,,,
2412,LED_DATPHY_DDR_1p2_8,,,1663,
1424,P_SRCH_DSP_AA_6PR_PG_AtSpeedVmin_st,Y,,1282,
2394,LED_DATPHY_DDR_1p2_2,,,1663,
1008,LED_EMIF_PG_AtSpeedVmin_st,,,1365,
2388,LED_DATPHY_DDR_1p2_0,,,1663,
2391,LED_DATPHY_DDR_1p2_1,,,1663,
1397,P_SRCH_2PR_C2_2DO_PG_AtSpeedVmin_st,Y,,1276,
2409,LED_DATPHY_DDR_1p2_7,,,1663,
2400,LED_DATPHY_DDR_1p2_4,,,1663,
2403,LED_DATPHY_DDR_1p2_5,,,1663,
2618,LED_USB_PG_AtSpeedVmax_st,,,1206,
1223,PB_PLL_S1R_G4_1_PG_AtSpeedVmin_st,,,1311,
829,SAF_SRCH_FULCHP_PG_FuncVmin_st,,,1241,
2250,PB_PLL_S4A_G6_1_PG_AtSpeedVskewPhi_st,,,1567,
2908,P_SRCH_2PR_C1_3DO_PG_AtSpeedVmax_st,Y,,1080,
1610,P_SRCH_S4A_G0_1DO_PG_AtSpeedVmin_st,Y,,1319,
568,CHAIN_P10_PG_FuncVmin_st,,,1225,
1856,TRANS_P08_PG_1_AtSpeedVmin_st,,,1261,
904,LED_DATPHY_DDR_PG_AtSpeedVmin_st,,,1378,
3338,LED_PHY_XGE_PG_FreqSearch_st,Y,,1672,
2660,PB_PLL_SDP_G6_1_PG_AtSpeedVmax_st,,,1150,
2000,TRANS_SRCH_P06_C2_PG_AtSpeedVmin_st,Y,,1259,
2292,PB_PLL_SSP_M0_1_PG_AtSpeedVskewPhi_st,,,1583,
2794,P_SRCH_RTA_G7_1PR_PG_AtSpeedVmax_st,Y,,1109,
2836,P_SRCH_S1R_G6_1DO_PG_AtSpeedVmax_st,Y,,1119,
947,LED_BCP_PG_AtSpeedVmin_st,,,1360,
19,Loadboard_eeprom_check,,,,
2752,P_SRCH_RTA_G0_1DO_PG_AtSpeedVmax_st,Y,,1102,
3380,LED_ARM_AA_PG_VminSearch_st_eng,Y,,,X_14
1877,TRANS_SRCH_P04_C6_PG_AtSpeedVmin_st,Y,,1257,
98,XtrIdriveTest_CORE_SVT,Y,,,X_405
1154,PB_PLL_DSP_AA_3_PG_AtSpeedVmin_st,,,1280,
3295,LED_GEM_AG_PG_FreqSearch_st,Y,,1672,X_14
2699,LED_VUSR_PG_AtSpeedVmax_st,Y,,1209,X_14
2691,LED_FFTC_PG_AtSpeedVmax_st,Y,,1173,X_14
1340,PB_PLL_UHD_C3_3_PG_AtSpeedVmin_st,,,1354,
1187,PB_PLL_RTA_G0_1_PG_AtSpeedVmin_st,,,1295,
2208,PB_PLL_S4A_AA_1_PG_AtSpeedVskewPhi_st,,,1553,
3196,SPT_VMAX_RESTORE_CT_HT,,,,
2779,P_SRCH_RTA_G5_1DO_PG_AtSpeedVmax_st,Y,,1107,
2523,PB_PLL_DSP_C3_6_PG_AtSpeedVmax_st,,,1096,
2995,P_SRCH_S4A_AA_1PR_PG_AtSpeedVmax_st,Y,,1125,
790,BRDG_P09_PG_FuncVmin_st,Y,,1251,X_14
235,PB_PLL_S1R_G1_1_PG_AtSpeedVmax_st,,,1115,
406,CHAIN_P01_PG_2_FuncVmaxFT_st,,,1023,
1310,PB_PLL_SDP_G4_1_PG_AtSpeedVmin_st,,,1341,
2785,P_SRCH_RTA_G6_1DO_PG_AtSpeedVmax_st,Y,,1108,
357,CHAIN_P01_PG_1_FuncVmaxFT_st,,,1023,
51,SupplyShortsPre_st,,,1664|1003,9
1583,P_SRCH_S1R_G7_1PR_PG_AtSpeedVmin_st,Y,,1314,
1035,LED_SRCH_BCP_PG_AtSpeedVmin_st,Y,,1360,
448,CHAIN_P05_PG_3_FuncVmaxFT_st,,,1027,
320,BRDG_SRCH_P05_PG_FuncVmaxFT_st,,,1054,
3386,binSrch_LED_GEM_XM_AG_PG_VminSearch_st_eng,,,,X_14
2226,PB_PLL_S4A_G2_1_PG_AtSpeedVskewPhi_st,,,1559,
3409,TRANS_P09_C2_PG_FreqSearch_st_eng,,,,X_14
220,CHAIN_P10_PG_FuncVmaxFT_st,,,1032,
107,ReadVIDSpeeds,,,,
64,PinShortsTestPerPin_st_pIForce,,,1002,10
3243,binSrch_LED_PHY_AIF_PG_VminSearch_st,Y,,1672,X_14
592,CHAIN_P06_PG_1_FuncVmin_st,,,1221,
1910,TRANS_SRCH_P09_C2_PG_AtSpeedVmin_st,Y,,1262,
3333,LED_DDR_ACPHY_I_A_PG_FreqSearch_st,Y,,1672,X_14
1952,TRANS_SRCH_P02_C2_PG_AtSpeedVmin_st,Y,,1255,
628,CHAIN_P05_PG_2_FuncVmin_st,,,1220,
680,CHAIN_P09_PG_3_FuncVmin_st,,,1224,
430,CHAIN_P09_PG_2_FuncVmaxFT_st,,,1031,
820,CHAIN_P03_PG_1_FuncVmin_st,,,1218,
1682,P_SRCH_S4A_G6_1DO_PG_AtSpeedVmin_st,Y,,1332,
135,IddqVnom_IqC08Ful_______KP20_001_st_end_FUNC,Y,,,X_1313
2475,PB_PLL_1PR_C1_3_PG_AtSpeedVmax_st,,,1074,
126,IddqVnom_IqC08Ful_______KP20_000_st_end_FUNC,Y,,,X_1313
501,SPT_VMAX_RESTORE_HT,,,,
1586,P_SRCH_S1R_T0_1DO_PG_AtSpeedVmin_st,Y,,1315,
791,BRDG_P09_PG_1_FuncVmin_st,Y,,1251,X_14
1778,P_SRCH_UHD_C1_3DO_PG_AtSpeedVmin_st,Y,,1350,
3374,binSrch_LED_ARM_AA_PG_VminSearch_st_eng,,,,X_14
3145,P_SRCH_SDP_G6_1PR_PG_AtSpeedVmax_st,Y,,1150,
3043,P_SRCH_S4A_G3_1PR_PG_AtSpeedVmax_st,Y,,1133,
1655,P_SRCH_S4A_G3_2PR_PG_AtSpeedVmin_st,Y,,1327,
179,SAF_SRCH_P03_PG_FuncVmaxFT_st,Y,,1038,X_14
2265,PB_PLL_SDP_G0_1_PG_AtSpeedVskewPhi_st,,,1572,
3387,binSrch_LED_BCP_AG_PG_VminSearch_st_eng,,,,X_14
3310,S1R_T0_1DO_PG_FreqSearch_st,Y,,1672,X_14
560,CHAIN_P08_PG_FuncVmin_st,,,1223,
1439,P_SRCH_DSP_C2_3DO_PG_AtSpeedVmin_st,Y,,1284,
1202,PB_PLL_RTA_G5_1_PG_AtSpeedVmin_st,,,1300,
291,BRDG_P02_PG_FuncVmaxFT_st,Y,,1051,X_14
1871,TRANS_SRCH_P01_C4_PG_AtSpeedVmin_st,Y,,1254,
167,CHAIN_SRCH_P02_PG_FuncVmaxFT_st,Y,,1024,X_14
1370,P_SRCH_1PR_C3_3PR_PG_AtSpeedVmin_st,Y,,1268,
1589,P_SRCH_S1R_T0_1PR_PG_AtSpeedVmin_st,Y,,1315,
2187,PB_PLL_S1R_G2_1_PG_AtSpeedVskewPhi_st,,,1544,
2055,TRANS_P10_PG_AtSpeedVmin_st,,,1263,
3187,P_SRCH_UHD_C2_4PR_PG_AtSpeedVmax_st,Y,,1160,
2438,TRANS_P04_PG_1_AtSpeedVmax_st,,,1064,
1244,PB_PLL_S4A_AA_2_PG_AtSpeedVmin_st,,,1320,
3299,LED_EDMA_AG_PG_FreqSearch_st,Y,,1672,X_14
3091,P_SRCH_S4A_G7_1PR_PG_AtSpeedVmax_st,Y,,1141,
1526,P_SRCH_RTA_G7_1PR_PG_AtSpeedVmin_st,Y,,1302,
2508,PB_PLL_DSP_C2_3_PG_AtSpeedVmax_st,,,1091,
1262,PB_PLL_S4A_G2_2_PG_AtSpeedVmin_st,,,1325,
515,CHAIN_SRCH_P04_PG_FuncVmin_st,Y,,1219,X_14
2947,P_SRCH_DSP_C1_3PR_PG_AtSpeedVmax_st,Y,,1088,
1892,TRANS_SRCH_P06_C3_PG_AtSpeedVmin_st,Y,,1259,
2274,PB_PLL_SDP_G3_1_PG_AtSpeedVskewPhi_st,,,1575,
2217,PB_PLL_S4A_G0_2_PG_AtSpeedVskewPhi_st,,,1556,
1322,PB_PLL_SSP_C1_3_PG_AtSpeedVmin_st,,,1346,
871,LED_DDR_PG_AtSpeedVmin_cold_st,,,1363,
3079,P_SRCH_S4A_G6_1PR_PG_AtSpeedVmax_st,Y,,1139,
2902,P_SRCH_2PR_AA_3DO_PG_AtSpeedVmax_st,Y,,1080,
2397,LED_DATPHY_DDR_1p2_3,,,1663,
1988,TRANS_SRCH_P04_C3_PG_AtSpeedVmin_st,Y,,1257,
1136,PB_PLL_1PR_T0_1_PG_AtSpeedVmin_st,,,1079,
3223,LED_GEM_L2_AG_PG_VminSearch_st,Y,,1672,X_14
3233,LED_PHY_SGMII_PG_VminSearch_st,Y,,1672,X_14
238,PB_PLL_S1R_G2_1_PG_AtSpeedVmax_st,,,1116,
2544,LED_PHY_USB_PG_AtSpeedVmax_st,,,1212,
1358,P_SRCH_1PR_AA_3PR_PG_AtSpeedVmin_st,Y,,1266,
3237,LED_PHY_VUSR_PG_VminSearch_st,Y,,1672,X_14
146,IddqVmax_IqC08Ful_______KP20_001_st_CCE,Y,,,
2559,PB_PLL_S4A_G0_1_PG_AtSpeedVmax_st,,,1126,
487,SAF_SRCH_DFTSS_PG_FuncVmaxFT_st,,,1046,
1787,P_SRCH_UHD_C2_3PR_PG_AtSpeedVmin_st,Y,,1351,
1562,P_SRCH_S1R_G4_1DO_PG_AtSpeedVmin_st,Y,,1311,
1241,PB_PLL_S4A_AA_1_PG_AtSpeedVmin_st,,,1318,
3055,P_SRCH_S4A_G4_1PR_PG_AtSpeedVmax_st,Y,,1135,
108,PreReadSrc0,,,,X_63|X_53
3448,DC_Leakage_zz_fpc1_pu,Y,,1676,
2755,P_SRCH_RTA_G0_1PR_PG_AtSpeedVmax_st,Y,,1102,
1901,TRANS_SRCH_P07_C4_PG_AtSpeedVmin_st,Y,,1260,
955,LED_MSMC_PG_AtSpeedVmin_cold_st,,,1372,
211,CHAIN_P07_PG_FuncVmaxFT_st,,,1029,
2707,LED_MSMC_PG_AtSpeedVmax_st,Y,,1179,X_14
180,SAF_SRCH_P04_PG_FuncVmaxFT_st,Y,,1039,X_14
2809,P_SRCH_S1R_G1_1PR_PG_AtSpeedVmax_st,Y,,1115,
2022,SpeedSortVert_PBIST_NON_T0_1,,,,
2950,P_SRCH_DSP_C1_6DO_PG_AtSpeedVmax_st,Y,,1090,
2615,LED_PA_PG_AtSpeedVmax_st,,,1180,
902,Shmoo_DATPHY_Vmin_Core,Y,,,
1214,PB_PLL_S1R_G1_1_PG_AtSpeedVmin_st,,,1308,
2935,P_SRCH_DSP_AA_3PR_PG_AtSpeedVmax_st,Y,,1087,
2286,PB_PLL_SDP_G7_1_PG_AtSpeedVskewPhi_st,,,1579,
2654,PB_PLL_SDP_G4_1_PG_AtSpeedVmax_st,,,1148,
3385,TRANS_P10_CPU_PG_VminSearch_st_eng,,,,X_14
3421,TFTOutlierScreen_pg2_eng,,,,X_14
2178,PB_PLL_S1R_AA_1_PG_AtSpeedVskewPhi_st,,,1541,
3082,P_SRCH_S4A_G6_2DO_PG_AtSpeedVmax_st,Y,,1140,
360,CHAIN_P02_PG_1_FuncVmaxFT_st,,,1024,
2959,P_SRCH_DSP_C2_3PR_PG_AtSpeedVmax_st,Y,,1091,
1011,LED_GEMROM_PG_AtSpeedVmin_st,,,1367,
2505,PB_PLL_DSP_C1_3_PG_AtSpeedVmax_st,,,1088,
299,BRDG_P08_PG_FuncVmaxFT_st,Y,,1057,X_14
898,Shmoo_ACPHY_Vmin,Y,,,
804,CHAIN_SRCH_P03_PG_FuncVmin_st,,,1218,
30,UHC4Connectivity,,1692,,
2517,PB_PLL_DSP_C1_6_PG_AtSpeedVmax_st,,,1090,
1922,TRANS_SRCH_P06_C3_PG_1_AtSpeedVmin_st,Y,,1259,X_14
925,LED_DATPHY_DDR_PG_AtSpeedVminDDR3L_st,,,1411,
338,PB_PLL_RTA_Gx_COLD_AtSpeedVmax_st,,,1102,
3184,P_SRCH_UHD_C2_4DO_PG_AtSpeedVmax_st,Y,,1160,
3076,P_SRCH_S4A_G6_1DO_PG_AtSpeedVmax_st,Y,,1139,
1616,P_SRCH_S4A_G0_2DO_PG_AtSpeedVmin_st,Y,,1321,
3431,storeFmaxTFT,,,,
1921,SpeedSortVert_TRANS_2,,,,
3273,binSrch_LED_PHY_XGE_PG_VminSearch_st,Y,,1672,X_14
807,CHAIN_P03_PG_FuncVmin_st,,,1218,
2481,PB_PLL_1PR_C3_4_PG_AtSpeedVmax_st,,,1077,
552,CHAIN_P06_PG_FuncVmin_st,,,1221,
169,CHAIN_SRCH_P04_PG_FuncVmaxFT_st,Y,,1026,X_14
311,BRDG_SRCH_P02_PG_FuncVmaxFT_st,,,1051,
1718,P_SRCH_SDP_G1_1DO_PG_AtSpeedVmin_st,Y,,1338,
3239,binSrch_C3DSPA_PG_VminSearch_st,Y,,1672,X_14
1247,PB_PLL_S4A_G0_1_PG_AtSpeedVmin_st,,,1319,
2490,PB_PLL_2PR_C1_3_PG_AtSpeedVmax_st,,,1081,
3413,TRANS_P04_C1_PG_FreqSearch_st_eng,,,,X_14
1075,LED_ARM_65_PG_AtSpeedVmin_st,,,1358,
3040,P_SRCH_S4A_G3_1DO_PG_AtSpeedVmax_st,Y,,1133,
2630,LED_PSC_PG_AtSpeedVmax_st,,,1192,
845,LED_PHY_XGE_PG_AtSpeedVmin_st,,,1383,
544,CHAIN_P04_PG_FuncVmin_st,,,1219,
2965,P_SRCH_DSP_C2_6PR_PG_AtSpeedVmax_st,Y,,1091,
363,CHAIN_P03_PG_1_FuncVmaxFT_st,,,1025,
2803,P_SRCH_S1R_G0_1PR_PG_AtSpeedVmax_st,Y,,1114,
182,SAF_SRCH_P06_PG_FuncVmaxFT_st,Y,,1041,X_14
205,CHAIN_P05_PG_FuncVmaxFT_st,,,1027,
2986,P_SRCH_S2A_C3_2DO_PG_AtSpeedVmax_st,Y,,1124,
3400,LED_GEM_XM_AG_PG_FreqSearch_st_eng,,,,X_14
81,SupplyOpensTest_st,Y,,1003,X_8
1709,P_SRCH_SDP_AA_1PR_PG_AtSpeedVmin_st,Y,,1336,
2899,P_SRCH_1PR_T0_1PR_PG_AtSpeedVmax_st,Y,,1079,
2329,LED_PHY_SGMII_PG_AtSpeedVmax_st,,,1187,
2229,PB_PLL_S4A_G2_2_PG_AtSpeedVskewPhi_st,,,1560,
2842,P_SRCH_S1R_G7_1DO_PG_AtSpeedVmax_st,Y,,1120,
2046,TRANS_P10_C1_PG_1_AtSpeedVmin_st,,,1263,
785,BRDG_P05_PG_FuncVmin_st,Y,,1247,X_14
3124,P_SRCH_SDP_G3_1DO_PG_AtSpeedVmax_st,Y,,1147,
168,CHAIN_SRCH_P03_PG_FuncVmaxFT_st,Y,,1025,X_14
3058,P_SRCH_S4A_G4_2DO_PG_AtSpeedVmax_st,Y,,1136,
2788,P_SRCH_RTA_G6_1PR_PG_AtSpeedVmax_st,Y,,1108,
1412,P_SRCH_2PR_C3_4PR_PG_AtSpeedVmin_st,Y,,1279,
3070,P_SRCH_S4A_G5_2DO_PG_AtSpeedVmax_st,Y,,1138,
136,IddqVnom_IqC08Ful_______KP20_001_st_CCE,,,,
3283,RTA_PG_VminSearch_st,Y,,1672,
2812,P_SRCH_S1R_G2_1DO_PG_AtSpeedVmax_st,Y,,1115,
73,PinOpensTestPerPin_st_nIForce,,,1001,8
79,DCPinOpensTestPerPin_st_nIForce_SigGroup,,,1001,8
2806,P_SRCH_S1R_G1_1DO_PG_AtSpeedVmax_st,Y,,1114,
2133,PB_PLL_2PR_AA_3_PG_AtSpeedVskewPhi_st,,,1508,
2531,LED_ACPHY_DDR_PG_AtSpeedVmax_st,,,1184,
3181,P_SRCH_UHD_C2_3PR_PG_AtSpeedVmax_st,Y,,1158,
1115,PB_PLL_SDP_COLD_AtSpeedVmin_st,,,1336,
460,CHAIN_P09_PG_3_FuncVmaxFT_st,,,1031,
795,BRDG_SRCH_FULCHP_PG_FuncVmin_st,Y,,1253,
2719,LED_OTHERS_10_PG_AtSpeedVmax_st,Y,,1213,X_14
2445,TRANS_P10_C1_PG_1_AtSpeedVmax_st,,,1070,
1514,P_SRCH_RTA_G5_1PR_PG_AtSpeedVmin_st,Y,,1300,
445,CHAIN_P04_PG_3_FuncVmaxFT_st,,,1026,
170,CHAIN_SRCH_P05_PG_FuncVmaxFT_st,Y,,1027,X_14
3404,S1R_T0_1DO_PG_FreqSearch_st_eng,,,,X_14
1145,PB_PLL_2PR_C2_2_PG_AtSpeedVmin_st,,,1276,
1118,PB_PLL_SSP_COLD_AtSpeedVmin_st,,,1346,
1697,P_SRCH_S4A_G7_1PR_PG_AtSpeedVmin_st,Y,,1334,
3429,ProgramVIDSpeeds,,,1671,
1151,PB_PLL_2PR_C3_4_PG_AtSpeedVmin_st,,,1279,
2423,TRANS_SRCH_P06_C1_PG_AtSpeedVmax_st,,,1066,
938,LED_TRACER_PG_AtSpeedVmin_cold_st,,,1397,
298,BRDG_P07_PG_FuncVmaxFT_st,Y,,1056,X_14
3302,LED_GEM_L2_AG_PG_FreqSearch_st,,,1672,
1982,TRANS_SRCH_P04_C1_PG_AtSpeedVmin_st,Y,,1257,
3393,LED_ARM_AA_PG_FreqSearch_st_eng2,,,,X_14
2037,TRANS_SRCH_P10_C1_PG_AtSpeedVmin_st,Y,,1263,
903,Shmoo_DATPHY_Vmin_DDRClk,Y,,,
1751,P_SRCH_SDP_G6_1PR_PG_AtSpeedVmin_st,Y,,1343,
3115,P_SRCH_SDP_G1_1PR_PG_AtSpeedVmax_st,Y,,1145,
3193,P_SRCH_UHD_C3_3PR_PG_AtSpeedVmax_st,Y,,1161,
1325,PB_PLL_SSP_M0_1_PG_AtSpeedVmin_st,,,1348,
523,CHAIN_SRCH_P08_PG_FuncVmin_st,Y,,1223,X_14
300,BRDG_P09_PG_FuncVmaxFT_st,Y,,1058,X_14
3274,binSrch_LED_PHY_VUSR_PG_VminSearch_st,Y,,1672,X_14
3025,P_SRCH_S4A_G1_2PR_PG_AtSpeedVmax_st,Y,,1130,
3369,HAFTAA_C3DSPA_PG_VminSearch_st_eng,,,,X_14
834,CTCS_Vmin,,,,X_4017|X_4019|X_4018|X_4020
2776,P_SRCH_RTA_G3_1PR_PG_AtSpeedVmax_st,Y,,1105,
2890,P_SRCH_1PR_C3_4DO_PG_AtSpeedVmax_st,Y,,1078,
175,CHAIN_SRCH_P10_PG_FuncVmaxFT_st,Y,,1032,X_14
3216,binSrch_CHAIN_P00_P10_PG_VminSearch_st,Y,,1672,X_14
390,PB_PLL_RTA_G5_1_PG_AtSpeedVmax_st,,,1107,
3190,P_SRCH_UHD_C3_3DO_PG_AtSpeedVmax_st,Y,,1161,
145,IddqVmax_IqC08Ful_______KP20_001_st_end_FUNC,Y,,,X_1313
217,CHAIN_P09_PG_FuncVmaxFT_st,,,1031,
3222,binSrch_LED_GEM_L2_AG_PG_VminSearch_st,Y,,1672,X_14
2484,PB_PLL_1PR_T0_1_PG_AtSpeedVmax_st,,,1079,
2247,PB_PLL_S4A_G5_2_PG_AtSpeedVskewPhi_st,,,1566,
3375,C3DSPA_PG_VminSearch_st_eng,,,,X_14
922,LED_ACPHY_DDR_PG_AtSpeedVminDDR3L_st,,,1410,
720,SAF_P04_PG_FuncVmin_st,,,1232,
172,CHAIN_SRCH_P07_PG_FuncVmaxFT_st,Y,,1029,X_14
1928,TRANS_P02_PG_AtSpeedVmin_st,,,1255,
1505,P_SRCH_RTA_G4_1DO_PG_AtSpeedVmin_st,Y,,1299,
1781,P_SRCH_UHD_C1_3PR_PG_AtSpeedVmin_st,Y,,1350,
3329,LED_DDR_DATAPHY_I_A_PG_FreqSearch_st,Y,,1672,X_14
695,Cres_CHAIN_st,,1694|1693,,X_110
1541,P_SRCH_S1R_G0_1PR_PG_AtSpeedVmin_st,Y,,1307,
2339,Shmoo_PHY_XGE_max,Y,,,
16,DPS128Connectivity,,1691,,
2478,PB_PLL_1PR_C3_3_PG_AtSpeedVmax_st,,,1075,
2553,PB_PLL_S4A_AA_1_PG_AtSpeedVmax_st,,,1125,
1133,PB_PLL_1PR_C3_4_PG_AtSpeedVmin_st,,,1270,
92,Thermo_Sensors_Read_Temperature,,,1662,X_4069|X_4068|X_4083|X_4082|X_3996|X_4067|X_4061|X_4060|X_4070|X_4071|X_4065|X_4066|X_4063|X_4059|X_4062|X_4064
2926,P_SRCH_2PR_C3_4DO_PG_AtSpeedVmax_st,Y,,1085,
1286,PB_PLL_S4A_G6_2_PG_AtSpeedVmin_st,,,1333,
3094,P_SRCH_S4A_G7_2DO_PG_AtSpeedVmax_st,Y,,1142,
1598,P_SRCH_S4A_AA_1DO_PG_AtSpeedVmin_st,Y,,1318,
1997,TRANS_SRCH_P05_C4_PG_AtSpeedVmin_st,Y,,1258,
640,CHAIN_P08_PG_2_FuncVmin_st,,,1223,
995,LED_TAC_PG_AtSpeedVmin_st,,,1394,
2426,TRANS_P01_PG_AtSpeedVmax_st,,,1061,
409,CHAIN_P02_PG_2_FuncVmaxFT_st,,,1024,
2718,LED_OTHERS_01_PG_AtSpeedVmax_st,Y,,1213,X_14
2121,PB_PLL_1PR_AA_3_PG_AtSpeedVskewPhi_st,,,1501,
2586,PB_PLL_S4A_G4_2_PG_AtSpeedVmax_st,,,1136,
616,CHAIN_P01_PG_2_FuncVmin_st,,,1216,
3230,binSrch_S1R_T0_1DO_PG_VminSearch_st,Y,,1672,X_14
1295,PB_PLL_SDP_AA_1_PG_AtSpeedVmin_st,,,1336,
2077,SPT_VMAX_DOWN_CT_HT,,,,
624,CHAIN_P04_PG_2_FuncVmin_st,,,1219,
1048,LED_TIMER_PG_AtSpeedVmin_st,,,1396,
3391,CTCS_START_SearchFmax_eng,,,,
1916,TRANS_SRCH_P09_C6_PG_AtSpeedVmin_st,Y,,1262,
3287,CTCS_SearchVmin,,,,X_4005|X_4007|X_4006|X_4008
254,SAF_P04_PG_FuncVmaxFT_st,,,1039,
2460,PB_PLL_S2A_COLD_AtSpeedVmax_st,,,1124,
3392,LED_ARM_AA_PG_FreqSearch_st_eng,,,,X_14
2142,PB_PLL_2PR_C3_3_PG_AtSpeedVskewPhi_st,,,1512,
134,IddqVnom_IqC08Ful_______KP20_001_st_PM1_MEAS,,,1598,X_1313
1361,P_SRCH_1PR_C1_3DO_PG_AtSpeedVmin_st,Y,,1267,
1184,PB_PLL_ROM_PG_AtSpeedVmin_st,,,1355,
1745,P_SRCH_SDP_G5_1PR_PG_AtSpeedVmin_st,Y,,1342,
2669,PB_PLL_SSP_M0_1_PG_AtSpeedVmax_st,,,1155,
2845,P_SRCH_S1R_G7_1PR_PG_AtSpeedVmax_st,Y,,1121,
776,BRDG_SRCH_P09_PG_FuncVmin_st,,,1251,
2493,PB_PLL_2PR_C2_2_PG_AtSpeedVmax_st,,,1083,
2690,LED_EMIF_PG_AtSpeedVmax_st,Y,,1172,X_14
2920,P_SRCH_2PR_C3_3DO_PG_AtSpeedVmax_st,Y,,1084,
3412,TRANS_P03_C1_PG_FreqSearch_st_eng2,,,,X_14
1994,TRANS_SRCH_P05_C3_PG_AtSpeedVmin_st,Y,,1258,
292,BRDG_P02_PG_1_FuncVmaxFT_st,Y,,1051,X_14
1805,SpeedSortVert_PBIST_T0,,,,
1344,PB_PLL_S1R_AA_1_PG_AtSpeedVmin_st,,,1113,
1607,P_SRCH_S4A_AA_2PR_PG_AtSpeedVmin_st,Y,,1320,
527,CHAIN_SRCH_P10_PG_FuncVmin_st,Y,,1225,X_14
1274,PB_PLL_S4A_G4_2_PG_AtSpeedVmin_st,,,1329,
1949,TRANS_P09_PG_AtSpeedVmin_st,,,1262,
1520,P_SRCH_RTA_G6_1PR_PG_AtSpeedVmin_st,Y,,1301,
3395,LED_GEM_AG_PG_FreqSearch_st_eng,Y,,,X_14
1469,P_SRCH_DSP_T0_TDO_PG_AtSpeedVmin_st,Y,,1291,
101,XtrIdriveTest_1P8V_DUT,Y,,,X_402
2693,LED_SRCH_BCP_PG_AtSpeedVmax_st,Y,,1167,X_14
3154,P_SRCH_SSP_C1_3DO_PG_AtSpeedVmax_st,Y,,1153,
1350,PB_PLL_RTA_M0_1_PG_AtSpeedVmin_PB1_st,,,1303,
841,LED_PHY_USB_PG_AtSpeedVmin_st,,,1406,
3350,TRANS_P04_C3_PG_FreqSearch_st,,,1672,
2624,LED_GEM_PG_AtSpeedVmax_st,,,1174,
1268,PB_PLL_S4A_G3_2_PG_AtSpeedVmin_st,,,1327,
116,IddqVmin1_IqC08Ful_______KP20_000_st_end_FUNC,Y,,,X_1313
3211,binSrch_HAFTAA_C3DSPA_PG_VminSearch_st,Y,,1672,X_14
1739,P_SRCH_SDP_G4_1PR_PG_AtSpeedVmin_st,Y,,1341,
2714,LED_SM2_PG_AtSpeedVmax_st,Y,,1197,X_14
880,LED_PCIE_PG_AtSpeedVmin_st,,,1374,
3356,TRANS_P07_C3_PG_FreqSearch_st,Y,,1672,
1517,P_SRCH_RTA_G6_1DO_PG_AtSpeedVmin_st,Y,,1301,
3408,TRANS_P08_C3_PG_FreqSearch_st_eng,,,,X_14
3139,P_SRCH_SDP_G5_1PR_PG_AtSpeedVmax_st,Y,,1149,
3406,TRANS_P02_C2_PG_FreqSearch_st_eng,,,,X_14
3245,binSrch_LED_PHY_SRIO_PG_VminSearch_st,Y,,1672,X_14
125,IddqVnom_IqC08Ful_______KP20_000_st_PM1_MEAS,,,1597,X_1313
344,PB_PLL_RTA_G1_1_PG_AtSpeedVmax_st,,,1103,
2720,LED_OTHERS_11_PG_AtSpeedVmax_st,Y,,1213,X_14
3007,P_SRCH_S4A_G0_1PR_PG_AtSpeedVmax_st,Y,,1126,
111,SetGlobalSRVoltages,,,,63|53
2127,PB_PLL_1PR_C3_3_PG_AtSpeedVskewPhi_st,,,1503,
2977,P_SRCH_DSP_C3_3PR_PG_AtSpeedVmax_st,Y,,1095,
350,PB_PLL_RTA_G3_1_PG_AtSpeedVmax_st,,,1105,
131,VDDCORE_IddqVnom_IqC08Ful_KP20_000_Hardline,Y,,,53
176,SAF_SRCH_P00_PG_FuncVmaxFT_st,Y,,1035,X_14
2058,TRANS_SRCH_P10_C2_PG_AtSpeedVmin_st,Y,,1263,
266,SAF_P08_PG_FuncVmaxFT_st,,,1043,
668,CHAIN_P06_PG_3_FuncVmin_st,,,1221,
65,PinShortsTest_st_pIForce,,,1002,10
85,CTCS_START_Thermal,,,,
3353,TRANS_P06_C1_PG_FreqSearch_st,,,1672,
1265,PB_PLL_S4A_G3_1_PG_AtSpeedVmin_st,,,1326,
3209,CTCS_START_Search,,,,
3109,P_SRCH_SDP_G0_1PR_PG_AtSpeedVmax_st,Y,,1144,
1457,P_SRCH_DSP_C3_3DO_PG_AtSpeedVmin_st,Y,,1288,
2598,PB_PLL_S4A_G6_2_PG_AtSpeedVmax_st,,,1140,
2710,LED_QMSS_PG_AtSpeedVmax_st,Y,,1194,X_14
3447,DC_Leakage_zz_fpc1,Y,,1676,
1388,P_SRCH_2PR_AA_3PR_PG_AtSpeedVmin_st,Y,,1273,
1313,PB_PLL_SDP_G5_1_PG_AtSpeedVmin_st,,,1342,
3319,TRANS_P08_C3_PG_FreqSearch_st,,,1672,
1874,TRANS_SRCH_P02_C6_PG_AtSpeedVmin_st,Y,,1255,
907,LED_PHY_PCIE_PG_AtSpeedVmin_st,,,1379,
952,LED_GPIO_PG_AtSpeedVmin_cold_st,,,1368,
517,CHAIN_SRCH_P05_PG_FuncVmin_st,Y,,1220,X_14
1178,PB_PLL_DSP_C3_2_PG_AtSpeedVmin_st,,,1287,
2821,P_SRCH_S1R_G3_1PR_PG_AtSpeedVmax_st,Y,,1117,
275,PB_PLL_S1R_G3_1_PG_AtSpeedVmax_st,,,1117,
3028,P_SRCH_S4A_G2_1DO_PG_AtSpeedVmax_st,Y,,1131,
1127,PB_PLL_1PR_C1_3_PG_AtSpeedVmin_st,,,1267,
3052,P_SRCH_S4A_G4_1DO_PG_AtSpeedVmax_st,Y,,1135,
3004,P_SRCH_S4A_G0_1DO_PG_AtSpeedVmax_st,Y,,1126,
143,IddqVmax_IqC08Ful_______KP20_001_st_PM1_FUNC,Y,,,X_1313
2711,LED_RAC_PG_AtSpeedVmax_st,Y,,1195,X_14
1733,P_SRCH_SDP_G3_1PR_PG_AtSpeedVmin_st,Y,,1340,
2469,PB_PLL_UHD_COLD_AtSpeedVmax_st,,,1156,
2725,TRANS_SRCH_P01_C1_PG_AtSpeedVmax_st,Y,,1061,
1985,TRANS_SRCH_P04_C2_PG_AtSpeedVmin_st,Y,,1257,
