CtlrNum,CtlrField,CtlrValue,PatNum,VC_VsnmLV,VC_VtripLV,VC_VsnmHV,VC_VtripHV,VC_VminNSp,VC_VreadLV,VC_Vskew3,VC_Vskew2,VC_Vskew1,VC_VskewPhi
1 , bistType , PBIST
1 , repairableRAM , TRUE
1 , ctlrID , 65550
1 , bistDonePin , uart0rxd
1 , bistFailPin , uart0txd
1 , scanOutPin , coresel0
1 , scanClkPin , tck
1 , bistClkPin , altcoreclkp
1 , bistClkSrc , S_CLOCK1A
1 , bistClkDest , S_POGOPIN
1 , prePadWidth , 3
1 , pstPadWidth , 1
1 , ctlrIDWidth , 5
1 , portWidth , 1
1 , algoWidth , 6
1 , rgsWidth , 8
1 , rdsWidth , 5
1 , addrWidth , 16
1 , wordWidth , 64
1 , charWidth , 8
1 , diagInitTest ,, , MemBistVsnmLV_1_st , MemBistVtripLV_1_st , MemBistVsnmHV_1_st , MemBistVtripHV_1_st , MemBistVminNSp_1_st , MemBistVreadLV_1_st , MemBistVskew3_1_st , MemBistVskew2_1_st , MemBistVskew1_1_st , MemBistVskewPhi_1_st
1 , numDiag ,, , 3 , 3 , 3 , 3 , 3 , 25 , 25 , 25 , 25 , 25
1 , diagPSN ,, 1 , bnrgmxxxdf_2pr2xmxxxx_000 , bnrgmxxxdf_2pr2xmxxxx_000 , bnrgmxxxdf_2pr2xmxxxx_000 , bnrgmxxxdf_2pr2xmxxxx_000 , bnrgmxxxdf_2pr2xmxxxx_000 , pnrgmcxxaa_1pr1xmxxxx_000 , pnrgmcxxaa_1pr1xmxxxx_000 , pnrgmcxxaa_1pr1xmxxxx_000 , pnrgmcxxaa_1pr1xmxxxx_000 , pnrgmcxxaa_1pr1xmxxxx_000
1 , diagPSN ,, 2 , bnrgmxxxdf_dsp2xmxxxx_000 , bnrgmxxxdf_dsp2xmxxxx_000 , bnrgmxxxdf_dsp2xmxxxx_000 , bnrgmxxxdf_dsp2xmxxxx_000 , bnrgmxxxdf_dsp2xmxxxx_000 , pnrgmcxxaa_1pr3xmxxxx_000 , pnrgmcxxaa_1pr3xmxxxx_000 , pnrgmcxxaa_1pr3xmxxxx_000 , pnrgmcxxaa_1pr3xmxxxx_000 , pnrgmcxxaa_1pr3xmxxxx_000
1 , diagPSN ,, 3 , bnrgmxxxdf_uhd2xmxxxx_000 , bnrgmxxxdf_uhd2xmxxxx_000 , bnrgmxxxdf_uhd2xmxxxx_000 , bnrgmxxxdf_uhd2xmxxxx_000 , bnrgmxxxdf_uhd2xmxxxx_000 , pnrgmcxxaa_1pr4xmxxxx_000 , pnrgmcxxaa_1pr4xmxxxx_000 , pnrgmcxxaa_1pr4xmxxxx_000 , pnrgmcxxaa_1pr4xmxxxx_000 , pnrgmcxxaa_1pr4xmxxxx_000
1 , diagPSN ,, 4 , , , , , , pnrgmcxxaa_2pr2xmxxxx_000 , pnrgmcxxaa_2pr2xmxxxx_000 , pnrgmcxxaa_2pr2xmxxxx_000 , pnrgmcxxaa_2pr2xmxxxx_000 , pnrgmcxxaa_2pr2xmxxxx_000
1 , diagPSN ,, 5 , , , , , , pnrgmcxxaa_2pr3xmxxxx_000 , pnrgmcxxaa_2pr3xmxxxx_000 , pnrgmcxxaa_2pr3xmxxxx_000 , pnrgmcxxaa_2pr3xmxxxx_000 , pnrgmcxxaa_2pr3xmxxxx_000
1 , diagPSN ,, 6 , , , , , , pnrgmcxxaa_2pr4xmxxxx_000 , pnrgmcxxaa_2pr4xmxxxx_000 , pnrgmcxxaa_2pr4xmxxxx_000 , pnrgmcxxaa_2pr4xmxxxx_000 , pnrgmcxxaa_2pr4xmxxxx_000
1 , diagPSN ,, 7 , , , , , , pnrgmcxxaa_dsp2xmxxxx_000 , pnrgmcxxaa_dsp2xmxxxx_000 , pnrgmcxxaa_dsp2xmxxxx_000 , pnrgmcxxaa_dsp2xmxxxx_000 , pnrgmcxxaa_dsp2xmxxxx_000
1 , diagPSN ,, 8 , , , , , , pnrgmcxxaa_dsp3xmxxxx_000 , pnrgmcxxaa_dsp3xmxxxx_000 , pnrgmcxxaa_dsp3xmxxxx_000 , pnrgmcxxaa_dsp3xmxxxx_000 , pnrgmcxxaa_dsp3xmxxxx_000
1 , diagPSN ,, 9 , , , , , , pnrgmcxxaa_dsp4xmxxxx_000 , pnrgmcxxaa_dsp4xmxxxx_000 , pnrgmcxxaa_dsp4xmxxxx_000 , pnrgmcxxaa_dsp4xmxxxx_000 , pnrgmcxxaa_dsp4xmxxxx_000
1 , diagPSN ,, 10 , , , , , , pnrgmcxxaa_dsp6xmxxxx_000 , pnrgmcxxaa_dsp6xmxxxx_000 , pnrgmcxxaa_dsp6xmxxxx_000 , pnrgmcxxaa_dsp6xmxxxx_000 , pnrgmcxxaa_dsp6xmxxxx_000
1 , diagPSN ,, 11 , , , , , , pnrgmcxxaa_rta1xmxxxx_001 , pnrgmcxxaa_rta1xmxxxx_001 , pnrgmcxxaa_rta1xmxxxx_001 , pnrgmcxxaa_rta1xmxxxx_001 , pnrgmcxxaa_rta1xmxxxx_001
1 , diagPSN ,, 12 , , , , , , pnrgmcxxaa_rta1xmxxxx_002 , pnrgmcxxaa_rta1xmxxxx_002 , pnrgmcxxaa_rta1xmxxxx_002 , pnrgmcxxaa_rta1xmxxxx_002 , pnrgmcxxaa_rta1xmxxxx_002
1 , diagPSN ,, 13 , , , , , , pnrgmcxxaa_rta3xmxxxx_000 , pnrgmcxxaa_rta3xmxxxx_000 , pnrgmcxxaa_rta3xmxxxx_000 , pnrgmcxxaa_rta3xmxxxx_000 , pnrgmcxxaa_rta3xmxxxx_000
1 , diagPSN ,, 14 , , , , , , pnrgmcxxaa_rta4xmxxxx_000 , pnrgmcxxaa_rta4xmxxxx_000 , pnrgmcxxaa_rta4xmxxxx_000 , pnrgmcxxaa_rta4xmxxxx_000 , pnrgmcxxaa_rta4xmxxxx_000
1 , diagPSN ,, 15 , , , , , , pnrgmcxxaa_s1r1xmxxxx_000 , pnrgmcxxaa_s1r1xmxxxx_000 , pnrgmcxxaa_s1r1xmxxxx_000 , pnrgmcxxaa_s1r1xmxxxx_000 , pnrgmcxxaa_s1r1xmxxxx_000
1 , diagPSN ,, 16 , , , , , , pnrgmcxxaa_s2a2xmxxxx_000 , pnrgmcxxaa_s2a2xmxxxx_000 , pnrgmcxxaa_s2a2xmxxxx_000 , pnrgmcxxaa_s2a2xmxxxx_000 , pnrgmcxxaa_s2a2xmxxxx_000
1 , diagPSN ,, 17 , , , , , , pnrgmcxxaa_s2a3xmxxxx_000 , pnrgmcxxaa_s2a3xmxxxx_000 , pnrgmcxxaa_s2a3xmxxxx_000 , pnrgmcxxaa_s2a3xmxxxx_000 , pnrgmcxxaa_s2a3xmxxxx_000
1 , diagPSN ,, 18 , , , , , , pnrgmcxxaa_s4a1xmxxxx_000 , pnrgmcxxaa_s4a1xmxxxx_000 , pnrgmcxxaa_s4a1xmxxxx_000 , pnrgmcxxaa_s4a1xmxxxx_000 , pnrgmcxxaa_s4a1xmxxxx_000
1 , diagPSN ,, 19 , , , , , , pnrgmcxxaa_s4a2xmxxxx_000 , pnrgmcxxaa_s4a2xmxxxx_000 , pnrgmcxxaa_s4a2xmxxxx_000 , pnrgmcxxaa_s4a2xmxxxx_000 , pnrgmcxxaa_s4a2xmxxxx_000
1 , diagPSN ,, 20 , , , , , , pnrgmcxxaa_sdp1xmxxxx_000 , pnrgmcxxaa_sdp1xmxxxx_000 , pnrgmcxxaa_sdp1xmxxxx_000 , pnrgmcxxaa_sdp1xmxxxx_000 , pnrgmcxxaa_sdp1xmxxxx_000
1 , diagPSN ,, 21 , , , , , , pnrgmcxxaa_ssp1xmxxxx_000 , pnrgmcxxaa_ssp1xmxxxx_000 , pnrgmcxxaa_ssp1xmxxxx_000 , pnrgmcxxaa_ssp1xmxxxx_000 , pnrgmcxxaa_ssp1xmxxxx_000
1 , diagPSN ,, 22 , , , , , , pnrgmcxxaa_ssp3xmxxxx_000 , pnrgmcxxaa_ssp3xmxxxx_000 , pnrgmcxxaa_ssp3xmxxxx_000 , pnrgmcxxaa_ssp3xmxxxx_000 , pnrgmcxxaa_ssp3xmxxxx_000
1 , diagPSN ,, 23 , , , , , , pnrgmcxxaa_uhd2xmxxxx_000 , pnrgmcxxaa_uhd2xmxxxx_000 , pnrgmcxxaa_uhd2xmxxxx_000 , pnrgmcxxaa_uhd2xmxxxx_000 , pnrgmcxxaa_uhd2xmxxxx_000
1 , diagPSN ,, 24 , , , , , , pnrgmcxxaa_uhd3xmxxxx_000 , pnrgmcxxaa_uhd3xmxxxx_000 , pnrgmcxxaa_uhd3xmxxxx_000 , pnrgmcxxaa_uhd3xmxxxx_000 , pnrgmcxxaa_uhd3xmxxxx_000
1 , diagPSN ,, 25 , , , , , , pnrgmcxxaa_uhd4xmxxxx_000 , pnrgmcxxaa_uhd4xmxxxx_000 , pnrgmcxxaa_uhd4xmxxxx_000 , pnrgmcxxaa_uhd4xmxxxx_000 , pnrgmcxxaa_uhd4xmxxxx_000
1 , diagPMEX ,, 1 , 1 , 1 , 1 , 1 , 1 , 1 , 1 , 1 , 1 , 1
1 , diagPMEX ,, 2 , 1 , 1 , 1 , 1 , 1 , 1 , 1 , 1 , 1 , 1
1 , diagPMEX ,, 3 , 1 , 1 , 1 , 1 , 1 , 1 , 1 , 1 , 1 , 1
1 , diagPMEX ,, 4 , , , , , , 1 , 1 , 1 , 1 , 1
1 , diagPMEX ,, 5 , , , , , , 1 , 1 , 1 , 1 , 1
1 , diagPMEX ,, 6 , , , , , , 1 , 1 , 1 , 1 , 1
1 , diagPMEX ,, 7 , , , , , , 1 , 1 , 1 , 1 , 1
1 , diagPMEX ,, 8 , , , , , , 1 , 1 , 1 , 1 , 1
1 , diagPMEX ,, 9 , , , , , , 1 , 1 , 1 , 1 , 1
1 , diagPMEX ,, 10 , , , , , , 1 , 1 , 1 , 1 , 1
1 , diagPMEX ,, 11 , , , , , , 1 , 1 , 1 , 1 , 1
1 , diagPMEX ,, 12 , , , , , , 1 , 1 , 1 , 1 , 1
1 , diagPMEX ,, 13 , , , , , , 1 , 1 , 1 , 1 , 1
1 , diagPMEX ,, 14 , , , , , , 1 , 1 , 1 , 1 , 1
1 , diagPMEX ,, 15 , , , , , , 1 , 1 , 1 , 1 , 1
1 , diagPMEX ,, 16 , , , , , , 1 , 1 , 1 , 1 , 1
1 , diagPMEX ,, 17 , , , , , , 1 , 1 , 1 , 1 , 1
1 , diagPMEX ,, 18 , , , , , , 1 , 1 , 1 , 1 , 1
1 , diagPMEX ,, 19 , , , , , , 1 , 1 , 1 , 1 , 1
1 , diagPMEX ,, 20 , , , , , , 1 , 1 , 1 , 1 , 1
1 , diagPMEX ,, 21 , , , , , , 1 , 1 , 1 , 1 , 1
1 , diagPMEX ,, 22 , , , , , , 1 , 1 , 1 , 1 , 1
1 , diagPMEX ,, 23 , , , , , , 1 , 1 , 1 , 1 , 1
1 , diagPMEX ,, 24 , , , , , , 1 , 1 , 1 , 1 , 1
1 , diagPMEX ,, 25 , , , , , , 1 , 1 , 1 , 1 , 1
1 , diagUsePLL ,, 1 , TRUE , TRUE , TRUE , TRUE , TRUE , TRUE , TRUE , TRUE , TRUE , TRUE
1 , diagUsePLL ,, 2 , TRUE , TRUE , TRUE , TRUE , TRUE , TRUE , TRUE , TRUE , TRUE , TRUE
1 , diagUsePLL ,, 3 , TRUE , TRUE , TRUE , TRUE , TRUE , TRUE , TRUE , TRUE , TRUE , TRUE
1 , diagUsePLL ,, 4 , , , , , , TRUE , TRUE , TRUE , TRUE , TRUE
1 , diagUsePLL ,, 5 , , , , , , TRUE , TRUE , TRUE , TRUE , TRUE
1 , diagUsePLL ,, 6 , , , , , , TRUE , TRUE , TRUE , TRUE , TRUE
1 , diagUsePLL ,, 7 , , , , , , TRUE , TRUE , TRUE , TRUE , TRUE
1 , diagUsePLL ,, 8 , , , , , , TRUE , TRUE , TRUE , TRUE , TRUE
1 , diagUsePLL ,, 9 , , , , , , TRUE , TRUE , TRUE , TRUE , TRUE
1 , diagUsePLL ,, 10 , , , , , , TRUE , TRUE , TRUE , TRUE , TRUE
1 , diagUsePLL ,, 11 , , , , , , TRUE , TRUE , TRUE , TRUE , TRUE
1 , diagUsePLL ,, 12 , , , , , , TRUE , TRUE , TRUE , TRUE , TRUE
1 , diagUsePLL ,, 13 , , , , , , TRUE , TRUE , TRUE , TRUE , TRUE
1 , diagUsePLL ,, 14 , , , , , , TRUE , TRUE , TRUE , TRUE , TRUE
1 , diagUsePLL ,, 15 , , , , , , TRUE , TRUE , TRUE , TRUE , TRUE
1 , diagUsePLL ,, 16 , , , , , , TRUE , TRUE , TRUE , TRUE , TRUE
1 , diagUsePLL ,, 17 , , , , , , TRUE , TRUE , TRUE , TRUE , TRUE
1 , diagUsePLL ,, 18 , , , , , , TRUE , TRUE , TRUE , TRUE , TRUE
1 , diagUsePLL ,, 19 , , , , , , TRUE , TRUE , TRUE , TRUE , TRUE
1 , diagUsePLL ,, 20 , , , , , , TRUE , TRUE , TRUE , TRUE , TRUE
1 , diagUsePLL ,, 21 , , , , , , TRUE , TRUE , TRUE , TRUE , TRUE
1 , diagUsePLL ,, 22 , , , , , , TRUE , TRUE , TRUE , TRUE , TRUE
1 , diagUsePLL ,, 23 , , , , , , TRUE , TRUE , TRUE , TRUE , TRUE
1 , diagUsePLL ,, 24 , , , , , , TRUE , TRUE , TRUE , TRUE , TRUE
1 , diagUsePLL ,, 25 , , , , , , TRUE , TRUE , TRUE , TRUE , TRUE
1 , diagTimeout ,, 1 , 10S , 10S , 10S , 10S , 10S , 5S , 5S , 5S , 5S , 5S
1 , diagTimeout ,, 2 , 10S , 10S , 10S , 10S , 10S , 5S , 5S , 5S , 5S , 5S
1 , diagTimeout ,, 3 , 10S , 10S , 10S , 10S , 10S , 5S , 5S , 5S , 5S , 5S
1 , diagTimeout ,, 4 , , , , , , 5S , 5S , 5S , 5S , 5S
1 , diagTimeout ,, 5 , , , , , , 5S , 5S , 5S , 5S , 5S
1 , diagTimeout ,, 6 , , , , , , 5S , 5S , 5S , 5S , 5S
1 , diagTimeout ,, 7 , , , , , , 5S , 5S , 5S , 5S , 5S
1 , diagTimeout ,, 8 , , , , , , 5S , 5S , 5S , 5S , 5S
1 , diagTimeout ,, 9 , , , , , , 5S , 5S , 5S , 5S , 5S
1 , diagTimeout ,, 10 , , , , , , 5S , 5S , 5S , 5S , 5S
1 , diagTimeout ,, 11 , , , , , , 5S , 5S , 5S , 5S , 5S
1 , diagTimeout ,, 12 , , , , , , 5S , 5S , 5S , 5S , 5S
1 , diagTimeout ,, 13 , , , , , , 5S , 5S , 5S , 5S , 5S
1 , diagTimeout ,, 14 , , , , , , 5S , 5S , 5S , 5S , 5S
1 , diagTimeout ,, 15 , , , , , , 5S , 5S , 5S , 5S , 5S
1 , diagTimeout ,, 16 , , , , , , 5S , 5S , 5S , 5S , 5S
1 , diagTimeout ,, 17 , , , , , , 5S , 5S , 5S , 5S , 5S
1 , diagTimeout ,, 18 , , , , , , 5S , 5S , 5S , 5S , 5S
1 , diagTimeout ,, 19 , , , , , , 5S , 5S , 5S , 5S , 5S
1 , diagTimeout ,, 20 , , , , , , 5S , 5S , 5S , 5S , 5S
1 , diagTimeout ,, 21 , , , , , , 5S , 5S , 5S , 5S , 5S
1 , diagTimeout ,, 22 , , , , , , 5S , 5S , 5S , 5S , 5S
1 , diagTimeout ,, 23 , , , , , , 5S , 5S , 5S , 5S , 5S
1 , diagTimeout ,, 24 , , , , , , 5S , 5S , 5S , 5S , 5S
1 , diagTimeout ,, 25 , , , , , , 5S , 5S , 5S , 5S , 5S
1 , diagMaxFails ,, 1 , 1024 , 1024 , 1024 , 1024 , 1024 , 64 , 64 , 64 , 64 , 64
1 , diagMaxFails ,, 2 , 4096 , 4096 , 4096 , 4096 , 4096 , 768 , 768 , 768 , 768 , 768
1 , diagMaxFails ,, 3 , 2048 , 2048 , 2048 , 2048 , 2048 , 768 , 768 , 768 , 768 , 768
1 , diagMaxFails ,, 4 , , , , , , 1024 , 1024 , 1024 , 1024 , 1024
1 , diagMaxFails ,, 5 , , , , , , 544 , 544 , 544 , 544 , 544
1 , diagMaxFails ,, 6 , , , , , , 576 , 576 , 576 , 576 , 576
1 , diagMaxFails ,, 7 , , , , , , 4864 , 4864 , 4864 , 4864 , 4864
1 , diagMaxFails ,, 8 , , , , , , 17408 , 17408 , 17408 , 17408 , 17408
1 , diagMaxFails ,, 9 , , , , , , 4096 , 4096 , 4096 , 4096 , 4096
1 , diagMaxFails ,, 10 , , , , , , 6144 , 6144 , 6144 , 6144 , 6144
1 , diagMaxFails ,, 11 , , , , , , 2048 , 2048 , 2048 , 2048 , 2048
1 , diagMaxFails ,, 12 , , , , , , 16384 , 16384 , 16384 , 16384 , 16384
1 , diagMaxFails ,, 13 , , , , , , 4096 , 4096 , 4096 , 4096 , 4096
1 , diagMaxFails ,, 14 , , , , , , 4096 , 4096 , 4096 , 4096 , 4096
1 , diagMaxFails ,, 15 , , , , , , 5632 , 5632 , 5632 , 5632 , 5632
1 , diagMaxFails ,, 16 , , , , , , 128 , 128 , 128 , 128 , 128
1 , diagMaxFails ,, 17 , , , , , , 64 , 64 , 64 , 64 , 64
1 , diagMaxFails ,, 18 , , , , , , 256 , 256 , 256 , 256 , 256
1 , diagMaxFails ,, 19 , , , , , , 64 , 64 , 64 , 64 , 64
1 , diagMaxFails ,, 20 , , , , , , 2048 , 2048 , 2048 , 2048 , 2048
1 , diagMaxFails ,, 21 , , , , , , 128 , 128 , 128 , 128 , 128
1 , diagMaxFails ,, 22 , , , , , , 10240 , 10240 , 10240 , 10240 , 10240
1 , diagMaxFails ,, 23 , , , , , , 2048 , 2048 , 2048 , 2048 , 2048
1 , diagMaxFails ,, 24 , , , , , , 4320 , 4320 , 4320 , 4320 , 4320
1 , diagMaxFails ,, 25 , , , , , , 2048 , 2048 , 2048 , 2048 , 2048
1 , diagFailCapt ,, 1 , TRUE , TRUE , TRUE , TRUE , TRUE , TRUE , TRUE , TRUE , TRUE , TRUE
1 , diagFailCapt ,, 2 , TRUE , TRUE , TRUE , TRUE , TRUE , TRUE , TRUE , TRUE , TRUE , TRUE
1 , diagFailCapt ,, 3 , TRUE , TRUE , TRUE , TRUE , TRUE , TRUE , TRUE , TRUE , TRUE , TRUE
1 , diagFailCapt ,, 4 , , , , , , TRUE , TRUE , TRUE , TRUE , TRUE
1 , diagFailCapt ,, 5 , , , , , , TRUE , TRUE , TRUE , TRUE , TRUE
1 , diagFailCapt ,, 6 , , , , , , TRUE , TRUE , TRUE , TRUE , TRUE
1 , diagFailCapt ,, 7 , , , , , , TRUE , TRUE , TRUE , TRUE , TRUE
1 , diagFailCapt ,, 8 , , , , , , TRUE , TRUE , TRUE , TRUE , TRUE
1 , diagFailCapt ,, 9 , , , , , , TRUE , TRUE , TRUE , TRUE , TRUE
1 , diagFailCapt ,, 10 , , , , , , TRUE , TRUE , TRUE , TRUE , TRUE
1 , diagFailCapt ,, 11 , , , , , , TRUE , TRUE , TRUE , TRUE , TRUE
1 , diagFailCapt ,, 12 , , , , , , TRUE , TRUE , TRUE , TRUE , TRUE
1 , diagFailCapt ,, 13 , , , , , , TRUE , TRUE , TRUE , TRUE , TRUE
1 , diagFailCapt ,, 14 , , , , , , TRUE , TRUE , TRUE , TRUE , TRUE
1 , diagFailCapt ,, 15 , , , , , , TRUE , TRUE , TRUE , TRUE , TRUE
1 , diagFailCapt ,, 16 , , , , , , TRUE , TRUE , TRUE , TRUE , TRUE
1 , diagFailCapt ,, 17 , , , , , , TRUE , TRUE , TRUE , TRUE , TRUE
1 , diagFailCapt ,, 18 , , , , , , TRUE , TRUE , TRUE , TRUE , TRUE
1 , diagFailCapt ,, 19 , , , , , , TRUE , TRUE , TRUE , TRUE , TRUE
1 , diagFailCapt ,, 20 , , , , , , TRUE , TRUE , TRUE , TRUE , TRUE
1 , diagFailCapt ,, 21 , , , , , , TRUE , TRUE , TRUE , TRUE , TRUE
1 , diagFailCapt ,, 22 , , , , , , TRUE , TRUE , TRUE , TRUE , TRUE
1 , diagFailCapt ,, 23 , , , , , , TRUE , TRUE , TRUE , TRUE , TRUE
1 , diagFailCapt ,, 24 , , , , , , TRUE , TRUE , TRUE , TRUE , TRUE
1 , diagFailCapt ,, 25 , , , , , , TRUE , TRUE , TRUE , TRUE , TRUE
1 , diagRepRAM ,, 1 , FALSE , FALSE , FALSE , FALSE , FALSE , TRUE , TRUE , TRUE , TRUE , TRUE
1 , diagRepRAM ,, 2 , TRUE , TRUE , TRUE , TRUE , TRUE , TRUE , TRUE , TRUE , TRUE , TRUE
1 , diagRepRAM ,, 3 , TRUE , TRUE , TRUE , TRUE , TRUE , TRUE , TRUE , TRUE , TRUE , TRUE
1 , diagRepRAM ,, 4 , , , , , , TRUE , TRUE , TRUE , TRUE , TRUE
1 , diagRepRAM ,, 5 , , , , , , TRUE , TRUE , TRUE , TRUE , TRUE
1 , diagRepRAM ,, 6 , , , , , , TRUE , TRUE , TRUE , TRUE , TRUE
1 , diagRepRAM ,, 7 , , , , , , TRUE , TRUE , TRUE , TRUE , TRUE
1 , diagRepRAM ,, 8 , , , , , , TRUE , TRUE , TRUE , TRUE , TRUE
1 , diagRepRAM ,, 9 , , , , , , TRUE , TRUE , TRUE , TRUE , TRUE
1 , diagRepRAM ,, 10 , , , , , , TRUE , TRUE , TRUE , TRUE , TRUE
1 , diagRepRAM ,, 11 , , , , , , TRUE , TRUE , TRUE , TRUE , TRUE
1 , diagRepRAM ,, 12 , , , , , , TRUE , TRUE , TRUE , TRUE , TRUE
1 , diagRepRAM ,, 13 , , , , , , TRUE , TRUE , TRUE , TRUE , TRUE
1 , diagRepRAM ,, 14 , , , , , , TRUE , TRUE , TRUE , TRUE , TRUE
1 , diagRepRAM ,, 15 , , , , , , TRUE , TRUE , TRUE , TRUE , TRUE
1 , diagRepRAM ,, 16 , , , , , , TRUE , TRUE , TRUE , TRUE , TRUE
1 , diagRepRAM ,, 17 , , , , , , TRUE , TRUE , TRUE , TRUE , TRUE
1 , diagRepRAM ,, 18 , , , , , , TRUE , TRUE , TRUE , TRUE , TRUE
1 , diagRepRAM ,, 19 , , , , , , TRUE , TRUE , TRUE , TRUE , TRUE
1 , diagRepRAM ,, 20 , , , , , , TRUE , TRUE , TRUE , TRUE , TRUE
1 , diagRepRAM ,, 21 , , , , , , TRUE , TRUE , TRUE , TRUE , TRUE
1 , diagRepRAM ,, 22 , , , , , , TRUE , TRUE , TRUE , TRUE , TRUE
1 , diagRepRAM ,, 23 , , , , , , TRUE , TRUE , TRUE , TRUE , TRUE
1 , diagRepRAM ,, 24 , , , , , , TRUE , TRUE , TRUE , TRUE , TRUE
1 , diagRepRAM ,, 25 , , , , , , TRUE , TRUE , TRUE , TRUE , TRUE
1 , bistClkFreq ,, 1 , 250MgHz , 250MgHz , 250MgHz , 250MgHz , 250MgHz , 133.33Mghz , 133.33Mghz , 133.33Mghz , 133.33Mghz , 120Mghz
1 , bistClkFreq ,, 2 , 250MgHz , 250MgHz , 250MgHz , 250MgHz , 250MgHz , 133.33Mghz , 133.33Mghz , 133.33Mghz , 133.33Mghz , 120Mghz
1 , bistClkFreq ,, 3 , 250MgHz , 250MgHz , 250MgHz , 250MgHz , 250MgHz , 133.33Mghz , 133.33Mghz , 133.33Mghz , 133.33Mghz , 120Mghz
1 , bistClkFreq ,, 4 , , , , , , 133.33Mghz , 133.33Mghz , 133.33Mghz , 133.33Mghz , 120Mghz
1 , bistClkFreq ,, 5 , , , , , , 133.33Mghz , 133.33Mghz , 133.33Mghz , 133.33Mghz , 120Mghz
1 , bistClkFreq ,, 6 , , , , , , 133.33Mghz , 133.33Mghz , 133.33Mghz , 133.33Mghz , 120Mghz
1 , bistClkFreq ,, 7 , , , , , , 133.33Mghz , 133.33Mghz , 133.33Mghz , 133.33Mghz , 120Mghz
1 , bistClkFreq ,, 8 , , , , , , 133.33Mghz , 133.33Mghz , 133.33Mghz , 133.33Mghz , 120Mghz
1 , bistClkFreq ,, 9 , , , , , , 133.33Mghz , 133.33Mghz , 133.33Mghz , 133.33Mghz , 120Mghz
1 , bistClkFreq ,, 10 , , , , , , 133.33Mghz , 133.33Mghz , 133.33Mghz , 133.33Mghz , 120Mghz
1 , bistClkFreq ,, 11 , , , , , , 133.33Mghz , 133.33Mghz , 133.33Mghz , 133.33Mghz , 120Mghz
1 , bistClkFreq ,, 12 , , , , , , 133.33Mghz , 133.33Mghz , 133.33Mghz , 133.33Mghz , 120Mghz
1 , bistClkFreq ,, 13 , , , , , , 133.33Mghz , 133.33Mghz , 133.33Mghz , 133.33Mghz , 120Mghz
1 , bistClkFreq ,, 14 , , , , , , 133.33Mghz , 133.33Mghz , 133.33Mghz , 133.33Mghz , 120Mghz
1 , bistClkFreq ,, 15 , , , , , , 133.33Mghz , 133.33Mghz , 133.33Mghz , 133.33Mghz , 120Mghz
1 , bistClkFreq ,, 16 , , , , , , 133.33Mghz , 133.33Mghz , 133.33Mghz , 133.33Mghz , 120Mghz
1 , bistClkFreq ,, 17 , , , , , , 133.33Mghz , 133.33Mghz , 133.33Mghz , 133.33Mghz , 120Mghz
1 , bistClkFreq ,, 18 , , , , , , 133.33Mghz , 133.33Mghz , 133.33Mghz , 133.33Mghz , 120Mghz
1 , bistClkFreq ,, 19 , , , , , , 133.33Mghz , 133.33Mghz , 133.33Mghz , 133.33Mghz , 120Mghz
1 , bistClkFreq ,, 20 , , , , , , 133.33Mghz , 133.33Mghz , 133.33Mghz , 133.33Mghz , 120Mghz
1 , bistClkFreq ,, 21 , , , , , , 133.33Mghz , 133.33Mghz , 133.33Mghz , 133.33Mghz , 120Mghz
1 , bistClkFreq ,, 22 , , , , , , 133.33Mghz , 133.33Mghz , 133.33Mghz , 133.33Mghz , 120Mghz
1 , bistClkFreq ,, 23 , , , , , , 133.33Mghz , 133.33Mghz , 133.33Mghz , 133.33Mghz , 120Mghz
1 , bistClkFreq ,, 24 , , , , , , 133.33Mghz , 133.33Mghz , 133.33Mghz , 133.33Mghz , 120Mghz
1 , bistClkFreq ,, 25 , , , , , , 133.33Mghz , 133.33Mghz , 133.33Mghz , 133.33Mghz , 120Mghz
2 , bistType , PBIST
2 , repairableRAM , TRUE
2 , ctlrID , 65538
2 , bistDonePin , uart0rxd
2 , bistFailPin , uart0txd
2 , scanOutPin , coresel0
2 , scanClkPin , tck
2 , bistClkPin , altcoreclkp
2 , bistClkSrc , S_CLOCK1A
2 , bistClkDest , S_POGOPIN
2 , prePadWidth , 3
2 , pstPadWidth , 1
2 , ctlrIDWidth , 5
2 , portWidth , 1
2 , algoWidth , 6
2 , rgsWidth , 8
2 , rdsWidth , 5
2 , addrWidth , 16
2 , wordWidth , 64
2 , charWidth , 8
2 , diagInitTest ,, , MemBistVsnmLV_2_st , MemBistVtripLV_2_st , MemBistVsnmHV_2_st , MemBistVtripHV_2_st , MemBistVminNSp_2_st , MemBistVreadLV_2_st , MemBistVskew3_2_st , MemBistVskew2_2_st , MemBistVskew1_2_st , MemBistVskewPhi_2_st
2 , numDiag ,, , 5 , 5 , 5 , 5 , 5 , 0 , 0 , 0 , 0 , 0
2 , diagPSN ,, 1 , bnrgmxxxg0_rta1xmxxxx_002 , bnrgmxxxg0_rta1xmxxxx_002 , bnrgmxxxg0_rta1xmxxxx_002 , bnrgmxxxg0_rta1xmxxxx_002 , bnrgmxxxg0_rta1xmxxxx_002 , , , , ,
2 , diagPSN ,, 2 , bnrgmxxxg0_s1r1xmxxxx_000 , bnrgmxxxg0_s1r1xmxxxx_000 , bnrgmxxxg0_s1r1xmxxxx_000 , bnrgmxxxg0_s1r1xmxxxx_000 , bnrgmxxxg0_s1r1xmxxxx_000 , , , , ,
2 , diagPSN ,, 3 , bnrgmxxxg0_s4a1xmxxxx_000 , bnrgmxxxg0_s4a1xmxxxx_000 , bnrgmxxxg0_s4a1xmxxxx_000 , bnrgmxxxg0_s4a1xmxxxx_000 , bnrgmxxxg0_s4a1xmxxxx_000 , , , , ,
2 , diagPSN ,, 4 , bnrgmxxxg0_s4a2xmxxxx_000 , bnrgmxxxg0_s4a2xmxxxx_000 , bnrgmxxxg0_s4a2xmxxxx_000 , bnrgmxxxg0_s4a2xmxxxx_000 , bnrgmxxxg0_s4a2xmxxxx_000 , , , , ,
2 , diagPSN ,, 5 , bnrgmxxxg0_sdp1xmxxxx_000 , bnrgmxxxg0_sdp1xmxxxx_000 , bnrgmxxxg0_sdp1xmxxxx_000 , bnrgmxxxg0_sdp1xmxxxx_000 , bnrgmxxxg0_sdp1xmxxxx_000 , , , , ,
2 , diagPMEX ,, 1 , 1 , 1 , 1 , 1 , 1 , , , , ,
2 , diagPMEX ,, 2 , 1 , 1 , 1 , 1 , 1 , , , , ,
2 , diagPMEX ,, 3 , 1 , 1 , 1 , 1 , 1 , , , , ,
2 , diagPMEX ,, 4 , 1 , 1 , 1 , 1 , 1 , , , , ,
2 , diagPMEX ,, 5 , 1 , 1 , 1 , 1 , 1 , , , , ,
2 , diagUsePLL ,, 1 , TRUE , TRUE , TRUE , TRUE , TRUE , , , , ,
2 , diagUsePLL ,, 2 , TRUE , TRUE , TRUE , TRUE , TRUE , , , , ,
2 , diagUsePLL ,, 3 , TRUE , TRUE , TRUE , TRUE , TRUE , , , , ,
2 , diagUsePLL ,, 4 , TRUE , TRUE , TRUE , TRUE , TRUE , , , , ,
2 , diagUsePLL ,, 5 , TRUE , TRUE , TRUE , TRUE , TRUE , , , , ,
2 , diagTimeout ,, 1 , 10S , 10S , 10S , 10S , 10S , , , , ,
2 , diagTimeout ,, 2 , 10S , 10S , 10S , 10S , 10S , , , , ,
2 , diagTimeout ,, 3 , 10S , 10S , 10S , 10S , 10S , , , , ,
2 , diagTimeout ,, 4 , 10S , 10S , 10S , 10S , 10S , , , , ,
2 , diagTimeout ,, 5 , 10S , 10S , 10S , 10S , 10S , , , , ,
2 , diagMaxFails ,, 1 , 4096 , 4096 , 4096 , 4096 , 4096 , , , , ,
2 , diagMaxFails ,, 2 , 1024 , 1024 , 1024 , 1024 , 1024 , , , , ,
2 , diagMaxFails ,, 3 , 64 , 64 , 64 , 64 , 64 , , , , ,
2 , diagMaxFails ,, 4 , 16 , 16 , 16 , 16 , 16 , , , , ,
2 , diagMaxFails ,, 5 , 512 , 512 , 512 , 512 , 512 , , , , ,
2 , diagFailCapt ,, 1 , TRUE , TRUE , TRUE , TRUE , TRUE , , , , ,
2 , diagFailCapt ,, 2 , TRUE , TRUE , TRUE , TRUE , TRUE , , , , ,
2 , diagFailCapt ,, 3 , TRUE , TRUE , TRUE , TRUE , TRUE , , , , ,
2 , diagFailCapt ,, 4 , TRUE , TRUE , TRUE , TRUE , TRUE , , , , ,
2 , diagFailCapt ,, 5 , TRUE , TRUE , TRUE , TRUE , TRUE , , , , ,
2 , diagRepRAM ,, 1 , TRUE , TRUE , TRUE , TRUE , TRUE , , , , ,
2 , diagRepRAM ,, 2 , FALSE , FALSE , FALSE , FALSE , FALSE , , , , ,
2 , diagRepRAM ,, 3 , FALSE , FALSE , FALSE , FALSE , FALSE , , , , ,
2 , diagRepRAM ,, 4 , FALSE , FALSE , FALSE , FALSE , FALSE , , , , ,
2 , diagRepRAM ,, 5 , FALSE , FALSE , FALSE , FALSE , FALSE , , , , ,
2 , bistClkFreq ,, 1 , 250MgHz , 250MgHz , 250MgHz , 250MgHz , 250MgHz , , , , ,
2 , bistClkFreq ,, 2 , 250MgHz , 250MgHz , 250MgHz , 250MgHz , 250MgHz , , , , ,
2 , bistClkFreq ,, 3 , 250MgHz , 250MgHz , 250MgHz , 250MgHz , 250MgHz , , , , ,
2 , bistClkFreq ,, 4 , 250MgHz , 250MgHz , 250MgHz , 250MgHz , 250MgHz , , , , ,
2 , bistClkFreq ,, 5 , 250MgHz , 250MgHz , 250MgHz , 250MgHz , 250MgHz , , , , ,
3 , bistType , PBIST
3 , repairableRAM , TRUE
3 , ctlrID , 65547
3 , bistDonePin , uart0rxd
3 , bistFailPin , uart0txd
3 , scanOutPin , coresel0
3 , scanClkPin , tck
3 , bistClkPin , altcoreclkp
3 , bistClkSrc , S_CLOCK1A
3 , bistClkDest , S_POGOPIN
3 , prePadWidth , 3
3 , pstPadWidth , 1
3 , ctlrIDWidth , 5
3 , portWidth , 1
3 , algoWidth , 6
3 , rgsWidth , 8
3 , rdsWidth , 5
3 , addrWidth , 16
3 , wordWidth , 64
3 , charWidth , 8
3 , diagInitTest ,, , MemBistVsnmLV_3_st , MemBistVtripLV_3_st , MemBistVsnmHV_3_st , MemBistVtripHV_3_st , MemBistVminNSp_3_st , MemBistVreadLV_3_st , MemBistVskew3_3_st , MemBistVskew2_3_st , MemBistVskew1_3_st , MemBistVskewPhi_3_st
3 , numDiag ,, , 5 , 5 , 5 , 5 , 5 , 0 , 0 , 0 , 0 , 0
3 , diagPSN ,, 1 , bnrgmxxxg1_rta1xmxxxx_002 , bnrgmxxxg1_rta1xmxxxx_002 , bnrgmxxxg1_rta1xmxxxx_002 , bnrgmxxxg1_rta1xmxxxx_002 , bnrgmxxxg1_rta1xmxxxx_002 , , , , ,
3 , diagPSN ,, 2 , bnrgmxxxg1_s1r1xmxxxx_000 , bnrgmxxxg1_s1r1xmxxxx_000 , bnrgmxxxg1_s1r1xmxxxx_000 , bnrgmxxxg1_s1r1xmxxxx_000 , bnrgmxxxg1_s1r1xmxxxx_000 , , , , ,
3 , diagPSN ,, 3 , bnrgmxxxg1_s4a1xmxxxx_000 , bnrgmxxxg1_s4a1xmxxxx_000 , bnrgmxxxg1_s4a1xmxxxx_000 , bnrgmxxxg1_s4a1xmxxxx_000 , bnrgmxxxg1_s4a1xmxxxx_000 , , , , ,
3 , diagPSN ,, 4 , bnrgmxxxg1_s4a2xmxxxx_000 , bnrgmxxxg1_s4a2xmxxxx_000 , bnrgmxxxg1_s4a2xmxxxx_000 , bnrgmxxxg1_s4a2xmxxxx_000 , bnrgmxxxg1_s4a2xmxxxx_000 , , , , ,
3 , diagPSN ,, 5 , bnrgmxxxg1_sdp1xmxxxx_000 , bnrgmxxxg1_sdp1xmxxxx_000 , bnrgmxxxg1_sdp1xmxxxx_000 , bnrgmxxxg1_sdp1xmxxxx_000 , bnrgmxxxg1_sdp1xmxxxx_000 , , , , ,
3 , diagPMEX ,, 1 , 1 , 1 , 1 , 1 , 1 , , , , ,
3 , diagPMEX ,, 2 , 1 , 1 , 1 , 1 , 1 , , , , ,
3 , diagPMEX ,, 3 , 1 , 1 , 1 , 1 , 1 , , , , ,
3 , diagPMEX ,, 4 , 1 , 1 , 1 , 1 , 1 , , , , ,
3 , diagPMEX ,, 5 , 1 , 1 , 1 , 1 , 1 , , , , ,
3 , diagUsePLL ,, 1 , TRUE , TRUE , TRUE , TRUE , TRUE , , , , ,
3 , diagUsePLL ,, 2 , TRUE , TRUE , TRUE , TRUE , TRUE , , , , ,
3 , diagUsePLL ,, 3 , TRUE , TRUE , TRUE , TRUE , TRUE , , , , ,
3 , diagUsePLL ,, 4 , TRUE , TRUE , TRUE , TRUE , TRUE , , , , ,
3 , diagUsePLL ,, 5 , TRUE , TRUE , TRUE , TRUE , TRUE , , , , ,
3 , diagTimeout ,, 1 , 10S , 10S , 10S , 10S , 10S , , , , ,
3 , diagTimeout ,, 2 , 10S , 10S , 10S , 10S , 10S , , , , ,
3 , diagTimeout ,, 3 , 10S , 10S , 10S , 10S , 10S , , , , ,
3 , diagTimeout ,, 4 , 10S , 10S , 10S , 10S , 10S , , , , ,
3 , diagTimeout ,, 5 , 10S , 10S , 10S , 10S , 10S , , , , ,
3 , diagMaxFails ,, 1 , 4096 , 4096 , 4096 , 4096 , 4096 , , , , ,
3 , diagMaxFails ,, 2 , 1024 , 1024 , 1024 , 1024 , 1024 , , , , ,
3 , diagMaxFails ,, 3 , 64 , 64 , 64 , 64 , 64 , , , , ,
3 , diagMaxFails ,, 4 , 16 , 16 , 16 , 16 , 16 , , , , ,
3 , diagMaxFails ,, 5 , 512 , 512 , 512 , 512 , 512 , , , , ,
3 , diagFailCapt ,, 1 , TRUE , TRUE , TRUE , TRUE , TRUE , , , , ,
3 , diagFailCapt ,, 2 , TRUE , TRUE , TRUE , TRUE , TRUE , , , , ,
3 , diagFailCapt ,, 3 , TRUE , TRUE , TRUE , TRUE , TRUE , , , , ,
3 , diagFailCapt ,, 4 , TRUE , TRUE , TRUE , TRUE , TRUE , , , , ,
3 , diagFailCapt ,, 5 , TRUE , TRUE , TRUE , TRUE , TRUE , , , , ,
3 , diagRepRAM ,, 1 , TRUE , TRUE , TRUE , TRUE , TRUE , , , , ,
3 , diagRepRAM ,, 2 , FALSE , FALSE , FALSE , FALSE , FALSE , , , , ,
3 , diagRepRAM ,, 3 , FALSE , FALSE , FALSE , FALSE , FALSE , , , , ,
3 , diagRepRAM ,, 4 , FALSE , FALSE , FALSE , FALSE , FALSE , , , , ,
3 , diagRepRAM ,, 5 , FALSE , FALSE , FALSE , FALSE , FALSE , , , , ,
3 , bistClkFreq ,, 1 , 250MgHz , 250MgHz , 250MgHz , 250MgHz , 250MgHz , , , , ,
3 , bistClkFreq ,, 2 , 250MgHz , 250MgHz , 250MgHz , 250MgHz , 250MgHz , , , , ,
3 , bistClkFreq ,, 3 , 250MgHz , 250MgHz , 250MgHz , 250MgHz , 250MgHz , , , , ,
3 , bistClkFreq ,, 4 , 250MgHz , 250MgHz , 250MgHz , 250MgHz , 250MgHz , , , , ,
3 , bistClkFreq ,, 5 , 250MgHz , 250MgHz , 250MgHz , 250MgHz , 250MgHz , , , , ,
4 , bistType , PBIST
4 , repairableRAM , TRUE
4 , ctlrID , 65539
4 , bistDonePin , uart0rxd
4 , bistFailPin , uart0txd
4 , scanOutPin , coresel0
4 , scanClkPin , tck
4 , bistClkPin , altcoreclkp
4 , bistClkSrc , S_CLOCK1A
4 , bistClkDest , S_POGOPIN
4 , prePadWidth , 3
4 , pstPadWidth , 1
4 , ctlrIDWidth , 5
4 , portWidth , 1
4 , algoWidth , 6
4 , rgsWidth , 8
4 , rdsWidth , 5
4 , addrWidth , 16
4 , wordWidth , 64
4 , charWidth , 8
4 , diagInitTest ,, , MemBistVsnmLV_4_st , MemBistVtripLV_4_st , MemBistVsnmHV_4_st , MemBistVtripHV_4_st , MemBistVminNSp_4_st , MemBistVreadLV_4_st , MemBistVskew3_4_st , MemBistVskew2_4_st , MemBistVskew1_4_st , MemBistVskewPhi_4_st
4 , numDiag ,, , 5 , 5 , 5 , 5 , 5 , 0 , 0 , 0 , 0 , 0
4 , diagPSN ,, 1 , bnrgmxxxg2_rta1xmxxxx_002 , bnrgmxxxg2_rta1xmxxxx_002 , bnrgmxxxg2_rta1xmxxxx_002 , bnrgmxxxg2_rta1xmxxxx_002 , bnrgmxxxg2_rta1xmxxxx_002 , , , , ,
4 , diagPSN ,, 2 , bnrgmxxxg2_s1r1xmxxxx_000 , bnrgmxxxg2_s1r1xmxxxx_000 , bnrgmxxxg2_s1r1xmxxxx_000 , bnrgmxxxg2_s1r1xmxxxx_000 , bnrgmxxxg2_s1r1xmxxxx_000 , , , , ,
4 , diagPSN ,, 3 , bnrgmxxxg2_s4a1xmxxxx_000 , bnrgmxxxg2_s4a1xmxxxx_000 , bnrgmxxxg2_s4a1xmxxxx_000 , bnrgmxxxg2_s4a1xmxxxx_000 , bnrgmxxxg2_s4a1xmxxxx_000 , , , , ,
4 , diagPSN ,, 4 , bnrgmxxxg2_s4a2xmxxxx_000 , bnrgmxxxg2_s4a2xmxxxx_000 , bnrgmxxxg2_s4a2xmxxxx_000 , bnrgmxxxg2_s4a2xmxxxx_000 , bnrgmxxxg2_s4a2xmxxxx_000 , , , , ,
4 , diagPSN ,, 5 , bnrgmxxxg2_sdp1xmxxxx_000 , bnrgmxxxg2_sdp1xmxxxx_000 , bnrgmxxxg2_sdp1xmxxxx_000 , bnrgmxxxg2_sdp1xmxxxx_000 , bnrgmxxxg2_sdp1xmxxxx_000 , , , , ,
4 , diagPMEX ,, 1 , 1 , 1 , 1 , 1 , 1 , , , , ,
4 , diagPMEX ,, 2 , 1 , 1 , 1 , 1 , 1 , , , , ,
4 , diagPMEX ,, 3 , 1 , 1 , 1 , 1 , 1 , , , , ,
4 , diagPMEX ,, 4 , 1 , 1 , 1 , 1 , 1 , , , , ,
4 , diagPMEX ,, 5 , 1 , 1 , 1 , 1 , 1 , , , , ,
4 , diagUsePLL ,, 1 , TRUE , TRUE , TRUE , TRUE , TRUE , , , , ,
4 , diagUsePLL ,, 2 , TRUE , TRUE , TRUE , TRUE , TRUE , , , , ,
4 , diagUsePLL ,, 3 , TRUE , TRUE , TRUE , TRUE , TRUE , , , , ,
4 , diagUsePLL ,, 4 , TRUE , TRUE , TRUE , TRUE , TRUE , , , , ,
4 , diagUsePLL ,, 5 , TRUE , TRUE , TRUE , TRUE , TRUE , , , , ,
4 , diagTimeout ,, 1 , 10S , 10S , 10S , 10S , 10S , , , , ,
4 , diagTimeout ,, 2 , 10S , 10S , 10S , 10S , 10S , , , , ,
4 , diagTimeout ,, 3 , 10S , 10S , 10S , 10S , 10S , , , , ,
4 , diagTimeout ,, 4 , 10S , 10S , 10S , 10S , 10S , , , , ,
4 , diagTimeout ,, 5 , 10S , 10S , 10S , 10S , 10S , , , , ,
4 , diagMaxFails ,, 1 , 4096 , 4096 , 4096 , 4096 , 4096 , , , , ,
4 , diagMaxFails ,, 2 , 1024 , 1024 , 1024 , 1024 , 1024 , , , , ,
4 , diagMaxFails ,, 3 , 64 , 64 , 64 , 64 , 64 , , , , ,
4 , diagMaxFails ,, 4 , 16 , 16 , 16 , 16 , 16 , , , , ,
4 , diagMaxFails ,, 5 , 512 , 512 , 512 , 512 , 512 , , , , ,
4 , diagFailCapt ,, 1 , TRUE , TRUE , TRUE , TRUE , TRUE , , , , ,
4 , diagFailCapt ,, 2 , TRUE , TRUE , TRUE , TRUE , TRUE , , , , ,
4 , diagFailCapt ,, 3 , TRUE , TRUE , TRUE , TRUE , TRUE , , , , ,
4 , diagFailCapt ,, 4 , TRUE , TRUE , TRUE , TRUE , TRUE , , , , ,
4 , diagFailCapt ,, 5 , TRUE , TRUE , TRUE , TRUE , TRUE , , , , ,
4 , diagRepRAM ,, 1 , TRUE , TRUE , TRUE , TRUE , TRUE , , , , ,
4 , diagRepRAM ,, 2 , FALSE , FALSE , FALSE , FALSE , FALSE , , , , ,
4 , diagRepRAM ,, 3 , FALSE , FALSE , FALSE , FALSE , FALSE , , , , ,
4 , diagRepRAM ,, 4 , FALSE , FALSE , FALSE , FALSE , FALSE , , , , ,
4 , diagRepRAM ,, 5 , FALSE , FALSE , FALSE , FALSE , FALSE , , , , ,
4 , bistClkFreq ,, 1 , 250MgHz , 250MgHz , 250MgHz , 250MgHz , 250MgHz , , , , ,
4 , bistClkFreq ,, 2 , 250MgHz , 250MgHz , 250MgHz , 250MgHz , 250MgHz , , , , ,
4 , bistClkFreq ,, 3 , 250MgHz , 250MgHz , 250MgHz , 250MgHz , 250MgHz , , , , ,
4 , bistClkFreq ,, 4 , 250MgHz , 250MgHz , 250MgHz , 250MgHz , 250MgHz , , , , ,
4 , bistClkFreq ,, 5 , 250MgHz , 250MgHz , 250MgHz , 250MgHz , 250MgHz , , , , ,
5 , bistType , PBIST
5 , repairableRAM , TRUE
5 , ctlrID , 65540
5 , bistDonePin , uart0rxd
5 , bistFailPin , uart0txd
5 , scanOutPin , coresel0
5 , scanClkPin , tck
5 , bistClkPin , altcoreclkp
5 , bistClkSrc , S_CLOCK1A
5 , bistClkDest , S_POGOPIN
5 , prePadWidth , 3
5 , pstPadWidth , 1
5 , ctlrIDWidth , 5
5 , portWidth , 1
5 , algoWidth , 6
5 , rgsWidth , 8
5 , rdsWidth , 5
5 , addrWidth , 16
5 , wordWidth , 64
5 , charWidth , 8
5 , diagInitTest ,, , MemBistVsnmLV_5_st , MemBistVtripLV_5_st , MemBistVsnmHV_5_st , MemBistVtripHV_5_st , MemBistVminNSp_5_st , MemBistVreadLV_5_st , MemBistVskew3_5_st , MemBistVskew2_5_st , MemBistVskew1_5_st , MemBistVskewPhi_5_st
5 , numDiag ,, , 5 , 5 , 5 , 5 , 5 , 0 , 0 , 0 , 0 , 0
5 , diagPSN ,, 1 , bnrgmxxxg3_rta1xmxxxx_002 , bnrgmxxxg3_rta1xmxxxx_002 , bnrgmxxxg3_rta1xmxxxx_002 , bnrgmxxxg3_rta1xmxxxx_002 , bnrgmxxxg3_rta1xmxxxx_002 , , , , ,
5 , diagPSN ,, 2 , bnrgmxxxg3_s1r1xmxxxx_000 , bnrgmxxxg3_s1r1xmxxxx_000 , bnrgmxxxg3_s1r1xmxxxx_000 , bnrgmxxxg3_s1r1xmxxxx_000 , bnrgmxxxg3_s1r1xmxxxx_000 , , , , ,
5 , diagPSN ,, 3 , bnrgmxxxg3_s4a1xmxxxx_000 , bnrgmxxxg3_s4a1xmxxxx_000 , bnrgmxxxg3_s4a1xmxxxx_000 , bnrgmxxxg3_s4a1xmxxxx_000 , bnrgmxxxg3_s4a1xmxxxx_000 , , , , ,
5 , diagPSN ,, 4 , bnrgmxxxg3_s4a2xmxxxx_000 , bnrgmxxxg3_s4a2xmxxxx_000 , bnrgmxxxg3_s4a2xmxxxx_000 , bnrgmxxxg3_s4a2xmxxxx_000 , bnrgmxxxg3_s4a2xmxxxx_000 , , , , ,
5 , diagPSN ,, 5 , bnrgmxxxg3_sdp1xmxxxx_000 , bnrgmxxxg3_sdp1xmxxxx_000 , bnrgmxxxg3_sdp1xmxxxx_000 , bnrgmxxxg3_sdp1xmxxxx_000 , bnrgmxxxg3_sdp1xmxxxx_000 , , , , ,
5 , diagPMEX ,, 1 , 1 , 1 , 1 , 1 , 1 , , , , ,
5 , diagPMEX ,, 2 , 1 , 1 , 1 , 1 , 1 , , , , ,
5 , diagPMEX ,, 3 , 1 , 1 , 1 , 1 , 1 , , , , ,
5 , diagPMEX ,, 4 , 1 , 1 , 1 , 1 , 1 , , , , ,
5 , diagPMEX ,, 5 , 1 , 1 , 1 , 1 , 1 , , , , ,
5 , diagUsePLL ,, 1 , TRUE , TRUE , TRUE , TRUE , TRUE , , , , ,
5 , diagUsePLL ,, 2 , TRUE , TRUE , TRUE , TRUE , TRUE , , , , ,
5 , diagUsePLL ,, 3 , TRUE , TRUE , TRUE , TRUE , TRUE , , , , ,
5 , diagUsePLL ,, 4 , TRUE , TRUE , TRUE , TRUE , TRUE , , , , ,
5 , diagUsePLL ,, 5 , TRUE , TRUE , TRUE , TRUE , TRUE , , , , ,
5 , diagTimeout ,, 1 , 10S , 10S , 10S , 10S , 10S , , , , ,
5 , diagTimeout ,, 2 , 10S , 10S , 10S , 10S , 10S , , , , ,
5 , diagTimeout ,, 3 , 10S , 10S , 10S , 10S , 10S , , , , ,
5 , diagTimeout ,, 4 , 10S , 10S , 10S , 10S , 10S , , , , ,
5 , diagTimeout ,, 5 , 10S , 10S , 10S , 10S , 10S , , , , ,
5 , diagMaxFails ,, 1 , 4096 , 4096 , 4096 , 4096 , 4096 , , , , ,
5 , diagMaxFails ,, 2 , 1024 , 1024 , 1024 , 1024 , 1024 , , , , ,
5 , diagMaxFails ,, 3 , 64 , 64 , 64 , 64 , 64 , , , , ,
5 , diagMaxFails ,, 4 , 16 , 16 , 16 , 16 , 16 , , , , ,
5 , diagMaxFails ,, 5 , 512 , 512 , 512 , 512 , 512 , , , , ,
5 , diagFailCapt ,, 1 , TRUE , TRUE , TRUE , TRUE , TRUE , , , , ,
5 , diagFailCapt ,, 2 , TRUE , TRUE , TRUE , TRUE , TRUE , , , , ,
5 , diagFailCapt ,, 3 , TRUE , TRUE , TRUE , TRUE , TRUE , , , , ,
5 , diagFailCapt ,, 4 , TRUE , TRUE , TRUE , TRUE , TRUE , , , , ,
5 , diagFailCapt ,, 5 , TRUE , TRUE , TRUE , TRUE , TRUE , , , , ,
5 , diagRepRAM ,, 1 , TRUE , TRUE , TRUE , TRUE , TRUE , , , , ,
5 , diagRepRAM ,, 2 , FALSE , FALSE , FALSE , FALSE , FALSE , , , , ,
5 , diagRepRAM ,, 3 , FALSE , FALSE , FALSE , FALSE , FALSE , , , , ,
5 , diagRepRAM ,, 4 , FALSE , FALSE , FALSE , FALSE , FALSE , , , , ,
5 , diagRepRAM ,, 5 , FALSE , FALSE , FALSE , FALSE , FALSE , , , , ,
5 , bistClkFreq ,, 1 , 250MgHz , 250MgHz , 250MgHz , 250MgHz , 250MgHz , , , , ,
5 , bistClkFreq ,, 2 , 250MgHz , 250MgHz , 250MgHz , 250MgHz , 250MgHz , , , , ,
5 , bistClkFreq ,, 3 , 250MgHz , 250MgHz , 250MgHz , 250MgHz , 250MgHz , , , , ,
5 , bistClkFreq ,, 4 , 250MgHz , 250MgHz , 250MgHz , 250MgHz , 250MgHz , , , , ,
5 , bistClkFreq ,, 5 , 250MgHz , 250MgHz , 250MgHz , 250MgHz , 250MgHz , , , , ,
6 , bistType , PBIST
6 , repairableRAM , TRUE
6 , ctlrID , 65541
6 , bistDonePin , uart0rxd
6 , bistFailPin , uart0txd
6 , scanOutPin , coresel0
6 , scanClkPin , tck
6 , bistClkPin , altcoreclkp
6 , bistClkSrc , S_CLOCK1A
6 , bistClkDest , S_POGOPIN
6 , prePadWidth , 3
6 , pstPadWidth , 1
6 , ctlrIDWidth , 5
6 , portWidth , 1
6 , algoWidth , 6
6 , rgsWidth , 8
6 , rdsWidth , 5
6 , addrWidth , 16
6 , wordWidth , 64
6 , charWidth , 8
6 , diagInitTest ,, , MemBistVsnmLV_6_st , MemBistVtripLV_6_st , MemBistVsnmHV_6_st , MemBistVtripHV_6_st , MemBistVminNSp_6_st , MemBistVreadLV_6_st , MemBistVskew3_6_st , MemBistVskew2_6_st , MemBistVskew1_6_st , MemBistVskewPhi_6_st
6 , numDiag ,, , 5 , 5 , 5 , 5 , 5 , 0 , 0 , 0 , 0 , 0
6 , diagPSN ,, 1 , bnrgmxxxc1_2pr3xmxxxx_000 , bnrgmxxxc1_2pr3xmxxxx_000 , bnrgmxxxc1_2pr3xmxxxx_000 , bnrgmxxxc1_2pr3xmxxxx_000 , bnrgmxxxc1_2pr3xmxxxx_000 , , , , ,
6 , diagPSN ,, 2 , bnrgmxxxc1_dsp3xmxxxx_000 , bnrgmxxxc1_dsp3xmxxxx_000 , bnrgmxxxc1_dsp3xmxxxx_000 , bnrgmxxxc1_dsp3xmxxxx_000 , bnrgmxxxc1_dsp3xmxxxx_000 , , , , ,
6 , diagPSN ,, 3 , bnrgmxxxc1_rta3xmxxxx_000 , bnrgmxxxc1_rta3xmxxxx_000 , bnrgmxxxc1_rta3xmxxxx_000 , bnrgmxxxc1_rta3xmxxxx_000 , bnrgmxxxc1_rta3xmxxxx_000 , , , , ,
6 , diagPSN ,, 4 , bnrgmxxxc1_s2a3xmxxxx_000 , bnrgmxxxc1_s2a3xmxxxx_000 , bnrgmxxxc1_s2a3xmxxxx_000 , bnrgmxxxc1_s2a3xmxxxx_000 , bnrgmxxxc1_s2a3xmxxxx_000 , , , , ,
6 , diagPSN ,, 5 , bnrgmxxxc1_uhd3xmxxxx_000 , bnrgmxxxc1_uhd3xmxxxx_000 , bnrgmxxxc1_uhd3xmxxxx_000 , bnrgmxxxc1_uhd3xmxxxx_000 , bnrgmxxxc1_uhd3xmxxxx_000 , , , , ,
6 , diagPMEX ,, 1 , 1 , 1 , 1 , 1 , 1 , , , , ,
6 , diagPMEX ,, 2 , 1 , 1 , 1 , 1 , 1 , , , , ,
6 , diagPMEX ,, 3 , 1 , 1 , 1 , 1 , 1 , , , , ,
6 , diagPMEX ,, 4 , 1 , 1 , 1 , 1 , 1 , , , , ,
6 , diagPMEX ,, 5 , 1 , 1 , 1 , 1 , 1 , , , , ,
6 , diagUsePLL ,, 1 , TRUE , TRUE , TRUE , TRUE , TRUE , , , , ,
6 , diagUsePLL ,, 2 , TRUE , TRUE , TRUE , TRUE , TRUE , , , , ,
6 , diagUsePLL ,, 3 , TRUE , TRUE , TRUE , TRUE , TRUE , , , , ,
6 , diagUsePLL ,, 4 , TRUE , TRUE , TRUE , TRUE , TRUE , , , , ,
6 , diagUsePLL ,, 5 , TRUE , TRUE , TRUE , TRUE , TRUE , , , , ,
6 , diagTimeout ,, 1 , 10S , 10S , 10S , 10S , 10S , , , , ,
6 , diagTimeout ,, 2 , 10S , 10S , 10S , 10S , 10S , , , , ,
6 , diagTimeout ,, 3 , 10S , 10S , 10S , 10S , 10S , , , , ,
6 , diagTimeout ,, 4 , 10S , 10S , 10S , 10S , 10S , , , , ,
6 , diagTimeout ,, 5 , 10S , 10S , 10S , 10S , 10S , , , , ,
6 , diagMaxFails ,, 1 , 272 , 272 , 272 , 272 , 272 , , , , ,
6 , diagMaxFails ,, 2 , 1024 , 1024 , 1024 , 1024 , 1024 , , , , ,
6 , diagMaxFails ,, 3 , 4096 , 4096 , 4096 , 4096 , 4096 , , , , ,
6 , diagMaxFails ,, 4 , 64 , 64 , 64 , 64 , 64 , , , , ,
6 , diagMaxFails ,, 5 , 512 , 512 , 512 , 512 , 512 , , , , ,
6 , diagFailCapt ,, 1 , TRUE , TRUE , TRUE , TRUE , TRUE , , , , ,
6 , diagFailCapt ,, 2 , TRUE , TRUE , TRUE , TRUE , TRUE , , , , ,
6 , diagFailCapt ,, 3 , TRUE , TRUE , TRUE , TRUE , TRUE , , , , ,
6 , diagFailCapt ,, 4 , TRUE , TRUE , TRUE , TRUE , TRUE , , , , ,
6 , diagFailCapt ,, 5 , TRUE , TRUE , TRUE , TRUE , TRUE , , , , ,
6 , diagRepRAM ,, 1 , FALSE , FALSE , FALSE , FALSE , FALSE , , , , ,
6 , diagRepRAM ,, 2 , TRUE , TRUE , TRUE , TRUE , TRUE , , , , ,
6 , diagRepRAM ,, 3 , TRUE , TRUE , TRUE , TRUE , TRUE , , , , ,
6 , diagRepRAM ,, 4 , FALSE , FALSE , FALSE , FALSE , FALSE , , , , ,
6 , diagRepRAM ,, 5 , TRUE , TRUE , TRUE , TRUE , TRUE , , , , ,
6 , bistClkFreq ,, 1 , 250MgHz , 250MgHz , 250MgHz , 250MgHz , 250MgHz , , , , ,
6 , bistClkFreq ,, 2 , 250MgHz , 250MgHz , 250MgHz , 250MgHz , 250MgHz , , , , ,
6 , bistClkFreq ,, 3 , 250MgHz , 250MgHz , 250MgHz , 250MgHz , 250MgHz , , , , ,
6 , bistClkFreq ,, 4 , 250MgHz , 250MgHz , 250MgHz , 250MgHz , 250MgHz , , , , ,
6 , bistClkFreq ,, 5 , 250MgHz , 250MgHz , 250MgHz , 250MgHz , 250MgHz , , , , ,
7 , bistType , PBIST
7 , repairableRAM , TRUE
7 , ctlrID , 65536
7 , bistDonePin , uart0rxd
7 , bistFailPin , uart0txd
7 , scanOutPin , coresel0
7 , scanClkPin , tck
7 , bistClkPin , altcoreclkp
7 , bistClkSrc , S_CLOCK1A
7 , bistClkDest , S_POGOPIN
7 , prePadWidth , 3
7 , pstPadWidth , 1
7 , ctlrIDWidth , 5
7 , portWidth , 1
7 , algoWidth , 6
7 , rgsWidth , 8
7 , rdsWidth , 5
7 , addrWidth , 16
7 , wordWidth , 64
7 , charWidth , 8
7 , diagInitTest ,, , MemBistVsnmLV_7_st , MemBistVtripLV_7_st , MemBistVsnmHV_7_st , MemBistVtripHV_7_st , MemBistVminNSp_7_st , MemBistVreadLV_7_st , MemBistVskew3_7_st , MemBistVskew2_7_st , MemBistVskew1_7_st , MemBistVskewPhi_7_st
7 , numDiag ,, , 3 , 3 , 3 , 3 , 3 , 0 , 0 , 0 , 0 , 0
7 , diagPSN ,, 1 , bnrgmxxxm0_rta1xmxxxx_001 , bnrgmxxxm0_rta1xmxxxx_001 , bnrgmxxxm0_rta1xmxxxx_001 , bnrgmxxxm0_rta1xmxxxx_001 , bnrgmxxxm0_rta1xmxxxx_001 , , , , ,
7 , diagPSN ,, 2 , bnrgmxxxm0_s1r1xmxxxx_000 , bnrgmxxxm0_s1r1xmxxxx_000 , bnrgmxxxm0_s1r1xmxxxx_000 , bnrgmxxxm0_s1r1xmxxxx_000 , bnrgmxxxm0_s1r1xmxxxx_000 , , , , ,
7 , diagPSN ,, 3 , bnrgmxxxm0_ssp1xmxxxx_000 , bnrgmxxxm0_ssp1xmxxxx_000 , bnrgmxxxm0_ssp1xmxxxx_000 , bnrgmxxxm0_ssp1xmxxxx_000 , bnrgmxxxm0_ssp1xmxxxx_000 , , , , ,
7 , diagPMEX ,, 1 , 1 , 1 , 1 , 1 , 1 , , , , ,
7 , diagPMEX ,, 2 , 1 , 1 , 1 , 1 , 1 , , , , ,
7 , diagPMEX ,, 3 , 1 , 1 , 1 , 1 , 1 , , , , ,
7 , diagUsePLL ,, 1 , TRUE , TRUE , TRUE , TRUE , TRUE , , , , ,
7 , diagUsePLL ,, 2 , TRUE , TRUE , TRUE , TRUE , TRUE , , , , ,
7 , diagUsePLL ,, 3 , TRUE , TRUE , TRUE , TRUE , TRUE , , , , ,
7 , diagTimeout ,, 1 , 10S , 10S , 10S , 10S , 10S , , , , ,
7 , diagTimeout ,, 2 , 10S , 10S , 10S , 10S , 10S , , , , ,
7 , diagTimeout ,, 3 , 10S , 10S , 10S , 10S , 10S , , , , ,
7 , diagMaxFails ,, 1 , 2048 , 2048 , 2048 , 2048 , 2048 , , , , ,
7 , diagMaxFails ,, 2 , 1024 , 1024 , 1024 , 1024 , 1024 , , , , ,
7 , diagMaxFails ,, 3 , 128 , 128 , 128 , 128 , 128 , , , , ,
7 , diagFailCapt ,, 1 , TRUE , TRUE , TRUE , TRUE , TRUE , , , , ,
7 , diagFailCapt ,, 2 , TRUE , TRUE , TRUE , TRUE , TRUE , , , , ,
7 , diagFailCapt ,, 3 , TRUE , TRUE , TRUE , TRUE , TRUE , , , , ,
7 , diagRepRAM ,, 1 , TRUE , TRUE , TRUE , TRUE , TRUE , , , , ,
7 , diagRepRAM ,, 2 , TRUE , TRUE , TRUE , TRUE , TRUE , , , , ,
7 , diagRepRAM ,, 3 , TRUE , TRUE , TRUE , TRUE , TRUE , , , , ,
7 , bistClkFreq ,, 1 , 250MgHz , 250MgHz , 250MgHz , 250MgHz , 250MgHz , , , , ,
7 , bistClkFreq ,, 2 , 250MgHz , 250MgHz , 250MgHz , 250MgHz , 250MgHz , , , , ,
7 , bistClkFreq ,, 3 , 250MgHz , 250MgHz , 250MgHz , 250MgHz , 250MgHz , , , , ,
8 , bistType , PBIST
8 , repairableRAM , TRUE
8 , ctlrID , 65546
8 , bistDonePin , uart0rxd
8 , bistFailPin , uart0txd
8 , scanOutPin , coresel0
8 , scanClkPin , tck
8 , bistClkPin , altcoreclkp
8 , bistClkSrc , S_CLOCK1A
8 , bistClkDest , S_POGOPIN
8 , prePadWidth , 3
8 , pstPadWidth , 1
8 , ctlrIDWidth , 5
8 , portWidth , 1
8 , algoWidth , 6
8 , rgsWidth , 8
8 , rdsWidth , 5
8 , addrWidth , 16
8 , wordWidth , 64
8 , charWidth , 8
8 , diagInitTest ,, , MemBistVsnmLV_8_st , MemBistVtripLV_8_st , MemBistVsnmHV_8_st , MemBistVtripHV_8_st , MemBistVminNSp_8_st , MemBistVreadLV_8_st , MemBistVskew3_8_st , MemBistVskew2_8_st , MemBistVskew1_8_st , MemBistVskewPhi_8_st
8 , numDiag ,, , 4 , 4 , 4 , 4 , 4 , 0 , 0 , 0 , 0 , 0
8 , diagPSN ,, 1 , bnrgmxxxns_1pr3xmxxxx_000 , bnrgmxxxns_1pr3xmxxxx_000 , bnrgmxxxns_1pr3xmxxxx_000 , bnrgmxxxns_1pr3xmxxxx_000 , bnrgmxxxns_1pr3xmxxxx_000 , , , , ,
8 , diagPSN ,, 2 , bnrgmxxxns_dsp3xmxxxx_000 , bnrgmxxxns_dsp3xmxxxx_000 , bnrgmxxxns_dsp3xmxxxx_000 , bnrgmxxxns_dsp3xmxxxx_000 , bnrgmxxxns_dsp3xmxxxx_000 , , , , ,
8 , diagPSN ,, 3 , bnrgmxxxns_dsp6xmxxxx_000 , bnrgmxxxns_dsp6xmxxxx_000 , bnrgmxxxns_dsp6xmxxxx_000 , bnrgmxxxns_dsp6xmxxxx_000 , bnrgmxxxns_dsp6xmxxxx_000 , , , , ,
8 , diagPSN ,, 4 , bnrgmxxxns_uhd3xmxxxx_000 , bnrgmxxxns_uhd3xmxxxx_000 , bnrgmxxxns_uhd3xmxxxx_000 , bnrgmxxxns_uhd3xmxxxx_000 , bnrgmxxxns_uhd3xmxxxx_000 , , , , ,
8 , diagPMEX ,, 1 , 1 , 1 , 1 , 1 , 1 , , , , ,
8 , diagPMEX ,, 2 , 1 , 1 , 1 , 1 , 1 , , , , ,
8 , diagPMEX ,, 3 , 1 , 1 , 1 , 1 , 1 , , , , ,
8 , diagPMEX ,, 4 , 1 , 1 , 1 , 1 , 1 , , , , ,
8 , diagUsePLL ,, 1 , TRUE , TRUE , TRUE , TRUE , TRUE , , , , ,
8 , diagUsePLL ,, 2 , TRUE , TRUE , TRUE , TRUE , TRUE , , , , ,
8 , diagUsePLL ,, 3 , TRUE , TRUE , TRUE , TRUE , TRUE , , , , ,
8 , diagUsePLL ,, 4 , TRUE , TRUE , TRUE , TRUE , TRUE , , , , ,
8 , diagTimeout ,, 1 , 10S , 10S , 10S , 10S , 10S , , , , ,
8 , diagTimeout ,, 2 , 10S , 10S , 10S , 10S , 10S , , , , ,
8 , diagTimeout ,, 3 , 10S , 10S , 10S , 10S , 10S , , , , ,
8 , diagTimeout ,, 4 , 10S , 10S , 10S , 10S , 10S , , , , ,
8 , diagMaxFails ,, 1 , 512 , 512 , 512 , 512 , 512 , , , , ,
8 , diagMaxFails ,, 2 , 10240 , 10240 , 10240 , 10240 , 10240 , , , , ,
8 , diagMaxFails ,, 3 , 2048 , 2048 , 2048 , 2048 , 2048 , , , , ,
8 , diagMaxFails ,, 4 , 1024 , 1024 , 1024 , 1024 , 1024 , , , , ,
8 , diagFailCapt ,, 1 , TRUE , TRUE , TRUE , TRUE , TRUE , , , , ,
8 , diagFailCapt ,, 2 , TRUE , TRUE , TRUE , TRUE , TRUE , , , , ,
8 , diagFailCapt ,, 3 , TRUE , TRUE , TRUE , TRUE , TRUE , , , , ,
8 , diagFailCapt ,, 4 , TRUE , TRUE , TRUE , TRUE , TRUE , , , , ,
8 , diagRepRAM ,, 1 , TRUE , TRUE , TRUE , TRUE , TRUE , , , , ,
8 , diagRepRAM ,, 2 , TRUE , TRUE , TRUE , TRUE , TRUE , , , , ,
8 , diagRepRAM ,, 3 , TRUE , TRUE , TRUE , TRUE , TRUE , , , , ,
8 , diagRepRAM ,, 4 , TRUE , TRUE , TRUE , TRUE , TRUE , , , , ,
8 , bistClkFreq ,, 1 , 250MgHz , 250MgHz , 250MgHz , 250MgHz , 250MgHz , , , , ,
8 , bistClkFreq ,, 2 , 250MgHz , 250MgHz , 250MgHz , 250MgHz , 250MgHz , , , , ,
8 , bistClkFreq ,, 3 , 250MgHz , 250MgHz , 250MgHz , 250MgHz , 250MgHz , , , , ,
8 , bistClkFreq ,, 4 , 250MgHz , 250MgHz , 250MgHz , 250MgHz , 250MgHz , , , , ,
9 , bistType , PBIST
9 , repairableRAM , TRUE
9 , ctlrID , 65548
9 , bistDonePin , uart0rxd
9 , bistFailPin , uart0txd
9 , scanOutPin , coresel0
9 , scanClkPin , tck
9 , bistClkPin , altcoreclkp
9 , bistClkSrc , S_CLOCK1A
9 , bistClkDest , S_POGOPIN
9 , prePadWidth , 3
9 , pstPadWidth , 1
9 , ctlrIDWidth , 5
9 , portWidth , 1
9 , algoWidth , 6
9 , rgsWidth , 8
9 , rdsWidth , 5
9 , addrWidth , 16
9 , wordWidth , 64
9 , charWidth , 8
9 , diagInitTest ,, , MemBistVsnmLV_9_st , MemBistVtripLV_9_st , MemBistVsnmHV_9_st , MemBistVtripHV_9_st , MemBistVminNSp_9_st , MemBistVreadLV_9_st , MemBistVskew3_9_st , MemBistVskew2_9_st , MemBistVskew1_9_st , MemBistVskewPhi_9_st
9 , numDiag ,, , 7 , 7 , 7 , 7 , 7 , 0 , 0 , 0 , 0 , 0
9 , diagPSN ,, 1 , bnrgmxxxc2_1pr4xmxxxx_000 , bnrgmxxxc2_1pr4xmxxxx_000 , bnrgmxxxc2_1pr4xmxxxx_000 , bnrgmxxxc2_1pr4xmxxxx_000 , bnrgmxxxc2_1pr4xmxxxx_000 , , , , ,
9 , diagPSN ,, 2 , bnrgmxxxc2_2pr4xmxxxx_000 , bnrgmxxxc2_2pr4xmxxxx_000 , bnrgmxxxc2_2pr4xmxxxx_000 , bnrgmxxxc2_2pr4xmxxxx_000 , bnrgmxxxc2_2pr4xmxxxx_000 , , , , ,
9 , diagPSN ,, 3 , bnrgmxxxc2_dsp3xmxxxx_000 , bnrgmxxxc2_dsp3xmxxxx_000 , bnrgmxxxc2_dsp3xmxxxx_000 , bnrgmxxxc2_dsp3xmxxxx_000 , bnrgmxxxc2_dsp3xmxxxx_000 , , , , ,
9 , diagPSN ,, 4 , bnrgmxxxc2_dsp6xmxxxx_000 , bnrgmxxxc2_dsp6xmxxxx_000 , bnrgmxxxc2_dsp6xmxxxx_000 , bnrgmxxxc2_dsp6xmxxxx_000 , bnrgmxxxc2_dsp6xmxxxx_000 , , , , ,
9 , diagPSN ,, 5 , bnrgmxxxc2_ssp3xmxxxx_000 , bnrgmxxxc2_ssp3xmxxxx_000 , bnrgmxxxc2_ssp3xmxxxx_000 , bnrgmxxxc2_ssp3xmxxxx_000 , bnrgmxxxc2_ssp3xmxxxx_000 , , , , ,
9 , diagPSN ,, 6 , bnrgmxxxc2_uhd3xmxxxx_000 , bnrgmxxxc2_uhd3xmxxxx_000 , bnrgmxxxc2_uhd3xmxxxx_000 , bnrgmxxxc2_uhd3xmxxxx_000 , bnrgmxxxc2_uhd3xmxxxx_000 , , , , ,
9 , diagPSN ,, 7 , bnrgmxxxc2_uhd4xmxxxx_000 , bnrgmxxxc2_uhd4xmxxxx_000 , bnrgmxxxc2_uhd4xmxxxx_000 , bnrgmxxxc2_uhd4xmxxxx_000 , bnrgmxxxc2_uhd4xmxxxx_000 , , , , ,
9 , diagPMEX ,, 1 , 1 , 1 , 1 , 1 , 1 , , , , ,
9 , diagPMEX ,, 2 , 1 , 1 , 1 , 1 , 1 , , , , ,
9 , diagPMEX ,, 3 , 1 , 1 , 1 , 1 , 1 , , , , ,
9 , diagPMEX ,, 4 , 1 , 1 , 1 , 1 , 1 , , , , ,
9 , diagPMEX ,, 5 , 1 , 1 , 1 , 1 , 1 , , , , ,
9 , diagPMEX ,, 6 , 1 , 1 , 1 , 1 , 1 , , , , ,
9 , diagPMEX ,, 7 , 1 , 1 , 1 , 1 , 1 , , , , ,
9 , diagUsePLL ,, 1 , TRUE , TRUE , TRUE , TRUE , TRUE , , , , ,
9 , diagUsePLL ,, 2 , TRUE , TRUE , TRUE , TRUE , TRUE , , , , ,
9 , diagUsePLL ,, 3 , TRUE , TRUE , TRUE , TRUE , TRUE , , , , ,
9 , diagUsePLL ,, 4 , TRUE , TRUE , TRUE , TRUE , TRUE , , , , ,
9 , diagUsePLL ,, 5 , TRUE , TRUE , TRUE , TRUE , TRUE , , , , ,
9 , diagUsePLL ,, 6 , TRUE , TRUE , TRUE , TRUE , TRUE , , , , ,
9 , diagUsePLL ,, 7 , TRUE , TRUE , TRUE , TRUE , TRUE , , , , ,
9 , diagTimeout ,, 1 , 10S , 10S , 10S , 10S , 10S , , , , ,
9 , diagTimeout ,, 2 , 10S , 10S , 10S , 10S , 10S , , , , ,
9 , diagTimeout ,, 3 , 10S , 10S , 10S , 10S , 10S , , , , ,
9 , diagTimeout ,, 4 , 10S , 10S , 10S , 10S , 10S , , , , ,
9 , diagTimeout ,, 5 , 10S , 10S , 10S , 10S , 10S , , , , ,
9 , diagTimeout ,, 6 , 10S , 10S , 10S , 10S , 10S , , , , ,
9 , diagTimeout ,, 7 , 10S , 10S , 10S , 10S , 10S , , , , ,
9 , diagMaxFails ,, 1 , 384 , 384 , 384 , 384 , 384 , , , , ,
9 , diagMaxFails ,, 2 , 288 , 288 , 288 , 288 , 288 , , , , ,
9 , diagMaxFails ,, 3 , 4096 , 4096 , 4096 , 4096 , 4096 , , , , ,
9 , diagMaxFails ,, 4 , 4096 , 4096 , 4096 , 4096 , 4096 , , , , ,
9 , diagMaxFails ,, 5 , 10240 , 10240 , 10240 , 10240 , 10240 , , , , ,
9 , diagMaxFails ,, 6 , 1248 , 1248 , 1248 , 1248 , 1248 , , , , ,
9 , diagMaxFails ,, 7 , 2048 , 2048 , 2048 , 2048 , 2048 , , , , ,
9 , diagFailCapt ,, 1 , TRUE , TRUE , TRUE , TRUE , TRUE , , , , ,
9 , diagFailCapt ,, 2 , TRUE , TRUE , TRUE , TRUE , TRUE , , , , ,
9 , diagFailCapt ,, 3 , TRUE , TRUE , TRUE , TRUE , TRUE , , , , ,
9 , diagFailCapt ,, 4 , TRUE , TRUE , TRUE , TRUE , TRUE , , , , ,
9 , diagFailCapt ,, 5 , TRUE , TRUE , TRUE , TRUE , TRUE , , , , ,
9 , diagFailCapt ,, 6 , TRUE , TRUE , TRUE , TRUE , TRUE , , , , ,
9 , diagFailCapt ,, 7 , TRUE , TRUE , TRUE , TRUE , TRUE , , , , ,
9 , diagRepRAM ,, 1 , FALSE , FALSE , FALSE , FALSE , FALSE , , , , ,
9 , diagRepRAM ,, 2 , FALSE , FALSE , FALSE , FALSE , FALSE , , , , ,
9 , diagRepRAM ,, 3 , TRUE , TRUE , TRUE , TRUE , TRUE , , , , ,
9 , diagRepRAM ,, 4 , TRUE , TRUE , TRUE , TRUE , TRUE , , , , ,
9 , diagRepRAM ,, 5 , TRUE , TRUE , TRUE , TRUE , TRUE , , , , ,
9 , diagRepRAM ,, 6 , TRUE , TRUE , TRUE , TRUE , TRUE , , , , ,
9 , diagRepRAM ,, 7 , TRUE , TRUE , TRUE , TRUE , TRUE , , , , ,
9 , bistClkFreq ,, 1 , 250MgHz , 250MgHz , 250MgHz , 250MgHz , 250MgHz , , , , ,
9 , bistClkFreq ,, 2 , 250MgHz , 250MgHz , 250MgHz , 250MgHz , 250MgHz , , , , ,
9 , bistClkFreq ,, 3 , 250MgHz , 250MgHz , 250MgHz , 250MgHz , 250MgHz , , , , ,
9 , bistClkFreq ,, 4 , 250MgHz , 250MgHz , 250MgHz , 250MgHz , 250MgHz , , , , ,
9 , bistClkFreq ,, 5 , 250MgHz , 250MgHz , 250MgHz , 250MgHz , 250MgHz , , , , ,
9 , bistClkFreq ,, 6 , 250MgHz , 250MgHz , 250MgHz , 250MgHz , 250MgHz , , , , ,
9 , bistClkFreq ,, 7 , 250MgHz , 250MgHz , 250MgHz , 250MgHz , 250MgHz , , , , ,
10 , bistType , PBIST
10 , repairableRAM , TRUE
10 , ctlrID , 65537
10 , bistDonePin , uart0rxd
10 , bistFailPin , uart0txd
10 , scanOutPin , coresel0
10 , scanClkPin , tck
10 , bistClkPin , altcoreclkp
10 , bistClkSrc , S_CLOCK1A
10 , bistClkDest , S_POGOPIN
10 , prePadWidth , 3
10 , pstPadWidth , 1
10 , ctlrIDWidth , 5
10 , portWidth , 1
10 , algoWidth , 6
10 , rgsWidth , 8
10 , rdsWidth , 5
10 , addrWidth , 16
10 , wordWidth , 64
10 , charWidth , 8
10 , diagInitTest ,, , MemBistVsnmLV_10_st , MemBistVtripLV_10_st , MemBistVsnmHV_10_st , MemBistVtripHV_10_st , MemBistVminNSp_10_st , MemBistVreadLV_10_st , MemBistVskew3_10_st , MemBistVskew2_10_st , MemBistVskew1_10_st , MemBistVskewPhi_10_st
10 , numDiag ,, , 8 , 8 , 8 , 8 , 8 , 0 , 0 , 0 , 0 , 0
10 , diagPSN ,, 1 , bnrgmxxxc3_1pr3xmxxxx_000 , bnrgmxxxc3_1pr3xmxxxx_000 , bnrgmxxxc3_1pr3xmxxxx_000 , bnrgmxxxc3_1pr3xmxxxx_000 , bnrgmxxxc3_1pr3xmxxxx_000 , , , , ,
10 , diagPSN ,, 2 , bnrgmxxxc3_1pr4xmxxxx_000 , bnrgmxxxc3_1pr4xmxxxx_000 , bnrgmxxxc3_1pr4xmxxxx_000 , bnrgmxxxc3_1pr4xmxxxx_000 , bnrgmxxxc3_1pr4xmxxxx_000 , , , , ,
10 , diagPSN ,, 3 , bnrgmxxxc3_2pr3xmxxxx_000 , bnrgmxxxc3_2pr3xmxxxx_000 , bnrgmxxxc3_2pr3xmxxxx_000 , bnrgmxxxc3_2pr3xmxxxx_000 , bnrgmxxxc3_2pr3xmxxxx_000 , , , , ,
10 , diagPSN ,, 4 , bnrgmxxxc3_2pr4xmxxxx_000 , bnrgmxxxc3_2pr4xmxxxx_000 , bnrgmxxxc3_2pr4xmxxxx_000 , bnrgmxxxc3_2pr4xmxxxx_000 , bnrgmxxxc3_2pr4xmxxxx_000 , , , , ,
10 , diagPSN ,, 5 , bnrgmxxxc3_dsp2xmxxxx_000 , bnrgmxxxc3_dsp2xmxxxx_000 , bnrgmxxxc3_dsp2xmxxxx_000 , bnrgmxxxc3_dsp2xmxxxx_000 , bnrgmxxxc3_dsp2xmxxxx_000 , , , , ,
10 , diagPSN ,, 6 , bnrgmxxxc3_dsp3xmxxxx_000 , bnrgmxxxc3_dsp3xmxxxx_000 , bnrgmxxxc3_dsp3xmxxxx_000 , bnrgmxxxc3_dsp3xmxxxx_000 , bnrgmxxxc3_dsp3xmxxxx_000 , , , , ,
10 , diagPSN ,, 7 , bnrgmxxxc3_s2a2xmxxxx_000 , bnrgmxxxc3_s2a2xmxxxx_000 , bnrgmxxxc3_s2a2xmxxxx_000 , bnrgmxxxc3_s2a2xmxxxx_000 , bnrgmxxxc3_s2a2xmxxxx_000 , , , , ,
10 , diagPSN ,, 8 , bnrgmxxxc3_uhd3xmxxxx_000 , bnrgmxxxc3_uhd3xmxxxx_000 , bnrgmxxxc3_uhd3xmxxxx_000 , bnrgmxxxc3_uhd3xmxxxx_000 , bnrgmxxxc3_uhd3xmxxxx_000 , , , , ,
10 , diagPMEX ,, 1 , 1 , 1 , 1 , 1 , 1 , , , , ,
10 , diagPMEX ,, 2 , 1 , 1 , 1 , 1 , 1 , , , , ,
10 , diagPMEX ,, 3 , 1 , 1 , 1 , 1 , 1 , , , , ,
10 , diagPMEX ,, 4 , 1 , 1 , 1 , 1 , 1 , , , , ,
10 , diagPMEX ,, 5 , 1 , 1 , 1 , 1 , 1 , , , , ,
10 , diagPMEX ,, 6 , 1 , 1 , 1 , 1 , 1 , , , , ,
10 , diagPMEX ,, 7 , 1 , 1 , 1 , 1 , 1 , , , , ,
10 , diagPMEX ,, 8 , 1 , 1 , 1 , 1 , 1 , , , , ,
10 , diagUsePLL ,, 1 , TRUE , TRUE , TRUE , TRUE , TRUE , , , , ,
10 , diagUsePLL ,, 2 , TRUE , TRUE , TRUE , TRUE , TRUE , , , , ,
10 , diagUsePLL ,, 3 , TRUE , TRUE , TRUE , TRUE , TRUE , , , , ,
10 , diagUsePLL ,, 4 , TRUE , TRUE , TRUE , TRUE , TRUE , , , , ,
10 , diagUsePLL ,, 5 , TRUE , TRUE , TRUE , TRUE , TRUE , , , , ,
10 , diagUsePLL ,, 6 , TRUE , TRUE , TRUE , TRUE , TRUE , , , , ,
10 , diagUsePLL ,, 7 , TRUE , TRUE , TRUE , TRUE , TRUE , , , , ,
10 , diagUsePLL ,, 8 , TRUE , TRUE , TRUE , TRUE , TRUE , , , , ,
10 , diagTimeout ,, 1 , 10S , 10S , 10S , 10S , 10S , , , , ,
10 , diagTimeout ,, 2 , 10S , 10S , 10S , 10S , 10S , , , , ,
10 , diagTimeout ,, 3 , 10S , 10S , 10S , 10S , 10S , , , , ,
10 , diagTimeout ,, 4 , 10S , 10S , 10S , 10S , 10S , , , , ,
10 , diagTimeout ,, 5 , 10S , 10S , 10S , 10S , 10S , , , , ,
10 , diagTimeout ,, 6 , 10S , 10S , 10S , 10S , 10S , , , , ,
10 , diagTimeout ,, 7 , 10S , 10S , 10S , 10S , 10S , , , , ,
10 , diagTimeout ,, 8 , 10S , 10S , 10S , 10S , 10S , , , , ,
10 , diagMaxFails ,, 1 , 256 , 256 , 256 , 256 , 256 , , , , ,
10 , diagMaxFails ,, 2 , 384 , 384 , 384 , 384 , 384 , , , , ,
10 , diagMaxFails ,, 3 , 272 , 272 , 272 , 272 , 272 , , , , ,
10 , diagMaxFails ,, 4 , 288 , 288 , 288 , 288 , 288 , , , , ,
10 , diagMaxFails ,, 5 , 512 , 512 , 512 , 512 , 512 , , , , ,
10 , diagMaxFails ,, 6 , 2048 , 2048 , 2048 , 2048 , 2048 , , , , ,
10 , diagMaxFails ,, 7 , 128 , 128 , 128 , 128 , 128 , , , , ,
10 , diagMaxFails ,, 8 , 1536 , 1536 , 1536 , 1536 , 1536 , , , , ,
10 , diagFailCapt ,, 1 , TRUE , TRUE , TRUE , TRUE , TRUE , , , , ,
10 , diagFailCapt ,, 2 , TRUE , TRUE , TRUE , TRUE , TRUE , , , , ,
10 , diagFailCapt ,, 3 , TRUE , TRUE , TRUE , TRUE , TRUE , , , , ,
10 , diagFailCapt ,, 4 , TRUE , TRUE , TRUE , TRUE , TRUE , , , , ,
10 , diagFailCapt ,, 5 , TRUE , TRUE , TRUE , TRUE , TRUE , , , , ,
10 , diagFailCapt ,, 6 , TRUE , TRUE , TRUE , TRUE , TRUE , , , , ,
10 , diagFailCapt ,, 7 , TRUE , TRUE , TRUE , TRUE , TRUE , , , , ,
10 , diagFailCapt ,, 8 , TRUE , TRUE , TRUE , TRUE , TRUE , , , , ,
10 , diagRepRAM ,, 1 , TRUE , TRUE , TRUE , TRUE , TRUE , , , , ,
10 , diagRepRAM ,, 2 , FALSE , FALSE , FALSE , FALSE , FALSE , , , , ,
10 , diagRepRAM ,, 3 , FALSE , FALSE , FALSE , FALSE , FALSE , , , , ,
10 , diagRepRAM ,, 4 , FALSE , FALSE , FALSE , FALSE , FALSE , , , , ,
10 , diagRepRAM ,, 5 , TRUE , TRUE , TRUE , TRUE , TRUE , , , , ,
10 , diagRepRAM ,, 6 , TRUE , TRUE , TRUE , TRUE , TRUE , , , , ,
10 , diagRepRAM ,, 7 , FALSE , FALSE , FALSE , FALSE , FALSE , , , , ,
10 , diagRepRAM ,, 8 , TRUE , TRUE , TRUE , TRUE , TRUE , , , , ,
10 , bistClkFreq ,, 1 , 250MgHz , 250MgHz , 250MgHz , 250MgHz , 250MgHz , , , , ,
10 , bistClkFreq ,, 2 , 250MgHz , 250MgHz , 250MgHz , 250MgHz , 250MgHz , , , , ,
10 , bistClkFreq ,, 3 , 250MgHz , 250MgHz , 250MgHz , 250MgHz , 250MgHz , , , , ,
10 , bistClkFreq ,, 4 , 250MgHz , 250MgHz , 250MgHz , 250MgHz , 250MgHz , , , , ,
10 , bistClkFreq ,, 5 , 250MgHz , 250MgHz , 250MgHz , 250MgHz , 250MgHz , , , , ,
10 , bistClkFreq ,, 6 , 250MgHz , 250MgHz , 250MgHz , 250MgHz , 250MgHz , , , , ,
10 , bistClkFreq ,, 7 , 250MgHz , 250MgHz , 250MgHz , 250MgHz , 250MgHz , , , , ,
10 , bistClkFreq ,, 8 , 250MgHz , 250MgHz , 250MgHz , 250MgHz , 250MgHz , , , , ,
11 , bistType , PBIST
11 , repairableRAM , TRUE
11 , ctlrID , 65549
11 , bistDonePin , uart0rxd
11 , bistFailPin , uart0txd
11 , scanOutPin , coresel0
11 , scanClkPin , tck
11 , bistClkPin , altcoreclkp
11 , bistClkSrc , S_CLOCK1A
11 , bistClkDest , S_POGOPIN
11 , prePadWidth , 3
11 , pstPadWidth , 1
11 , ctlrIDWidth , 5
11 , portWidth , 1
11 , algoWidth , 6
11 , rgsWidth , 8
11 , rdsWidth , 5
11 , addrWidth , 16
11 , wordWidth , 64
11 , charWidth , 8
11 , diagInitTest ,, , MemBistVsnmLV_11_st , MemBistVtripLV_11_st , MemBistVsnmHV_11_st , MemBistVtripHV_11_st , MemBistVminNSp_11_st , MemBistVreadLV_11_st , MemBistVskew3_11_st , MemBistVskew2_11_st , MemBistVskew1_11_st , MemBistVskewPhi_11_st
11 , numDiag ,, , 5 , 5 , 5 , 5 , 5 , 0 , 0 , 0 , 0 , 0
11 , diagPSN ,, 1 , bnrgmxxxtl_1pr1xmxxxx_000 , bnrgmxxxtl_1pr1xmxxxx_000 , bnrgmxxxtl_1pr1xmxxxx_000 , bnrgmxxxtl_1pr1xmxxxx_000 , bnrgmxxxtl_1pr1xmxxxx_000 , , , , ,
11 , diagPSN ,, 2 , bnrgmxxxtl_dsp2xmxxxx_000 , bnrgmxxxtl_dsp2xmxxxx_000 , bnrgmxxxtl_dsp2xmxxxx_000 , bnrgmxxxtl_dsp2xmxxxx_000 , bnrgmxxxtl_dsp2xmxxxx_000 , , , , ,
11 , diagPSN ,, 3 , bnrgmxxxtl_dsp4xmxxxx_000 , bnrgmxxxtl_dsp4xmxxxx_000 , bnrgmxxxtl_dsp4xmxxxx_000 , bnrgmxxxtl_dsp4xmxxxx_000 , bnrgmxxxtl_dsp4xmxxxx_000 , , , , ,
11 , diagPSN ,, 4 , bnrgmxxxtl_rta4xmxxxx_000 , bnrgmxxxtl_rta4xmxxxx_000 , bnrgmxxxtl_rta4xmxxxx_000 , bnrgmxxxtl_rta4xmxxxx_000 , bnrgmxxxtl_rta4xmxxxx_000 , , , , ,
11 , diagPSN ,, 5 , bnrgmxxxtl_s1r1xmxxxx_000 , bnrgmxxxtl_s1r1xmxxxx_000 , bnrgmxxxtl_s1r1xmxxxx_000 , bnrgmxxxtl_s1r1xmxxxx_000 , bnrgmxxxtl_s1r1xmxxxx_000 , , , , ,
11 , diagPMEX ,, 1 , 1 , 1 , 1 , 1 , 1 , , , , ,
11 , diagPMEX ,, 2 , 1 , 1 , 1 , 1 , 1 , , , , ,
11 , diagPMEX ,, 3 , 1 , 1 , 1 , 1 , 1 , , , , ,
11 , diagPMEX ,, 4 , 1 , 1 , 1 , 1 , 1 , , , , ,
11 , diagPMEX ,, 5 , 1 , 1 , 1 , 1 , 1 , , , , ,
11 , diagUsePLL ,, 1 , TRUE , TRUE , TRUE , TRUE , TRUE , , , , ,
11 , diagUsePLL ,, 2 , TRUE , TRUE , TRUE , TRUE , TRUE , , , , ,
11 , diagUsePLL ,, 3 , TRUE , TRUE , TRUE , TRUE , TRUE , , , , ,
11 , diagUsePLL ,, 4 , TRUE , TRUE , TRUE , TRUE , TRUE , , , , ,
11 , diagUsePLL ,, 5 , TRUE , TRUE , TRUE , TRUE , TRUE , , , , ,
11 , diagTimeout ,, 1 , 10S , 10S , 10S , 10S , 10S , , , , ,
11 , diagTimeout ,, 2 , 10S , 10S , 10S , 10S , 10S , , , , ,
11 , diagTimeout ,, 3 , 10S , 10S , 10S , 10S , 10S , , , , ,
11 , diagTimeout ,, 4 , 10S , 10S , 10S , 10S , 10S , , , , ,
11 , diagTimeout ,, 5 , 10S , 10S , 10S , 10S , 10S , , , , ,
11 , diagMaxFails ,, 1 , 64 , 64 , 64 , 64 , 64 , , , , ,
11 , diagMaxFails ,, 2 , 256 , 256 , 256 , 256 , 256 , , , , ,
11 , diagMaxFails ,, 3 , 4096 , 4096 , 4096 , 4096 , 4096 , , , , ,
11 , diagMaxFails ,, 4 , 4096 , 4096 , 4096 , 4096 , 4096 , , , , ,
11 , diagMaxFails ,, 5 , 512 , 512 , 512 , 512 , 512 , , , , ,
11 , diagFailCapt ,, 1 , TRUE , TRUE , TRUE , TRUE , TRUE , , , , ,
11 , diagFailCapt ,, 2 , TRUE , TRUE , TRUE , TRUE , TRUE , , , , ,
11 , diagFailCapt ,, 3 , TRUE , TRUE , TRUE , TRUE , TRUE , , , , ,
11 , diagFailCapt ,, 4 , TRUE , TRUE , TRUE , TRUE , TRUE , , , , ,
11 , diagFailCapt ,, 5 , TRUE , TRUE , TRUE , TRUE , TRUE , , , , ,
11 , diagRepRAM ,, 1 , FALSE , FALSE , FALSE , FALSE , FALSE , , , , ,
11 , diagRepRAM ,, 2 , TRUE , TRUE , TRUE , TRUE , TRUE , , , , ,
11 , diagRepRAM ,, 3 , TRUE , TRUE , TRUE , TRUE , TRUE , , , , ,
11 , diagRepRAM ,, 4 , TRUE , TRUE , TRUE , TRUE , TRUE , , , , ,
11 , diagRepRAM ,, 5 , TRUE , TRUE , TRUE , TRUE , TRUE , , , , ,
11 , bistClkFreq ,, 1 , 250MgHz , 250MgHz , 250MgHz , 250MgHz , 250MgHz , , , , ,
11 , bistClkFreq ,, 2 , 250MgHz , 250MgHz , 250MgHz , 250MgHz , 250MgHz , , , , ,
11 , bistClkFreq ,, 3 , 250MgHz , 250MgHz , 250MgHz , 250MgHz , 250MgHz , , , , ,
11 , bistClkFreq ,, 4 , 250MgHz , 250MgHz , 250MgHz , 250MgHz , 250MgHz , , , , ,
11 , bistClkFreq ,, 5 , 250MgHz , 250MgHz , 250MgHz , 250MgHz , 250MgHz , , , , ,
