"Suite name","Test name","Test number","Lsl","Lsl","Lsl","Lsl_typ","Usl_typ","Usl","Usl","Usl","Units","Bin_s_num","Bin_s_name","Bin_h_num","Bin_h_name","Bin_type","Bin_reprobe","Bin_overon","Test_remarks"
"Test mode","","","TEMP_COLD_DEG","TEMP_ROOM_DEG","TEMP_HOT_DEG","","","TEMP_COLD_DEG","TEMP_ROOM_DEG","TEMP_HOT_DEG","","","","","","","","",""
"PinOpensTest_st","I_B_OPEN_PINS","608","-1.85","-1.85","-1.85","GE","LE","1","1","1","V","7","OS_OPEN_F","8","F_OS","bad","","no",""
"PinOpensTestPerPin_st","I_B_OPEN_PINS","10608","-1.85","-1.85","-1.85","GE","LE","1","1","1","V","7","OS_OPEN_F","8","F_OS","bad","","no",""
"PinOpensTestPerPin_st","I_B_OPEN_PINS_bootcomplete","10611","-1.85","-1.85","-1.85","GE","LE","1","1","1","V","7","OS_OPEN_F","8","F_OS","bad","","no",""
"PinOpensTestPerPin_st","I_B_OPEN_PINS_coreclksel0","10612","-1.85","-1.85","-1.85","GE","LE","1","1","1","V","7","OS_OPEN_F","8","F_OS","bad","","no",""
"PinOpensTestPerPin_st","I_B_OPEN_PINS_coreclksel1","10613","-1.85","-1.85","-1.85","GE","LE","1","1","1","V","7","OS_OPEN_F","8","F_OS","bad","","no",""
"PinOpensTestPerPin_st","I_B_OPEN_PINS_coresel0","10614","-1.85","-1.85","-1.85","GE","LE","1","1","1","V","7","OS_OPEN_F","8","F_OS","bad","","no",""
"PinOpensTestPerPin_st","I_B_OPEN_PINS_coresel1","10615","-1.85","-1.85","-1.85","GE","LE","1","1","1","V","7","OS_OPEN_F","8","F_OS","bad","","no",""
"PinOpensTestPerPin_st","I_B_OPEN_PINS_coresel2","10616","-1.85","-1.85","-1.85","GE","LE","1","1","1","V","7","OS_OPEN_F","8","F_OS","bad","","no",""
"PinOpensTestPerPin_st","I_B_OPEN_PINS_csisc2_0_refclkn","10617","-1.85","-1.85","-1.85","GE","LE","1","1","1","V","7","OS_OPEN_F","8","F_OS","bad","","no",""
"PinOpensTestPerPin_st","I_B_OPEN_PINS_csisc2_0_refclkp","10618","-1.85","-1.85","-1.85","GE","LE","1","1","1","V","7","OS_OPEN_F","8","F_OS","bad","","no",""
"PinOpensTestPerPin_st","I_B_OPEN_PINS_csisc2_0_test","10619","-1.85","-1.85","-1.85","GE","LE","1","1","1","V","7","OS_OPEN_F","8","F_OS","bad","","no",""
"PinOpensTestPerPin_st","I_B_OPEN_PINS_csisc2_1_refclkn","10620","-1.85","-1.85","-1.85","GE","LE","1","1","1","V","7","OS_OPEN_F","8","F_OS","bad","","no",""
"PinOpensTestPerPin_st","I_B_OPEN_PINS_csisc2_1_refclkp","10621","-1.85","-1.85","-1.85","GE","LE","1","1","1","V","7","OS_OPEN_F","8","F_OS","bad","","no",""
"PinOpensTestPerPin_st","I_B_OPEN_PINS_csisc2_1_test","10622","-1.85","-1.85","-1.85","GE","LE","1","1","1","V","7","OS_OPEN_F","8","F_OS","bad","","no",""
"PinOpensTestPerPin_st","I_B_OPEN_PINS_csisc2_2_test","10623","-1.85","-1.85","-1.85","GE","LE","1","1","1","V","7","OS_OPEN_F","8","F_OS","bad","","no",""
"PinOpensTestPerPin_st","I_B_OPEN_PINS_csisc2_3_test","10624","-1.85","-1.85","-1.85","GE","LE","1","1","1","V","7","OS_OPEN_F","8","F_OS","bad","","no",""
"PinOpensTestPerPin_st","I_B_OPEN_PINS_ddr3aclkoutn0","10626","-1.85","-1.85","-1.85","GE","LE","1","1","1","V","7","OS_OPEN_F","8","F_OS","bad","","no",""
"PinOpensTestPerPin_st","I_B_OPEN_PINS_ddr3aclkoutn1","10627","-1.85","-1.85","-1.85","GE","LE","1","1","1","V","7","OS_OPEN_F","8","F_OS","bad","","no",""
"PinOpensTestPerPin_st","I_B_OPEN_PINS_ddr3aclkoutp0","10628","-1.85","-1.85","-1.85","GE","LE","1","1","1","V","7","OS_OPEN_F","8","F_OS","bad","","no",""
"PinOpensTestPerPin_st","I_B_OPEN_PINS_ddr3aclkoutp1","10629","-1.85","-1.85","-1.85","GE","LE","1","1","1","V","7","OS_OPEN_F","8","F_OS","bad","","no",""
"PinOpensTestPerPin_st","I_B_OPEN_PINS_ddr3adto0","10631","-1.85","-1.85","-1.85","GE","LE","1","1","1","V","7","OS_OPEN_F","8","F_OS","bad","","no",""
"PinOpensTestPerPin_st","I_B_OPEN_PINS_ddr3adto1","10632","-1.85","-1.85","-1.85","GE","LE","1","1","1","V","7","OS_OPEN_F","8","F_OS","bad","","no",""
"PinOpensTestPerPin_st","I_B_OPEN_PINS_dfesysrefn","10633","-1.85","-1.85","-1.85","GE","LE","1.5","1.5","1.5","V","7","OS_OPEN_F","8","F_OS","bad","","no",""
"PinOpensTestPerPin_st","I_B_OPEN_PINS_dfesysrefp","10634","-1.85","-1.85","-1.85","GE","LE","1.5","1.5","1.5","V","7","OS_OPEN_F","8","F_OS","bad","","no",""
"PinOpensTestPerPin_st","I_B_OPEN_PINS_emu00","10635","-1.85","-1.85","-1.85","GE","LE","1","1","1","V","7","OS_OPEN_F","8","F_OS","bad","","no",""
"PinOpensTestPerPin_st","I_B_OPEN_PINS_emu01","10636","-1.85","-1.85","-1.85","GE","LE","1","1","1","V","7","OS_OPEN_F","8","F_OS","bad","","no",""
"PinOpensTestPerPin_st","I_B_OPEN_PINS_emu02","10637","-1.85","-1.85","-1.85","GE","LE","1","1","1","V","7","OS_OPEN_F","8","F_OS","bad","","no",""
"PinOpensTestPerPin_st","I_B_OPEN_PINS_emu03","10638","-1.85","-1.85","-1.85","GE","LE","1","1","1","V","7","OS_OPEN_F","8","F_OS","bad","","no",""
"PinOpensTestPerPin_st","I_B_OPEN_PINS_emu04","10639","-1.85","-1.85","-1.85","GE","LE","1","1","1","V","7","OS_OPEN_F","8","F_OS","bad","","no",""
"PinOpensTestPerPin_st","I_B_OPEN_PINS_emu05","10640","-1.85","-1.85","-1.85","GE","LE","1","1","1","V","7","OS_OPEN_F","8","F_OS","bad","","no",""
"PinOpensTestPerPin_st","I_B_OPEN_PINS_emu06","10641","-1.85","-1.85","-1.85","GE","LE","1","1","1","V","7","OS_OPEN_F","8","F_OS","bad","","no",""
"PinOpensTestPerPin_st","I_B_OPEN_PINS_emu07","10642","-1.85","-1.85","-1.85","GE","LE","1","1","1","V","7","OS_OPEN_F","8","F_OS","bad","","no",""
"PinOpensTestPerPin_st","I_B_OPEN_PINS_emu08","10643","-1.85","-1.85","-1.85","GE","LE","1","1","1","V","7","OS_OPEN_F","8","F_OS","bad","","no",""
"PinOpensTestPerPin_st","I_B_OPEN_PINS_emu09","10644","-1.85","-1.85","-1.85","GE","LE","1","1","1","V","7","OS_OPEN_F","8","F_OS","bad","","no",""
"PinOpensTestPerPin_st","I_B_OPEN_PINS_emu10","10645","-1.85","-1.85","-1.85","GE","LE","1","1","1","V","7","OS_OPEN_F","8","F_OS","bad","","no",""
"PinOpensTestPerPin_st","I_B_OPEN_PINS_emu11","10646","-1.85","-1.85","-1.85","GE","LE","1","1","1","V","7","OS_OPEN_F","8","F_OS","bad","","no",""
"PinOpensTestPerPin_st","I_B_OPEN_PINS_emu12","10647","-1.85","-1.85","-1.85","GE","LE","1","1","1","V","7","OS_OPEN_F","8","F_OS","bad","","no",""
"PinOpensTestPerPin_st","I_B_OPEN_PINS_emu13","10648","-1.85","-1.85","-1.85","GE","LE","1","1","1","V","7","OS_OPEN_F","8","F_OS","bad","","no",""
"PinOpensTestPerPin_st","I_B_OPEN_PINS_emu14","10649","-1.85","-1.85","-1.85","GE","LE","1","1","1","V","7","OS_OPEN_F","8","F_OS","bad","","no",""
"PinOpensTestPerPin_st","I_B_OPEN_PINS_emu15","10650","-1.85","-1.85","-1.85","GE","LE","1","1","1","V","7","OS_OPEN_F","8","F_OS","bad","","no",""
"PinOpensTestPerPin_st","I_B_OPEN_PINS_emu16","10651","-1.85","-1.85","-1.85","GE","LE","1","1","1","V","7","OS_OPEN_F","8","F_OS","bad","","no",""
"PinOpensTestPerPin_st","I_B_OPEN_PINS_emu17","10652","-1.85","-1.85","-1.85","GE","LE","1","1","1","V","7","OS_OPEN_F","8","F_OS","bad","","no",""
"PinOpensTestPerPin_st","I_B_OPEN_PINS_emu18","10653","-1.85","-1.85","-1.85","GE","LE","1","1","1","V","7","OS_OPEN_F","8","F_OS","bad","","no",""
"PinOpensTestPerPin_st","I_B_OPEN_PINS_gpio00","10654","-1.85","-1.85","-1.85","GE","LE","1","1","1","V","7","OS_OPEN_F","8","F_OS","bad","","no",""
"PinOpensTestPerPin_st","I_B_OPEN_PINS_gpio01","10655","-1.85","-1.85","-1.85","GE","LE","1","1","1","V","7","OS_OPEN_F","8","F_OS","bad","","no",""
"PinOpensTestPerPin_st","I_B_OPEN_PINS_gpio02","10656","-1.85","-1.85","-1.85","GE","LE","1","1","1","V","7","OS_OPEN_F","8","F_OS","bad","","no",""
"PinOpensTestPerPin_st","I_B_OPEN_PINS_gpio03","10657","-1.85","-1.85","-1.85","GE","LE","1","1","1","V","7","OS_OPEN_F","8","F_OS","bad","","no",""
"PinOpensTestPerPin_st","I_B_OPEN_PINS_gpio04","10658","-1.85","-1.85","-1.85","GE","LE","1","1","1","V","7","OS_OPEN_F","8","F_OS","bad","","no",""
"PinOpensTestPerPin_st","I_B_OPEN_PINS_gpio05","10659","-1.85","-1.85","-1.85","GE","LE","1","1","1","V","7","OS_OPEN_F","8","F_OS","bad","","no",""
"PinOpensTestPerPin_st","I_B_OPEN_PINS_gpio06","10660","-1.85","-1.85","-1.85","GE","LE","1","1","1","V","7","OS_OPEN_F","8","F_OS","bad","","no",""
"PinOpensTestPerPin_st","I_B_OPEN_PINS_gpio07","10661","-1.85","-1.85","-1.85","GE","LE","1","1","1","V","7","OS_OPEN_F","8","F_OS","bad","","no",""
"PinOpensTestPerPin_st","I_B_OPEN_PINS_gpio08","10662","-1.85","-1.85","-1.85","GE","LE","1","1","1","V","7","OS_OPEN_F","8","F_OS","bad","","no",""
"PinOpensTestPerPin_st","I_B_OPEN_PINS_gpio09","10663","-1.85","-1.85","-1.85","GE","LE","1","1","1","V","7","OS_OPEN_F","8","F_OS","bad","","no",""
"PinOpensTestPerPin_st","I_B_OPEN_PINS_gpio10","10664","-1.85","-1.85","-1.85","GE","LE","1","1","1","V","7","OS_OPEN_F","8","F_OS","bad","","no",""
"PinOpensTestPerPin_st","I_B_OPEN_PINS_gpio11","10665","-1.85","-1.85","-1.85","GE","LE","1","1","1","V","7","OS_OPEN_F","8","F_OS","bad","","no",""
"PinOpensTestPerPin_st","I_B_OPEN_PINS_gpio12","10666","-1.85","-1.85","-1.85","GE","LE","1","1","1","V","7","OS_OPEN_F","8","F_OS","bad","","no",""
"PinOpensTestPerPin_st","I_B_OPEN_PINS_gpio13","10667","-1.85","-1.85","-1.85","GE","LE","1","1","1","V","7","OS_OPEN_F","8","F_OS","bad","","no",""
"PinOpensTestPerPin_st","I_B_OPEN_PINS_gpio14","10668","-1.85","-1.85","-1.85","GE","LE","1","1","1","V","7","OS_OPEN_F","8","F_OS","bad","","no",""
"PinOpensTestPerPin_st","I_B_OPEN_PINS_gpio15","10669","-1.85","-1.85","-1.85","GE","LE","1","1","1","V","7","OS_OPEN_F","8","F_OS","bad","","no",""
"PinOpensTestPerPin_st","I_B_OPEN_PINS_gpio16","10670","-1.85","-1.85","-1.85","GE","LE","1","1","1","V","7","OS_OPEN_F","8","F_OS","bad","","no",""
"PinOpensTestPerPin_st","I_B_OPEN_PINS_gpio17","10671","-1.85","-1.85","-1.85","GE","LE","1","1","1","V","7","OS_OPEN_F","8","F_OS","bad","","no",""
"PinOpensTestPerPin_st","I_B_OPEN_PINS_gpio18","10672","-1.85","-1.85","-1.85","GE","LE","1","1","1","V","7","OS_OPEN_F","8","F_OS","bad","","no",""
"PinOpensTestPerPin_st","I_B_OPEN_PINS_gpio19","10673","-1.85","-1.85","-1.85","GE","LE","1","1","1","V","7","OS_OPEN_F","8","F_OS","bad","","no",""
"PinOpensTestPerPin_st","I_B_OPEN_PINS_lresetnmienz","10674","-1.85","-1.85","-1.85","GE","LE","1","1","1","V","7","OS_OPEN_F","8","F_OS","bad","","no",""
"PinOpensTestPerPin_st","I_B_OPEN_PINS_lresetz","10675","-1.85","-1.85","-1.85","GE","LE","1","1","1","V","7","OS_OPEN_F","8","F_OS","bad","","no",""
"PinOpensTestPerPin_st","I_B_OPEN_PINS_mdclk","10676","-1.85","-1.85","-1.85","GE","LE","1","1","1","V","7","OS_OPEN_F","8","F_OS","bad","","no",""
"PinOpensTestPerPin_st","I_B_OPEN_PINS_mdio","10677","-1.85","-1.85","-1.85","GE","LE","1","1","1","V","7","OS_OPEN_F","8","F_OS","bad","","no",""
"PinOpensTestPerPin_st","I_B_OPEN_PINS_nmiz","10678","-1.85","-1.85","-1.85","GE","LE","1","1","1","V","7","OS_OPEN_F","8","F_OS","bad","","no",""
"PinOpensTestPerPin_st","I_B_OPEN_PINS_pcieclkn","10679","-1.85","-1.85","-1.85","GE","LE","1","1","1","V","7","OS_OPEN_F","8","F_OS","bad","","no",""
"PinOpensTestPerPin_st","I_B_OPEN_PINS_pcieclkp","10680","-1.85","-1.85","-1.85","GE","LE","1","1","1","V","7","OS_OPEN_F","8","F_OS","bad","","no",""
"PinOpensTestPerPin_st","I_B_OPEN_PINS_plllock","10681","-1.85","-1.85","-1.85","GE","LE","1","1","1","V","7","OS_OPEN_F","8","F_OS","bad","","no",""
"PinOpensTestPerPin_st","I_B_OPEN_PINS_pllobsclkn","10682","-1.85","-1.85","-1.85","GE","LE","1","1","1","V","7","OS_OPEN_F","8","F_OS","bad","","no",""
"PinOpensTestPerPin_st","I_B_OPEN_PINS_pllobsclkp","10683","-1.85","-1.85","-1.85","GE","LE","1","1","1","V","7","OS_OPEN_F","8","F_OS","bad","","no",""
"PinOpensTestPerPin_st","I_B_OPEN_PINS_porz","10684","-1.85","-1.85","-1.85","GE","LE","1.5","1.5","1.5","V","7","OS_OPEN_F","8","F_OS","bad","","no",""
"PinOpensTestPerPin_st","I_B_OPEN_PINS_resetfullz","10685","-1.85","-1.85","-1.85","GE","LE","1","1","1","V","7","OS_OPEN_F","8","F_OS","bad","","no",""
"PinOpensTestPerPin_st","I_B_OPEN_PINS_resetstatz","10686","-1.85","-1.85","-1.85","GE","LE","1","1","1","V","7","OS_OPEN_F","8","F_OS","bad","","no",""
"PinOpensTestPerPin_st","I_B_OPEN_PINS_resetz","10687","-1.85","-1.85","-1.85","GE","LE","1","1","1","V","7","OS_OPEN_F","8","F_OS","bad","","no",""
"PinOpensTestPerPin_st","I_B_OPEN_PINS_scl0","10688","-1.85","-1.85","-1.85","GE","LE","1","1","1","V","7","OS_OPEN_F","8","F_OS","bad","","no",""
"PinOpensTestPerPin_st","I_B_OPEN_PINS_scl1","10689","-1.85","-1.85","-1.85","GE","LE","1","1","1","V","7","OS_OPEN_F","8","F_OS","bad","","no",""
"PinOpensTestPerPin_st","I_B_OPEN_PINS_scl2","10690","-1.85","-1.85","-1.85","GE","LE","1","1","1","V","7","OS_OPEN_F","8","F_OS","bad","","no",""
"PinOpensTestPerPin_st","I_B_OPEN_PINS_sda0","10691","-1.85","-1.85","-1.85","GE","LE","1","1","1","V","7","OS_OPEN_F","8","F_OS","bad","","no",""
"PinOpensTestPerPin_st","I_B_OPEN_PINS_sda1","10692","-1.85","-1.85","-1.85","GE","LE","1","1","1","V","7","OS_OPEN_F","8","F_OS","bad","","no",""
"PinOpensTestPerPin_st","I_B_OPEN_PINS_sda2","10693","-1.85","-1.85","-1.85","GE","LE","1","1","1","V","7","OS_OPEN_F","8","F_OS","bad","","no",""
"PinOpensTestPerPin_st","I_B_OPEN_PINS_sgmiiclkn","10694","-1.85","-1.85","-1.85","GE","LE","1","1","1","V","7","OS_OPEN_F","8","F_OS","bad","","no",""
"PinOpensTestPerPin_st","I_B_OPEN_PINS_sgmiiclkp","10695","-1.85","-1.85","-1.85","GE","LE","1","1","1","V","7","OS_OPEN_F","8","F_OS","bad","","no",""
"PinOpensTestPerPin_st","I_B_OPEN_PINS_sysclkout","10697","-1.85","-1.85","-1.85","GE","LE","1","1","1","V","7","OS_OPEN_F","8","F_OS","bad","","no",""
"PinOpensTestPerPin_st","I_B_OPEN_PINS_tck","10699","-1.85","-1.85","-1.85","GE","LE","1","1","1","V","7","OS_OPEN_F","8","F_OS","bad","","no",""
"PinOpensTestPerPin_st","I_B_OPEN_PINS_tdi","10700","-1.85","-1.85","-1.85","GE","LE","1","1","1","V","7","OS_OPEN_F","8","F_OS","bad","","no",""
"PinOpensTestPerPin_st","I_B_OPEN_PINS_tdo","10701","-1.85","-1.85","-1.85","GE","LE","1","1","1","V","7","OS_OPEN_F","8","F_OS","bad","","no",""
"PinOpensTestPerPin_st","I_B_OPEN_PINS_timi0","10702","-1.85","-1.85","-1.85","GE","LE","1","1","1","V","7","OS_OPEN_F","8","F_OS","bad","","no",""
"PinOpensTestPerPin_st","I_B_OPEN_PINS_timi1","10703","-1.85","-1.85","-1.85","GE","LE","1","1","1","V","7","OS_OPEN_F","8","F_OS","bad","","no",""
"PinOpensTestPerPin_st","I_B_OPEN_PINS_timo0","10704","-1.85","-1.85","-1.85","GE","LE","1","1","1","V","7","OS_OPEN_F","8","F_OS","bad","","no",""
"PinOpensTestPerPin_st","I_B_OPEN_PINS_timo1","10705","-1.85","-1.85","-1.85","GE","LE","1","1","1","V","7","OS_OPEN_F","8","F_OS","bad","","no",""
"PinOpensTestPerPin_st","I_B_OPEN_PINS_tms","10706","-1.85","-1.85","-1.85","GE","LE","1","1","1","V","7","OS_OPEN_F","8","F_OS","bad","","no",""
"PinOpensTestPerPin_st","I_B_OPEN_PINS_trstz","10707","-1.85","-1.85","-1.85","GE","LE","1","1","1","V","7","OS_OPEN_F","8","F_OS","bad","","no",""
"PinOpensTestPerPin_st","I_B_OPEN_PINS_tsrefclkn","10708","-1.85","-1.85","-1.85","GE","LE","1.5","1.5","1.5","V","7","OS_OPEN_F","8","F_OS","bad","","no",""
"PinOpensTestPerPin_st","I_B_OPEN_PINS_tsrefclkp","10709","-1.85","-1.85","-1.85","GE","LE","1.5","1.5","1.5","V","7","OS_OPEN_F","8","F_OS","bad","","no",""
"PinOpensTestPerPin_st","I_B_OPEN_PINS_tsrxclkout0n","10710","-1.85","-1.85","-1.85","GE","LE","1","1","1","V","7","OS_OPEN_F","8","F_OS","bad","","no",""
"PinOpensTestPerPin_st","I_B_OPEN_PINS_tsrxclkout0p","10711","-1.85","-1.85","-1.85","GE","LE","1","1","1","V","7","OS_OPEN_F","8","F_OS","bad","","no",""
"PinOpensTestPerPin_st","I_B_OPEN_PINS_uart0cts","10712","-1.85","-1.85","-1.85","GE","LE","1","1","1","V","7","OS_OPEN_F","8","F_OS","bad","","no",""
"PinOpensTestPerPin_st","I_B_OPEN_PINS_uart0rts","10713","-1.85","-1.85","-1.85","GE","LE","1","1","1","V","7","OS_OPEN_F","8","F_OS","bad","","no",""
"PinOpensTestPerPin_st","I_B_OPEN_PINS_uart0rxd","10714","-1.85","-1.85","-1.85","GE","LE","1","1","1","V","7","OS_OPEN_F","8","F_OS","bad","","no",""
"PinOpensTestPerPin_st","I_B_OPEN_PINS_uart0txd","10715","-1.85","-1.85","-1.85","GE","LE","1","1","1","V","7","OS_OPEN_F","8","F_OS","bad","","no",""
"PinOpensTestPerPin_st","I_B_OPEN_PINS_usbclkm","10716","-1.85","-1.85","-1.85","GE","LE","1","1","1","V","7","OS_OPEN_F","8","F_OS","bad","","no",""
"PinOpensTestPerPin_st","I_B_OPEN_PINS_usbclkp","10717","-1.85","-1.85","-1.85","GE","LE","1","1","1","V","7","OS_OPEN_F","8","F_OS","bad","","no",""
"PinOpensTestPerPin_st","I_B_OPEN_PINS_usbdrvvbus","10718","-1.85","-1.85","-1.85","GE","LE","1","1","1","V","7","OS_OPEN_F","8","F_OS","bad","","no",""
"PinOpensTestPerPin_st","I_B_OPEN_PINS_usbid0","10719","-1.85","-1.85","-1.85","GE","LE","1","1","1","V","7","OS_OPEN_F","8","F_OS","bad","","no",""
"PinOpensTestPerPin_st","I_B_OPEN_PINS_vcntl0","10720","-1.85","-1.85","-1.85","GE","LE","1","1","1","V","7","OS_OPEN_F","8","F_OS","bad","","no",""
"PinOpensTestPerPin_st","I_B_OPEN_PINS_vcntl1","10721","-1.85","-1.85","-1.85","GE","LE","1","1","1","V","7","OS_OPEN_F","8","F_OS","bad","","no",""
"PinOpensTestPerPin_st","I_B_OPEN_PINS_vcntl2","10722","-1.85","-1.85","-1.85","GE","LE","1","1","1","V","7","OS_OPEN_F","8","F_OS","bad","","no",""
"PinOpensTestPerPin_st","I_B_OPEN_PINS_vcntl3","10723","-1.85","-1.85","-1.85","GE","LE","1","1","1","V","7","OS_OPEN_F","8","F_OS","bad","","no",""
"PinOpensTestPerPin_st","I_B_OPEN_PINS_vcntl4","10724","-1.85","-1.85","-1.85","GE","LE","1","1","1","V","7","OS_OPEN_F","8","F_OS","bad","","no",""
"PinOpensTestPerPin_st","I_B_OPEN_PINS_vcntl5","10725","-1.85","-1.85","-1.85","GE","LE","1","1","1","V","7","OS_OPEN_F","8","F_OS","bad","","no",""
"PinShortsTest_st_nIForce_Even","I_B_SHRT_EVEN","10800","-1.85","-1.85","-1.85","GE","LE","-0.1","-0.1","-0.1","V","7","OS_SHORT_PIN_F","8","F_OS","bad","","no",""
"PinShortsTest_st_pIForce_Even","I_B_SHRT_EVEN","10801","0.1","0.1","0.1","GE","LE","1","1","1","V","7","OS_SHORT_PIN_F","8","F_OS","bad","","no",""
"PinShortsTest_st_nIForce_Odd","I_B_SHRT_ODD","10802","-1.85","-1.85","-1.85","GE","LE","-0.1","-0.1","-0.1","V","7","OS_SHORT_PIN_F","8","F_OS","bad","","no",""
"PinShortsTest_st_pIForce_Odd","I_B_SHRT_ODD","10803","0.1","0.1","0.1","GE","LE","1","1","1","V","7","OS_SHORT_PIN_F","8","F_OS","bad","","no",""
"PinShortsTestPerPin_st_nIForce_Even","I_B_SHRT_EVEN","10804","-1.85","-1.85","-1.85","GE","LE","-0.1","-0.1","-0.1","V","7","OS_SHORT_PIN_F","8","F_OS","bad","","no",""
"PinShortsTestPerPin_st_pIForce_Even","I_B_SHRT_EVEN","10805","0.1","0.1","0.1","GE","LE","1","1","1","V","7","OS_SHORT_PIN_F","8","F_OS","bad","","no",""
"PinShortsTestPerPin_st_nIForce_Odd","I_B_SHRT_ODD","10806","-1.85","-1.85","-1.85","GE","LE","-0.1","-0.1","-0.1","V","7","OS_SHORT_PIN_F","8","F_OS","bad","","no",""
"PinShortsTestPerPin_st_pIForce_Odd","I_B_SHRT_ODD","10807","0.1","0.1","0.1","GE","LE","1","1","1","V","7","OS_SHORT_PIN_F","8","F_OS","bad","","no",""
"PinShortsTestPerPin_st_nIForce_Even","I_B_SHRT_EVEN_bootcomplete","10810","-1.85","-1.85","-1.85","GE","LE","-0.1","-0.1","-0.1","V","7","OS_SHORT_PIN_F","8","F_OS","bad","","no",""
"PinShortsTestPerPin_st_nIForce_Even","I_B_SHRT_EVEN_coreclksel0","10811","-1.85","-1.85","-1.85","GE","LE","-0.1","-0.1","-0.1","V","7","OS_SHORT_PIN_F","8","F_OS","bad","","no",""
"PinShortsTestPerPin_st_nIForce_Even","I_B_SHRT_EVEN_coreclksel1","10812","-1.85","-1.85","-1.85","GE","LE","-0.1","-0.1","-0.1","V","7","OS_SHORT_PIN_F","8","F_OS","bad","","no",""
"PinShortsTestPerPin_st_nIForce_Even","I_B_SHRT_EVEN_coresel0","10813","-1.85","-1.85","-1.85","GE","LE","-0.1","-0.1","-0.1","V","7","OS_SHORT_PIN_F","8","F_OS","bad","","no",""
"PinShortsTestPerPin_st_nIForce_Even","I_B_SHRT_EVEN_coresel1","10814","-1.85","-1.85","-1.85","GE","LE","-0.1","-0.1","-0.1","V","7","OS_SHORT_PIN_F","8","F_OS","bad","","no",""
"PinShortsTestPerPin_st_nIForce_Even","I_B_SHRT_EVEN_coresel2","10815","-1.85","-1.85","-1.85","GE","LE","-0.1","-0.1","-0.1","V","7","OS_SHORT_PIN_F","8","F_OS","bad","","no",""
"PinShortsTestPerPin_st_nIForce_Even","I_B_SHRT_EVEN_csisc2_0_refclkn","10816","-1.85","-1.85","-1.85","GE","LE","-0.1","-0.1","-0.1","V","7","OS_SHORT_PIN_F","8","F_OS","bad","","no",""
"PinShortsTestPerPin_st_nIForce_Even","I_B_SHRT_EVEN_csisc2_0_refclkp","10817","-1.85","-1.85","-1.85","GE","LE","-0.1","-0.1","-0.1","V","7","OS_SHORT_PIN_F","8","F_OS","bad","","no",""
"PinShortsTestPerPin_st_nIForce_Even","I_B_SHRT_EVEN_csisc2_0_test","10818","-1.85","-1.85","-1.85","GE","LE","-0.1","-0.1","-0.1","V","7","OS_SHORT_PIN_F","8","F_OS","bad","","no",""
"PinShortsTestPerPin_st_nIForce_Even","I_B_SHRT_EVEN_csisc2_1_refclkn","10819","-1.85","-1.85","-1.85","GE","LE","-0.1","-0.1","-0.1","V","7","OS_SHORT_PIN_F","8","F_OS","bad","","no",""
"PinShortsTestPerPin_st_nIForce_Even","I_B_SHRT_EVEN_csisc2_1_refclkp","10820","-1.85","-1.85","-1.85","GE","LE","-0.1","-0.1","-0.1","V","7","OS_SHORT_PIN_F","8","F_OS","bad","","no",""
"PinShortsTestPerPin_st_nIForce_Even","I_B_SHRT_EVEN_csisc2_1_test","10821","-1.85","-1.85","-1.85","GE","LE","-0.1","-0.1","-0.1","V","7","OS_SHORT_PIN_F","8","F_OS","bad","","no",""
"PinShortsTestPerPin_st_nIForce_Even","I_B_SHRT_EVEN_csisc2_2_test","10822","-1.85","-1.85","-1.85","GE","LE","-0.1","-0.1","-0.1","V","7","OS_SHORT_PIN_F","8","F_OS","bad","","no",""
"PinShortsTestPerPin_st_nIForce_Even","I_B_SHRT_EVEN_csisc2_3_test","10823","-1.85","-1.85","-1.85","GE","LE","-0.1","-0.1","-0.1","V","7","OS_SHORT_PIN_F","8","F_OS","bad","","no",""
"PinShortsTestPerPin_st_nIForce_Even","I_B_SHRT_EVEN_ddr3aclkoutn0","10824","-1.85","-1.85","-1.85","GE","LE","-0.1","-0.1","-0.1","V","7","OS_SHORT_PIN_F","8","F_OS","bad","","no",""
"PinShortsTestPerPin_st_nIForce_Even","I_B_SHRT_EVEN_ddr3aclkoutn1","10825","-1.85","-1.85","-1.85","GE","LE","-0.1","-0.1","-0.1","V","7","OS_SHORT_PIN_F","8","F_OS","bad","","no",""
"PinShortsTestPerPin_st_nIForce_Even","I_B_SHRT_EVEN_ddr3aclkoutp0","10826","-1.85","-1.85","-1.85","GE","LE","-0.1","-0.1","-0.1","V","7","OS_SHORT_PIN_F","8","F_OS","bad","","no",""
"PinShortsTestPerPin_st_nIForce_Even","I_B_SHRT_EVEN_ddr3aclkoutp1","10827","-1.85","-1.85","-1.85","GE","LE","-0.1","-0.1","-0.1","V","7","OS_SHORT_PIN_F","8","F_OS","bad","","no",""
"PinShortsTestPerPin_st_nIForce_Even","I_B_SHRT_EVEN_ddr3adto0","10828","-1.85","-1.85","-1.85","GE","LE","-0.1","-0.1","-0.1","V","7","OS_SHORT_PIN_F","8","F_OS","bad","","no",""
"PinShortsTestPerPin_st_nIForce_Even","I_B_SHRT_EVEN_ddr3adto1","10829","-1.85","-1.85","-1.85","GE","LE","-0.1","-0.1","-0.1","V","7","OS_SHORT_PIN_F","8","F_OS","bad","","no",""
"PinShortsTestPerPin_st_nIForce_Even","I_B_SHRT_EVEN_dfesysrefn","10830","-1.85","-1.85","-1.85","GE","LE","-0.1","-0.1","-0.1","V","7","OS_SHORT_PIN_F","8","F_OS","bad","","no",""
"PinShortsTestPerPin_st_nIForce_Even","I_B_SHRT_EVEN_dfesysrefp","10831","-1.85","-1.85","-1.85","GE","LE","-0.1","-0.1","-0.1","V","7","OS_SHORT_PIN_F","8","F_OS","bad","","no",""
"PinShortsTestPerPin_st_nIForce_Even","I_B_SHRT_EVEN_emu00","10832","-1.85","-1.85","-1.85","GE","LE","-0.1","-0.1","-0.1","V","7","OS_SHORT_PIN_F","8","F_OS","bad","","no",""
"PinShortsTestPerPin_st_nIForce_Even","I_B_SHRT_EVEN_emu01","10833","-1.85","-1.85","-1.85","GE","LE","-0.1","-0.1","-0.1","V","7","OS_SHORT_PIN_F","8","F_OS","bad","","no",""
"PinShortsTestPerPin_st_nIForce_Even","I_B_SHRT_EVEN_emu02","10834","-1.85","-1.85","-1.85","GE","LE","-0.1","-0.1","-0.1","V","7","OS_SHORT_PIN_F","8","F_OS","bad","","no",""
"PinShortsTestPerPin_st_nIForce_Even","I_B_SHRT_EVEN_emu03","10835","-1.85","-1.85","-1.85","GE","LE","-0.1","-0.1","-0.1","V","7","OS_SHORT_PIN_F","8","F_OS","bad","","no",""
"PinShortsTestPerPin_st_nIForce_Even","I_B_SHRT_EVEN_emu04","10836","-1.85","-1.85","-1.85","GE","LE","-0.1","-0.1","-0.1","V","7","OS_SHORT_PIN_F","8","F_OS","bad","","no",""
"PinShortsTestPerPin_st_nIForce_Even","I_B_SHRT_EVEN_emu05","10837","-1.85","-1.85","-1.85","GE","LE","-0.1","-0.1","-0.1","V","7","OS_SHORT_PIN_F","8","F_OS","bad","","no",""
"PinShortsTestPerPin_st_nIForce_Even","I_B_SHRT_EVEN_emu06","10838","-1.85","-1.85","-1.85","GE","LE","-0.1","-0.1","-0.1","V","7","OS_SHORT_PIN_F","8","F_OS","bad","","no",""
"PinShortsTestPerPin_st_nIForce_Even","I_B_SHRT_EVEN_emu07","10839","-1.85","-1.85","-1.85","GE","LE","-0.1","-0.1","-0.1","V","7","OS_SHORT_PIN_F","8","F_OS","bad","","no",""
"PinShortsTestPerPin_st_nIForce_Even","I_B_SHRT_EVEN_emu08","10840","-1.85","-1.85","-1.85","GE","LE","-0.1","-0.1","-0.1","V","7","OS_SHORT_PIN_F","8","F_OS","bad","","no",""
"PinShortsTestPerPin_st_nIForce_Even","I_B_SHRT_EVEN_emu09","10841","-1.85","-1.85","-1.85","GE","LE","-0.1","-0.1","-0.1","V","7","OS_SHORT_PIN_F","8","F_OS","bad","","no",""
"PinShortsTestPerPin_st_nIForce_Even","I_B_SHRT_EVEN_emu10","10842","-1.85","-1.85","-1.85","GE","LE","-0.1","-0.1","-0.1","V","7","OS_SHORT_PIN_F","8","F_OS","bad","","no",""
"PinShortsTestPerPin_st_nIForce_Even","I_B_SHRT_EVEN_emu11","10843","-1.85","-1.85","-1.85","GE","LE","-0.1","-0.1","-0.1","V","7","OS_SHORT_PIN_F","8","F_OS","bad","","no",""
"PinShortsTestPerPin_st_nIForce_Even","I_B_SHRT_EVEN_emu12","10844","-1.85","-1.85","-1.85","GE","LE","-0.1","-0.1","-0.1","V","7","OS_SHORT_PIN_F","8","F_OS","bad","","no",""
"PinShortsTestPerPin_st_nIForce_Even","I_B_SHRT_EVEN_emu13","10845","-1.85","-1.85","-1.85","GE","LE","-0.1","-0.1","-0.1","V","7","OS_SHORT_PIN_F","8","F_OS","bad","","no",""
"PinShortsTestPerPin_st_nIForce_Even","I_B_SHRT_EVEN_emu14","10846","-1.85","-1.85","-1.85","GE","LE","-0.1","-0.1","-0.1","V","7","OS_SHORT_PIN_F","8","F_OS","bad","","no",""
"PinShortsTestPerPin_st_nIForce_Even","I_B_SHRT_EVEN_emu15","10847","-1.85","-1.85","-1.85","GE","LE","-0.1","-0.1","-0.1","V","7","OS_SHORT_PIN_F","8","F_OS","bad","","no",""
"PinShortsTestPerPin_st_nIForce_Even","I_B_SHRT_EVEN_emu16","10848","-1.85","-1.85","-1.85","GE","LE","-0.1","-0.1","-0.1","V","7","OS_SHORT_PIN_F","8","F_OS","bad","","no",""
"PinShortsTestPerPin_st_nIForce_Even","I_B_SHRT_EVEN_emu17","10849","-1.85","-1.85","-1.85","GE","LE","-0.1","-0.1","-0.1","V","7","OS_SHORT_PIN_F","8","F_OS","bad","","no",""
"PinShortsTestPerPin_st_nIForce_Even","I_B_SHRT_EVEN_emu18","10850","-1.85","-1.85","-1.85","GE","LE","-0.1","-0.1","-0.1","V","7","OS_SHORT_PIN_F","8","F_OS","bad","","no",""
"PinShortsTestPerPin_st_nIForce_Even","I_B_SHRT_EVEN_gpio00","10851","-1.85","-1.85","-1.85","GE","LE","-0.1","-0.1","-0.1","V","7","OS_SHORT_PIN_F","8","F_OS","bad","","no",""
"PinShortsTestPerPin_st_nIForce_Even","I_B_SHRT_EVEN_gpio01","10852","-1.85","-1.85","-1.85","GE","LE","-0.1","-0.1","-0.1","V","7","OS_SHORT_PIN_F","8","F_OS","bad","","no",""
"PinShortsTestPerPin_st_nIForce_Even","I_B_SHRT_EVEN_gpio02","10853","-1.85","-1.85","-1.85","GE","LE","-0.1","-0.1","-0.1","V","7","OS_SHORT_PIN_F","8","F_OS","bad","","no",""
"PinShortsTestPerPin_st_nIForce_Even","I_B_SHRT_EVEN_gpio03","10854","-1.85","-1.85","-1.85","GE","LE","-0.1","-0.1","-0.1","V","7","OS_SHORT_PIN_F","8","F_OS","bad","","no",""
"PinShortsTestPerPin_st_nIForce_Even","I_B_SHRT_EVEN_gpio04","10855","-1.85","-1.85","-1.85","GE","LE","-0.1","-0.1","-0.1","V","7","OS_SHORT_PIN_F","8","F_OS","bad","","no",""
"PinShortsTestPerPin_st_nIForce_Even","I_B_SHRT_EVEN_gpio05","10856","-1.85","-1.85","-1.85","GE","LE","-0.1","-0.1","-0.1","V","7","OS_SHORT_PIN_F","8","F_OS","bad","","no",""
"PinShortsTestPerPin_st_nIForce_Even","I_B_SHRT_EVEN_gpio06","10857","-1.85","-1.85","-1.85","GE","LE","-0.1","-0.1","-0.1","V","7","OS_SHORT_PIN_F","8","F_OS","bad","","no",""
"PinShortsTestPerPin_st_nIForce_Even","I_B_SHRT_EVEN_gpio07","10858","-1.85","-1.85","-1.85","GE","LE","-0.1","-0.1","-0.1","V","7","OS_SHORT_PIN_F","8","F_OS","bad","","no",""
"PinShortsTestPerPin_st_nIForce_Even","I_B_SHRT_EVEN_gpio08","10859","-1.85","-1.85","-1.85","GE","LE","-0.1","-0.1","-0.1","V","7","OS_SHORT_PIN_F","8","F_OS","bad","","no",""
"PinShortsTestPerPin_st_nIForce_Even","I_B_SHRT_EVEN_gpio09","10860","-1.85","-1.85","-1.85","GE","LE","-0.1","-0.1","-0.1","V","7","OS_SHORT_PIN_F","8","F_OS","bad","","no",""
"PinShortsTestPerPin_st_nIForce_Even","I_B_SHRT_EVEN_gpio10","10861","-1.85","-1.85","-1.85","GE","LE","-0.1","-0.1","-0.1","V","7","OS_SHORT_PIN_F","8","F_OS","bad","","no",""
"PinShortsTestPerPin_st_nIForce_Even","I_B_SHRT_EVEN_gpio11","10862","-1.85","-1.85","-1.85","GE","LE","-0.1","-0.1","-0.1","V","7","OS_SHORT_PIN_F","8","F_OS","bad","","no",""
"PinShortsTestPerPin_st_nIForce_Even","I_B_SHRT_EVEN_gpio12","10863","-1.85","-1.85","-1.85","GE","LE","-0.1","-0.1","-0.1","V","7","OS_SHORT_PIN_F","8","F_OS","bad","","no",""
"PinShortsTestPerPin_st_nIForce_Even","I_B_SHRT_EVEN_gpio13","10864","-1.85","-1.85","-1.85","GE","LE","-0.1","-0.1","-0.1","V","7","OS_SHORT_PIN_F","8","F_OS","bad","","no",""
"PinShortsTestPerPin_st_nIForce_Even","I_B_SHRT_EVEN_gpio14","10865","-1.85","-1.85","-1.85","GE","LE","-0.1","-0.1","-0.1","V","7","OS_SHORT_PIN_F","8","F_OS","bad","","no",""
"PinShortsTestPerPin_st_nIForce_Even","I_B_SHRT_EVEN_gpio15","10866","-1.85","-1.85","-1.85","GE","LE","-0.1","-0.1","-0.1","V","7","OS_SHORT_PIN_F","8","F_OS","bad","","no",""
"PinShortsTestPerPin_st_nIForce_Even","I_B_SHRT_EVEN_gpio16","10867","-1.85","-1.85","-1.85","GE","LE","-0.1","-0.1","-0.1","V","7","OS_SHORT_PIN_F","8","F_OS","bad","","no",""
"PinShortsTestPerPin_st_nIForce_Even","I_B_SHRT_EVEN_gpio17","10868","-1.85","-1.85","-1.85","GE","LE","-0.1","-0.1","-0.1","V","7","OS_SHORT_PIN_F","8","F_OS","bad","","no",""
"PinShortsTestPerPin_st_nIForce_Even","I_B_SHRT_EVEN_gpio18","10869","-1.85","-1.85","-1.85","GE","LE","-0.1","-0.1","-0.1","V","7","OS_SHORT_PIN_F","8","F_OS","bad","","no",""
"PinShortsTestPerPin_st_nIForce_Even","I_B_SHRT_EVEN_gpio19","10870","-1.85","-1.85","-1.85","GE","LE","-0.1","-0.1","-0.1","V","7","OS_SHORT_PIN_F","8","F_OS","bad","","no",""
"PinShortsTestPerPin_st_nIForce_Even","I_B_SHRT_EVEN_lresetnmienz","10871","-1.85","-1.85","-1.85","GE","LE","-0.1","-0.1","-0.1","V","7","OS_SHORT_PIN_F","8","F_OS","bad","","no",""
"PinShortsTestPerPin_st_nIForce_Even","I_B_SHRT_EVEN_lresetz","10872","-1.85","-1.85","-1.85","GE","LE","-0.1","-0.1","-0.1","V","7","OS_SHORT_PIN_F","8","F_OS","bad","","no",""
"PinShortsTestPerPin_st_nIForce_Even","I_B_SHRT_EVEN_mdclk","10873","-1.85","-1.85","-1.85","GE","LE","-0.1","-0.1","-0.1","V","7","OS_SHORT_PIN_F","8","F_OS","bad","","no",""
"PinShortsTestPerPin_st_nIForce_Even","I_B_SHRT_EVEN_mdio","10874","-1.85","-1.85","-1.85","GE","LE","-0.1","-0.1","-0.1","V","7","OS_SHORT_PIN_F","8","F_OS","bad","","no",""
"PinShortsTestPerPin_st_nIForce_Even","I_B_SHRT_EVEN_nmiz","10875","-1.85","-1.85","-1.85","GE","LE","-0.1","-0.1","-0.1","V","7","OS_SHORT_PIN_F","8","F_OS","bad","","no",""
"PinShortsTestPerPin_st_nIForce_Even","I_B_SHRT_EVEN_pcieclkn","10876","-1.85","-1.85","-1.85","GE","LE","-0.1","-0.1","-0.1","V","7","OS_SHORT_PIN_F","8","F_OS","bad","","no",""
"PinShortsTestPerPin_st_nIForce_Even","I_B_SHRT_EVEN_pcieclkp","10877","-1.85","-1.85","-1.85","GE","LE","-0.1","-0.1","-0.1","V","7","OS_SHORT_PIN_F","8","F_OS","bad","","no",""
"PinShortsTestPerPin_st_nIForce_Even","I_B_SHRT_EVEN_plllock","10878","-1.85","-1.85","-1.85","GE","LE","-0.1","-0.1","-0.1","V","7","OS_SHORT_PIN_F","8","F_OS","bad","","no",""
"PinShortsTestPerPin_st_nIForce_Even","I_B_SHRT_EVEN_pllobsclkn","10879","-1.85","-1.85","-1.85","GE","LE","-0.1","-0.1","-0.1","V","7","OS_SHORT_PIN_F","8","F_OS","bad","","no",""
"PinShortsTestPerPin_st_nIForce_Even","I_B_SHRT_EVEN_pllobsclkp","10880","-1.85","-1.85","-1.85","GE","LE","-0.1","-0.1","-0.1","V","7","OS_SHORT_PIN_F","8","F_OS","bad","","no",""
"PinShortsTestPerPin_st_nIForce_Even","I_B_SHRT_EVEN_porz","10881","-1.85","-1.85","-1.85","GE","LE","-0.1","-0.1","-0.1","V","7","OS_SHORT_PIN_F","8","F_OS","bad","","no",""
"PinShortsTestPerPin_st_nIForce_Even","I_B_SHRT_EVEN_resetfullz","10882","-1.85","-1.85","-1.85","GE","LE","-0.1","-0.1","-0.1","V","7","OS_SHORT_PIN_F","8","F_OS","bad","","no",""
"PinShortsTestPerPin_st_nIForce_Even","I_B_SHRT_EVEN_resetstatz","10883","-1.85","-1.85","-1.85","GE","LE","-0.1","-0.1","-0.1","V","7","OS_SHORT_PIN_F","8","F_OS","bad","","no",""
"PinShortsTestPerPin_st_nIForce_Even","I_B_SHRT_EVEN_resetz","10884","-1.85","-1.85","-1.85","GE","LE","-0.1","-0.1","-0.1","V","7","OS_SHORT_PIN_F","8","F_OS","bad","","no",""
"PinShortsTestPerPin_st_nIForce_Even","I_B_SHRT_EVEN_scl0","10885","-1.85","-1.85","-1.85","GE","LE","-0.1","-0.1","-0.1","V","7","OS_SHORT_PIN_F","8","F_OS","bad","","no",""
"PinShortsTestPerPin_st_nIForce_Even","I_B_SHRT_EVEN_scl1","10886","-1.85","-1.85","-1.85","GE","LE","-0.1","-0.1","-0.1","V","7","OS_SHORT_PIN_F","8","F_OS","bad","","no",""
"PinShortsTestPerPin_st_nIForce_Even","I_B_SHRT_EVEN_scl2","10887","-1.85","-1.85","-1.85","GE","LE","-0.1","-0.1","-0.1","V","7","OS_SHORT_PIN_F","8","F_OS","bad","","no",""
"PinShortsTestPerPin_st_nIForce_Even","I_B_SHRT_EVEN_sda0","10888","-1.85","-1.85","-1.85","GE","LE","-0.1","-0.1","-0.1","V","7","OS_SHORT_PIN_F","8","F_OS","bad","","no",""
"PinShortsTestPerPin_st_nIForce_Even","I_B_SHRT_EVEN_sda1","10889","-1.85","-1.85","-1.85","GE","LE","-0.1","-0.1","-0.1","V","7","OS_SHORT_PIN_F","8","F_OS","bad","","no",""
"PinShortsTestPerPin_st_nIForce_Even","I_B_SHRT_EVEN_sda2","10890","-1.85","-1.85","-1.85","GE","LE","-0.1","-0.1","-0.1","V","7","OS_SHORT_PIN_F","8","F_OS","bad","","no",""
"PinShortsTestPerPin_st_nIForce_Even","I_B_SHRT_EVEN_sgmiiclkn","10891","-1.85","-1.85","-1.85","GE","LE","-0.1","-0.1","-0.1","V","7","OS_SHORT_PIN_F","8","F_OS","bad","","no",""
"PinShortsTestPerPin_st_nIForce_Even","I_B_SHRT_EVEN_sgmiiclkp","10892","-1.85","-1.85","-1.85","GE","LE","-0.1","-0.1","-0.1","V","7","OS_SHORT_PIN_F","8","F_OS","bad","","no",""
"PinShortsTestPerPin_st_nIForce_Even","I_B_SHRT_EVEN_sysclkout","10893","-1.85","-1.85","-1.85","GE","LE","-0.1","-0.1","-0.1","V","7","OS_SHORT_PIN_F","8","F_OS","bad","","no",""
"PinShortsTestPerPin_st_nIForce_Even","I_B_SHRT_EVEN_tck","10894","-1.85","-1.85","-1.85","GE","LE","-0.1","-0.1","-0.1","V","7","OS_SHORT_PIN_F","8","F_OS","bad","","no",""
"PinShortsTestPerPin_st_nIForce_Even","I_B_SHRT_EVEN_tdi","10895","-1.85","-1.85","-1.85","GE","LE","-0.1","-0.1","-0.1","V","7","OS_SHORT_PIN_F","8","F_OS","bad","","no",""
"PinShortsTestPerPin_st_nIForce_Even","I_B_SHRT_EVEN_tdo","10896","-1.85","-1.85","-1.85","GE","LE","-0.1","-0.1","-0.1","V","7","OS_SHORT_PIN_F","8","F_OS","bad","","no",""
"PinShortsTestPerPin_st_nIForce_Even","I_B_SHRT_EVEN_timi0","10897","-1.85","-1.85","-1.85","GE","LE","-0.1","-0.1","-0.1","V","7","OS_SHORT_PIN_F","8","F_OS","bad","","no",""
"PinShortsTestPerPin_st_nIForce_Even","I_B_SHRT_EVEN_timi1","10898","-1.85","-1.85","-1.85","GE","LE","-0.1","-0.1","-0.1","V","7","OS_SHORT_PIN_F","8","F_OS","bad","","no",""
"PinShortsTestPerPin_st_nIForce_Even","I_B_SHRT_EVEN_timo0","10899","-1.85","-1.85","-1.85","GE","LE","-0.1","-0.1","-0.1","V","7","OS_SHORT_PIN_F","8","F_OS","bad","","no",""
"PinShortsTestPerPin_st_nIForce_Even","I_B_SHRT_EVEN_timo1","10900","-1.85","-1.85","-1.85","GE","LE","-0.1","-0.1","-0.1","V","7","OS_SHORT_PIN_F","8","F_OS","bad","","no",""
"PinShortsTestPerPin_st_nIForce_Even","I_B_SHRT_EVEN_tms","10901","-1.85","-1.85","-1.85","GE","LE","-0.1","-0.1","-0.1","V","7","OS_SHORT_PIN_F","8","F_OS","bad","","no",""
"PinShortsTestPerPin_st_nIForce_Even","I_B_SHRT_EVEN_trstz","10902","-1.85","-1.85","-1.85","GE","LE","-0.1","-0.1","-0.1","V","7","OS_SHORT_PIN_F","8","F_OS","bad","","no",""
"PinShortsTestPerPin_st_nIForce_Even","I_B_SHRT_EVEN_tsrefclkn","10903","-1.85","-1.85","-1.85","GE","LE","-0.1","-0.1","-0.1","V","7","OS_SHORT_PIN_F","8","F_OS","bad","","no",""
"PinShortsTestPerPin_st_nIForce_Even","I_B_SHRT_EVEN_tsrefclkp","10904","-1.85","-1.85","-1.85","GE","LE","-0.1","-0.1","-0.1","V","7","OS_SHORT_PIN_F","8","F_OS","bad","","no",""
"PinShortsTestPerPin_st_nIForce_Even","I_B_SHRT_EVEN_tsrxclkout0n","10905","-1.85","-1.85","-1.85","GE","LE","-0.1","-0.1","-0.1","V","7","OS_SHORT_PIN_F","8","F_OS","bad","","no",""
"PinShortsTestPerPin_st_nIForce_Even","I_B_SHRT_EVEN_tsrxclkout0p","10906","-1.85","-1.85","-1.85","GE","LE","-0.1","-0.1","-0.1","V","7","OS_SHORT_PIN_F","8","F_OS","bad","","no",""
"PinShortsTestPerPin_st_nIForce_Even","I_B_SHRT_EVEN_uart0cts","10907","-1.85","-1.85","-1.85","GE","LE","-0.1","-0.1","-0.1","V","7","OS_SHORT_PIN_F","8","F_OS","bad","","no",""
"PinShortsTestPerPin_st_nIForce_Even","I_B_SHRT_EVEN_uart0rts","10908","-1.85","-1.85","-1.85","GE","LE","-0.1","-0.1","-0.1","V","7","OS_SHORT_PIN_F","8","F_OS","bad","","no",""
"PinShortsTestPerPin_st_nIForce_Even","I_B_SHRT_EVEN_uart0rxd","10909","-1.85","-1.85","-1.85","GE","LE","-0.1","-0.1","-0.1","V","7","OS_SHORT_PIN_F","8","F_OS","bad","","no",""
"PinShortsTestPerPin_st_nIForce_Even","I_B_SHRT_EVEN_uart0txd","10910","-1.85","-1.85","-1.85","GE","LE","-0.1","-0.1","-0.1","V","7","OS_SHORT_PIN_F","8","F_OS","bad","","no",""
"PinShortsTestPerPin_st_nIForce_Even","I_B_SHRT_EVEN_usbclkm","10911","-1.85","-1.85","-1.85","GE","LE","-0.1","-0.1","-0.1","V","7","OS_SHORT_PIN_F","8","F_OS","bad","","no",""
"PinShortsTestPerPin_st_nIForce_Even","I_B_SHRT_EVEN_usbclkp","10912","-1.85","-1.85","-1.85","GE","LE","-0.1","-0.1","-0.1","V","7","OS_SHORT_PIN_F","8","F_OS","bad","","no",""
"PinShortsTestPerPin_st_nIForce_Even","I_B_SHRT_EVEN_usbdrvvbus","10913","-1.85","-1.85","-1.85","GE","LE","-0.1","-0.1","-0.1","V","7","OS_SHORT_PIN_F","8","F_OS","bad","","no",""
"PinShortsTestPerPin_st_nIForce_Even","I_B_SHRT_EVEN_usbid0","10914","-1.85","-1.85","-1.85","GE","LE","-0.1","-0.1","-0.1","V","7","OS_SHORT_PIN_F","8","F_OS","bad","","no",""
"PinShortsTestPerPin_st_nIForce_Even","I_B_SHRT_EVEN_vcntl0","10915","-1.85","-1.85","-1.85","GE","LE","-0.1","-0.1","-0.1","V","7","OS_SHORT_PIN_F","8","F_OS","bad","","no",""
"PinShortsTestPerPin_st_nIForce_Even","I_B_SHRT_EVEN_vcntl1","10916","-1.85","-1.85","-1.85","GE","LE","-0.1","-0.1","-0.1","V","7","OS_SHORT_PIN_F","8","F_OS","bad","","no",""
"PinShortsTestPerPin_st_nIForce_Even","I_B_SHRT_EVEN_vcntl2","10917","-1.85","-1.85","-1.85","GE","LE","-0.1","-0.1","-0.1","V","7","OS_SHORT_PIN_F","8","F_OS","bad","","no",""
"PinShortsTestPerPin_st_nIForce_Even","I_B_SHRT_EVEN_vcntl3","10918","-1.85","-1.85","-1.85","GE","LE","-0.1","-0.1","-0.1","V","7","OS_SHORT_PIN_F","8","F_OS","bad","","no",""
"PinShortsTestPerPin_st_nIForce_Even","I_B_SHRT_EVEN_vcntl4","10919","-1.85","-1.85","-1.85","GE","LE","-0.1","-0.1","-0.1","V","7","OS_SHORT_PIN_F","8","F_OS","bad","","no",""
"PinShortsTestPerPin_st_nIForce_Even","I_B_SHRT_EVEN_vcntl5","10920","-1.85","-1.85","-1.85","GE","LE","-0.1","-0.1","-0.1","V","7","OS_SHORT_PIN_F","8","F_OS","bad","","no",""
"PinShortsTestPerPin_st_pIForce_Even","I_B_SHRT_EVEN_bootcomplete","10921","0.1","0.1","0.1","GE","LE","1","1","1","V","7","OS_SHORT_PIN_F","8","F_OS","bad","","no",""
"PinShortsTestPerPin_st_pIForce_Even","I_B_SHRT_EVEN_coreclksel0","10922","0.1","0.1","0.1","GE","LE","1","1","1","V","7","OS_SHORT_PIN_F","8","F_OS","bad","","no",""
"PinShortsTestPerPin_st_pIForce_Even","I_B_SHRT_EVEN_coreclksel1","10923","0.1","0.1","0.1","GE","LE","1","1","1","V","7","OS_SHORT_PIN_F","8","F_OS","bad","","no",""
"PinShortsTestPerPin_st_pIForce_Even","I_B_SHRT_EVEN_coresel0","10924","0.1","0.1","0.1","GE","LE","1","1","1","V","7","OS_SHORT_PIN_F","8","F_OS","bad","","no",""
"PinShortsTestPerPin_st_pIForce_Even","I_B_SHRT_EVEN_coresel1","10925","0.1","0.1","0.1","GE","LE","1","1","1","V","7","OS_SHORT_PIN_F","8","F_OS","bad","","no",""
"PinShortsTestPerPin_st_pIForce_Even","I_B_SHRT_EVEN_coresel2","10926","0.1","0.1","0.1","GE","LE","1","1","1","V","7","OS_SHORT_PIN_F","8","F_OS","bad","","no",""
"PinShortsTestPerPin_st_pIForce_Even","I_B_SHRT_EVEN_csisc2_0_refclkn","10927","0.1","0.1","0.1","GE","LE","1","1","1","V","7","OS_SHORT_PIN_F","8","F_OS","bad","","no",""
"PinShortsTestPerPin_st_pIForce_Even","I_B_SHRT_EVEN_csisc2_0_refclkp","10928","0.1","0.1","0.1","GE","LE","1","1","1","V","7","OS_SHORT_PIN_F","8","F_OS","bad","","no",""
"PinShortsTestPerPin_st_pIForce_Even","I_B_SHRT_EVEN_csisc2_0_test","10929","0.1","0.1","0.1","GE","LE","1","1","1","V","7","OS_SHORT_PIN_F","8","F_OS","bad","","no",""
"PinShortsTestPerPin_st_pIForce_Even","I_B_SHRT_EVEN_csisc2_1_refclkn","10930","0.1","0.1","0.1","GE","LE","1","1","1","V","7","OS_SHORT_PIN_F","8","F_OS","bad","","no",""
"PinShortsTestPerPin_st_pIForce_Even","I_B_SHRT_EVEN_csisc2_1_refclkp","10931","0.1","0.1","0.1","GE","LE","1","1","1","V","7","OS_SHORT_PIN_F","8","F_OS","bad","","no",""
"PinShortsTestPerPin_st_pIForce_Even","I_B_SHRT_EVEN_csisc2_1_test","10932","0.1","0.1","0.1","GE","LE","1","1","1","V","7","OS_SHORT_PIN_F","8","F_OS","bad","","no",""
"PinShortsTestPerPin_st_pIForce_Even","I_B_SHRT_EVEN_csisc2_2_test","10933","0.1","0.1","0.1","GE","LE","1","1","1","V","7","OS_SHORT_PIN_F","8","F_OS","bad","","no",""
"PinShortsTestPerPin_st_pIForce_Even","I_B_SHRT_EVEN_csisc2_3_test","10934","0.1","0.1","0.1","GE","LE","1","1","1","V","7","OS_SHORT_PIN_F","8","F_OS","bad","","no",""
"PinShortsTestPerPin_st_pIForce_Even","I_B_SHRT_EVEN_ddr3aclkoutn0","10935","0.1","0.1","0.1","GE","LE","1","1","1","V","7","OS_SHORT_PIN_F","8","F_OS","bad","","no",""
"PinShortsTestPerPin_st_pIForce_Even","I_B_SHRT_EVEN_ddr3aclkoutn1","10936","0.1","0.1","0.1","GE","LE","1","1","1","V","7","OS_SHORT_PIN_F","8","F_OS","bad","","no",""
"PinShortsTestPerPin_st_pIForce_Even","I_B_SHRT_EVEN_ddr3aclkoutp0","10937","0.1","0.1","0.1","GE","LE","1","1","1","V","7","OS_SHORT_PIN_F","8","F_OS","bad","","no",""
"PinShortsTestPerPin_st_pIForce_Even","I_B_SHRT_EVEN_ddr3aclkoutp1","10938","0.1","0.1","0.1","GE","LE","1","1","1","V","7","OS_SHORT_PIN_F","8","F_OS","bad","","no",""
"PinShortsTestPerPin_st_pIForce_Even","I_B_SHRT_EVEN_ddr3adto0","10939","0.1","0.1","0.1","GE","LE","1","1","1","V","7","OS_SHORT_PIN_F","8","F_OS","bad","","no",""
"PinShortsTestPerPin_st_pIForce_Even","I_B_SHRT_EVEN_ddr3adto1","10940","0.1","0.1","0.1","GE","LE","1","1","1","V","7","OS_SHORT_PIN_F","8","F_OS","bad","","no",""
"PinShortsTestPerPin_st_pIForce_Even","I_B_SHRT_EVEN_dfesysrefn","10941","0.1","0.1","0.1","GE","LE","1","1","1","V","7","OS_SHORT_PIN_F","8","F_OS","bad","","no",""
"PinShortsTestPerPin_st_pIForce_Even","I_B_SHRT_EVEN_dfesysrefp","10942","0.1","0.1","0.1","GE","LE","1","1","1","V","7","OS_SHORT_PIN_F","8","F_OS","bad","","no",""
"PinShortsTestPerPin_st_pIForce_Even","I_B_SHRT_EVEN_emu00","10943","0.1","0.1","0.1","GE","LE","1","1","1","V","7","OS_SHORT_PIN_F","8","F_OS","bad","","no",""
"PinShortsTestPerPin_st_pIForce_Even","I_B_SHRT_EVEN_emu01","10944","0.1","0.1","0.1","GE","LE","1","1","1","V","7","OS_SHORT_PIN_F","8","F_OS","bad","","no",""
"PinShortsTestPerPin_st_pIForce_Even","I_B_SHRT_EVEN_emu02","10945","0.1","0.1","0.1","GE","LE","1","1","1","V","7","OS_SHORT_PIN_F","8","F_OS","bad","","no",""
"PinShortsTestPerPin_st_pIForce_Even","I_B_SHRT_EVEN_emu03","10946","0.1","0.1","0.1","GE","LE","1","1","1","V","7","OS_SHORT_PIN_F","8","F_OS","bad","","no",""
"PinShortsTestPerPin_st_pIForce_Even","I_B_SHRT_EVEN_emu04","10947","0.1","0.1","0.1","GE","LE","1","1","1","V","7","OS_SHORT_PIN_F","8","F_OS","bad","","no",""
"PinShortsTestPerPin_st_pIForce_Even","I_B_SHRT_EVEN_emu05","10948","0.1","0.1","0.1","GE","LE","1","1","1","V","7","OS_SHORT_PIN_F","8","F_OS","bad","","no",""
"PinShortsTestPerPin_st_pIForce_Even","I_B_SHRT_EVEN_emu06","10949","0.1","0.1","0.1","GE","LE","1","1","1","V","7","OS_SHORT_PIN_F","8","F_OS","bad","","no",""
"PinShortsTestPerPin_st_pIForce_Even","I_B_SHRT_EVEN_emu07","10950","0.1","0.1","0.1","GE","LE","1","1","1","V","7","OS_SHORT_PIN_F","8","F_OS","bad","","no",""
"PinShortsTestPerPin_st_pIForce_Even","I_B_SHRT_EVEN_emu08","10951","0.1","0.1","0.1","GE","LE","1","1","1","V","7","OS_SHORT_PIN_F","8","F_OS","bad","","no",""
"PinShortsTestPerPin_st_pIForce_Even","I_B_SHRT_EVEN_emu09","10952","0.1","0.1","0.1","GE","LE","1","1","1","V","7","OS_SHORT_PIN_F","8","F_OS","bad","","no",""
"PinShortsTestPerPin_st_pIForce_Even","I_B_SHRT_EVEN_emu10","10953","0.1","0.1","0.1","GE","LE","1","1","1","V","7","OS_SHORT_PIN_F","8","F_OS","bad","","no",""
"PinShortsTestPerPin_st_pIForce_Even","I_B_SHRT_EVEN_emu11","10954","0.1","0.1","0.1","GE","LE","1","1","1","V","7","OS_SHORT_PIN_F","8","F_OS","bad","","no",""
"PinShortsTestPerPin_st_pIForce_Even","I_B_SHRT_EVEN_emu12","10955","0.1","0.1","0.1","GE","LE","1","1","1","V","7","OS_SHORT_PIN_F","8","F_OS","bad","","no",""
"PinShortsTestPerPin_st_pIForce_Even","I_B_SHRT_EVEN_emu13","10956","0.1","0.1","0.1","GE","LE","1","1","1","V","7","OS_SHORT_PIN_F","8","F_OS","bad","","no",""
"PinShortsTestPerPin_st_pIForce_Even","I_B_SHRT_EVEN_emu14","10957","0.1","0.1","0.1","GE","LE","1","1","1","V","7","OS_SHORT_PIN_F","8","F_OS","bad","","no",""
"PinShortsTestPerPin_st_pIForce_Even","I_B_SHRT_EVEN_emu15","10958","0.1","0.1","0.1","GE","LE","1","1","1","V","7","OS_SHORT_PIN_F","8","F_OS","bad","","no",""
"PinShortsTestPerPin_st_pIForce_Even","I_B_SHRT_EVEN_emu16","10959","0.1","0.1","0.1","GE","LE","1","1","1","V","7","OS_SHORT_PIN_F","8","F_OS","bad","","no",""
"PinShortsTestPerPin_st_pIForce_Even","I_B_SHRT_EVEN_emu17","10960","0.1","0.1","0.1","GE","LE","1","1","1","V","7","OS_SHORT_PIN_F","8","F_OS","bad","","no",""
"PinShortsTestPerPin_st_pIForce_Even","I_B_SHRT_EVEN_emu18","10961","0.1","0.1","0.1","GE","LE","1","1","1","V","7","OS_SHORT_PIN_F","8","F_OS","bad","","no",""
"PinShortsTestPerPin_st_pIForce_Even","I_B_SHRT_EVEN_gpio00","10962","0.1","0.1","0.1","GE","LE","1","1","1","V","7","OS_SHORT_PIN_F","8","F_OS","bad","","no",""
"PinShortsTestPerPin_st_pIForce_Even","I_B_SHRT_EVEN_gpio01","10963","0.1","0.1","0.1","GE","LE","1","1","1","V","7","OS_SHORT_PIN_F","8","F_OS","bad","","no",""
"PinShortsTestPerPin_st_pIForce_Even","I_B_SHRT_EVEN_gpio02","10964","0.1","0.1","0.1","GE","LE","1","1","1","V","7","OS_SHORT_PIN_F","8","F_OS","bad","","no",""
"PinShortsTestPerPin_st_pIForce_Even","I_B_SHRT_EVEN_gpio03","10965","0.1","0.1","0.1","GE","LE","1","1","1","V","7","OS_SHORT_PIN_F","8","F_OS","bad","","no",""
"PinShortsTestPerPin_st_pIForce_Even","I_B_SHRT_EVEN_gpio04","10966","0.1","0.1","0.1","GE","LE","1","1","1","V","7","OS_SHORT_PIN_F","8","F_OS","bad","","no",""
"PinShortsTestPerPin_st_pIForce_Even","I_B_SHRT_EVEN_gpio05","10967","0.1","0.1","0.1","GE","LE","1","1","1","V","7","OS_SHORT_PIN_F","8","F_OS","bad","","no",""
"PinShortsTestPerPin_st_pIForce_Even","I_B_SHRT_EVEN_gpio06","10968","0.1","0.1","0.1","GE","LE","1","1","1","V","7","OS_SHORT_PIN_F","8","F_OS","bad","","no",""
"PinShortsTestPerPin_st_pIForce_Even","I_B_SHRT_EVEN_gpio07","10969","0.1","0.1","0.1","GE","LE","1","1","1","V","7","OS_SHORT_PIN_F","8","F_OS","bad","","no",""
"PinShortsTestPerPin_st_pIForce_Even","I_B_SHRT_EVEN_gpio08","10970","0.1","0.1","0.1","GE","LE","1","1","1","V","7","OS_SHORT_PIN_F","8","F_OS","bad","","no",""
"PinShortsTestPerPin_st_pIForce_Even","I_B_SHRT_EVEN_gpio09","10971","0.1","0.1","0.1","GE","LE","1","1","1","V","7","OS_SHORT_PIN_F","8","F_OS","bad","","no",""
"PinShortsTestPerPin_st_pIForce_Even","I_B_SHRT_EVEN_gpio10","10972","0.1","0.1","0.1","GE","LE","1","1","1","V","7","OS_SHORT_PIN_F","8","F_OS","bad","","no",""
"PinShortsTestPerPin_st_pIForce_Even","I_B_SHRT_EVEN_gpio11","10973","0.1","0.1","0.1","GE","LE","1","1","1","V","7","OS_SHORT_PIN_F","8","F_OS","bad","","no",""
"PinShortsTestPerPin_st_pIForce_Even","I_B_SHRT_EVEN_gpio12","10974","0.1","0.1","0.1","GE","LE","1","1","1","V","7","OS_SHORT_PIN_F","8","F_OS","bad","","no",""
"PinShortsTestPerPin_st_pIForce_Even","I_B_SHRT_EVEN_gpio13","10975","0.1","0.1","0.1","GE","LE","1","1","1","V","7","OS_SHORT_PIN_F","8","F_OS","bad","","no",""
"PinShortsTestPerPin_st_pIForce_Even","I_B_SHRT_EVEN_gpio14","10976","0.1","0.1","0.1","GE","LE","1","1","1","V","7","OS_SHORT_PIN_F","8","F_OS","bad","","no",""
"PinShortsTestPerPin_st_pIForce_Even","I_B_SHRT_EVEN_gpio15","10977","0.1","0.1","0.1","GE","LE","1","1","1","V","7","OS_SHORT_PIN_F","8","F_OS","bad","","no",""
"PinShortsTestPerPin_st_pIForce_Even","I_B_SHRT_EVEN_gpio16","10978","0.1","0.1","0.1","GE","LE","1","1","1","V","7","OS_SHORT_PIN_F","8","F_OS","bad","","no",""
"PinShortsTestPerPin_st_pIForce_Even","I_B_SHRT_EVEN_gpio17","10979","0.1","0.1","0.1","GE","LE","1","1","1","V","7","OS_SHORT_PIN_F","8","F_OS","bad","","no",""
"PinShortsTestPerPin_st_pIForce_Even","I_B_SHRT_EVEN_gpio18","10980","0.1","0.1","0.1","GE","LE","1","1","1","V","7","OS_SHORT_PIN_F","8","F_OS","bad","","no",""
"PinShortsTestPerPin_st_pIForce_Even","I_B_SHRT_EVEN_gpio19","10981","0.1","0.1","0.1","GE","LE","1","1","1","V","7","OS_SHORT_PIN_F","8","F_OS","bad","","no",""
"PinShortsTestPerPin_st_pIForce_Even","I_B_SHRT_EVEN_lresetnmienz","10982","0.1","0.1","0.1","GE","LE","1","1","1","V","7","OS_SHORT_PIN_F","8","F_OS","bad","","no",""
"PinShortsTestPerPin_st_pIForce_Even","I_B_SHRT_EVEN_lresetz","10983","0.1","0.1","0.1","GE","LE","1","1","1","V","7","OS_SHORT_PIN_F","8","F_OS","bad","","no",""
"PinShortsTestPerPin_st_pIForce_Even","I_B_SHRT_EVEN_mdclk","10984","0.1","0.1","0.1","GE","LE","1","1","1","V","7","OS_SHORT_PIN_F","8","F_OS","bad","","no",""
"PinShortsTestPerPin_st_pIForce_Even","I_B_SHRT_EVEN_mdio","10985","0.1","0.1","0.1","GE","LE","1","1","1","V","7","OS_SHORT_PIN_F","8","F_OS","bad","","no",""
"PinShortsTestPerPin_st_pIForce_Even","I_B_SHRT_EVEN_nmiz","10986","0.1","0.1","0.1","GE","LE","1","1","1","V","7","OS_SHORT_PIN_F","8","F_OS","bad","","no",""
"PinShortsTestPerPin_st_pIForce_Even","I_B_SHRT_EVEN_pcieclkn","10987","0.1","0.1","0.1","GE","LE","1","1","1","V","7","OS_SHORT_PIN_F","8","F_OS","bad","","no",""
"PinShortsTestPerPin_st_pIForce_Even","I_B_SHRT_EVEN_pcieclkp","10988","0.1","0.1","0.1","GE","LE","1","1","1","V","7","OS_SHORT_PIN_F","8","F_OS","bad","","no",""
"PinShortsTestPerPin_st_pIForce_Even","I_B_SHRT_EVEN_plllock","10989","0.1","0.1","0.1","GE","LE","1","1","1","V","7","OS_SHORT_PIN_F","8","F_OS","bad","","no",""
"PinShortsTestPerPin_st_pIForce_Even","I_B_SHRT_EVEN_pllobsclkn","10990","0.1","0.1","0.1","GE","LE","1","1","1","V","7","OS_SHORT_PIN_F","8","F_OS","bad","","no",""
"PinShortsTestPerPin_st_pIForce_Even","I_B_SHRT_EVEN_pllobsclkp","10991","0.1","0.1","0.1","GE","LE","1","1","1","V","7","OS_SHORT_PIN_F","8","F_OS","bad","","no",""
"PinShortsTestPerPin_st_pIForce_Even","I_B_SHRT_EVEN_porz","10992","0.1","0.1","0.1","GE","LE","1.5","1.5","1.5","V","7","OS_SHORT_PIN_F","8","F_OS","bad","","no",""
"PinShortsTestPerPin_st_pIForce_Even","I_B_SHRT_EVEN_resetfullz","10993","0.1","0.1","0.1","GE","LE","1","1","1","V","7","OS_SHORT_PIN_F","8","F_OS","bad","","no",""
"PinShortsTestPerPin_st_pIForce_Even","I_B_SHRT_EVEN_resetstatz","10994","0.1","0.1","0.1","GE","LE","1","1","1","V","7","OS_SHORT_PIN_F","8","F_OS","bad","","no",""
"PinShortsTestPerPin_st_pIForce_Even","I_B_SHRT_EVEN_resetz","10995","0.1","0.1","0.1","GE","LE","1","1","1","V","7","OS_SHORT_PIN_F","8","F_OS","bad","","no",""
"PinShortsTestPerPin_st_pIForce_Even","I_B_SHRT_EVEN_scl0","10996","0.1","0.1","0.1","GE","LE","1","1","1","V","7","OS_SHORT_PIN_F","8","F_OS","bad","","no",""
"PinShortsTestPerPin_st_pIForce_Even","I_B_SHRT_EVEN_scl1","10997","0.1","0.1","0.1","GE","LE","1","1","1","V","7","OS_SHORT_PIN_F","8","F_OS","bad","","no",""
"PinShortsTestPerPin_st_pIForce_Even","I_B_SHRT_EVEN_scl2","10998","0.1","0.1","0.1","GE","LE","1","1","1","V","7","OS_SHORT_PIN_F","8","F_OS","bad","","no",""
"PinShortsTestPerPin_st_pIForce_Even","I_B_SHRT_EVEN_sda0","10999","0.1","0.1","0.1","GE","LE","1","1","1","V","7","OS_SHORT_PIN_F","8","F_OS","bad","","no",""
"PinShortsTestPerPin_st_pIForce_Even","I_B_SHRT_EVEN_sda1","11000","0.1","0.1","0.1","GE","LE","1","1","1","V","7","OS_SHORT_PIN_F","8","F_OS","bad","","no",""
"PinShortsTestPerPin_st_pIForce_Even","I_B_SHRT_EVEN_sda2","11001","0.1","0.1","0.1","GE","LE","1","1","1","V","7","OS_SHORT_PIN_F","8","F_OS","bad","","no",""
"PinShortsTestPerPin_st_pIForce_Even","I_B_SHRT_EVEN_sgmiiclkn","11002","0.1","0.1","0.1","GE","LE","1","1","1","V","7","OS_SHORT_PIN_F","8","F_OS","bad","","no",""
"PinShortsTestPerPin_st_pIForce_Even","I_B_SHRT_EVEN_sgmiiclkp","11003","0.1","0.1","0.1","GE","LE","1","1","1","V","7","OS_SHORT_PIN_F","8","F_OS","bad","","no",""
"PinShortsTestPerPin_st_pIForce_Even","I_B_SHRT_EVEN_sysclkout","11004","0.1","0.1","0.1","GE","LE","1","1","1","V","7","OS_SHORT_PIN_F","8","F_OS","bad","","no",""
"PinShortsTestPerPin_st_pIForce_Even","I_B_SHRT_EVEN_tck","11005","0.1","0.1","0.1","GE","LE","1","1","1","V","7","OS_SHORT_PIN_F","8","F_OS","bad","","no",""
"PinShortsTestPerPin_st_pIForce_Even","I_B_SHRT_EVEN_tdi","11006","0.1","0.1","0.1","GE","LE","1","1","1","V","7","OS_SHORT_PIN_F","8","F_OS","bad","","no",""
"PinShortsTestPerPin_st_pIForce_Even","I_B_SHRT_EVEN_tdo","11007","0.1","0.1","0.1","GE","LE","1","1","1","V","7","OS_SHORT_PIN_F","8","F_OS","bad","","no",""
"PinShortsTestPerPin_st_pIForce_Even","I_B_SHRT_EVEN_timi0","11008","0.1","0.1","0.1","GE","LE","1","1","1","V","7","OS_SHORT_PIN_F","8","F_OS","bad","","no",""
"PinShortsTestPerPin_st_pIForce_Even","I_B_SHRT_EVEN_timi1","11009","0.1","0.1","0.1","GE","LE","1","1","1","V","7","OS_SHORT_PIN_F","8","F_OS","bad","","no",""
"PinShortsTestPerPin_st_pIForce_Even","I_B_SHRT_EVEN_timo0","11010","0.1","0.1","0.1","GE","LE","1","1","1","V","7","OS_SHORT_PIN_F","8","F_OS","bad","","no",""
"PinShortsTestPerPin_st_pIForce_Even","I_B_SHRT_EVEN_timo1","11011","0.1","0.1","0.1","GE","LE","1","1","1","V","7","OS_SHORT_PIN_F","8","F_OS","bad","","no",""
"PinShortsTestPerPin_st_pIForce_Even","I_B_SHRT_EVEN_tms","11012","0.1","0.1","0.1","GE","LE","1","1","1","V","7","OS_SHORT_PIN_F","8","F_OS","bad","","no",""
"PinShortsTestPerPin_st_pIForce_Even","I_B_SHRT_EVEN_trstz","11013","0.1","0.1","0.1","GE","LE","1","1","1","V","7","OS_SHORT_PIN_F","8","F_OS","bad","","no",""
"PinShortsTestPerPin_st_pIForce_Even","I_B_SHRT_EVEN_tsrefclkn","11014","0.1","0.1","0.1","GE","LE","1","1","1","V","7","OS_SHORT_PIN_F","8","F_OS","bad","","no",""
"PinShortsTestPerPin_st_pIForce_Even","I_B_SHRT_EVEN_tsrefclkp","11015","0.1","0.1","0.1","GE","LE","1","1","1","V","7","OS_SHORT_PIN_F","8","F_OS","bad","","no",""
"PinShortsTestPerPin_st_pIForce_Even","I_B_SHRT_EVEN_tsrxclkout0n","11016","0.1","0.1","0.1","GE","LE","1","1","1","V","7","OS_SHORT_PIN_F","8","F_OS","bad","","no",""
"PinShortsTestPerPin_st_pIForce_Even","I_B_SHRT_EVEN_tsrxclkout0p","11017","0.1","0.1","0.1","GE","LE","1","1","1","V","7","OS_SHORT_PIN_F","8","F_OS","bad","","no",""
"PinShortsTestPerPin_st_pIForce_Even","I_B_SHRT_EVEN_uart0cts","11018","0.1","0.1","0.1","GE","LE","1","1","1","V","7","OS_SHORT_PIN_F","8","F_OS","bad","","no",""
"PinShortsTestPerPin_st_pIForce_Even","I_B_SHRT_EVEN_uart0rts","11019","0.1","0.1","0.1","GE","LE","1","1","1","V","7","OS_SHORT_PIN_F","8","F_OS","bad","","no",""
"PinShortsTestPerPin_st_pIForce_Even","I_B_SHRT_EVEN_uart0rxd","11020","0.1","0.1","0.1","GE","LE","1","1","1","V","7","OS_SHORT_PIN_F","8","F_OS","bad","","no",""
"PinShortsTestPerPin_st_pIForce_Even","I_B_SHRT_EVEN_uart0txd","11021","0.1","0.1","0.1","GE","LE","1","1","1","V","7","OS_SHORT_PIN_F","8","F_OS","bad","","no",""
"PinShortsTestPerPin_st_pIForce_Even","I_B_SHRT_EVEN_usbclkm","11022","0.1","0.1","0.1","GE","LE","1","1","1","V","7","OS_SHORT_PIN_F","8","F_OS","bad","","no",""
"PinShortsTestPerPin_st_pIForce_Even","I_B_SHRT_EVEN_usbclkp","11023","0.1","0.1","0.1","GE","LE","1","1","1","V","7","OS_SHORT_PIN_F","8","F_OS","bad","","no",""
"PinShortsTestPerPin_st_pIForce_Even","I_B_SHRT_EVEN_usbdrvvbus","11024","0.1","0.1","0.1","GE","LE","1","1","1","V","7","OS_SHORT_PIN_F","8","F_OS","bad","","no",""
"PinShortsTestPerPin_st_pIForce_Even","I_B_SHRT_EVEN_usbid0","11025","0.1","0.1","0.1","GE","LE","1","1","1","V","7","OS_SHORT_PIN_F","8","F_OS","bad","","no",""
"PinShortsTestPerPin_st_pIForce_Even","I_B_SHRT_EVEN_vcntl0","11026","0.1","0.1","0.1","GE","LE","1","1","1","V","7","OS_SHORT_PIN_F","8","F_OS","bad","","no",""
"PinShortsTestPerPin_st_pIForce_Even","I_B_SHRT_EVEN_vcntl1","11027","0.1","0.1","0.1","GE","LE","1","1","1","V","7","OS_SHORT_PIN_F","8","F_OS","bad","","no",""
"PinShortsTestPerPin_st_pIForce_Even","I_B_SHRT_EVEN_vcntl2","11028","0.1","0.1","0.1","GE","LE","1","1","1","V","7","OS_SHORT_PIN_F","8","F_OS","bad","","no",""
"PinShortsTestPerPin_st_pIForce_Even","I_B_SHRT_EVEN_vcntl3","11029","0.1","0.1","0.1","GE","LE","1","1","1","V","7","OS_SHORT_PIN_F","8","F_OS","bad","","no",""
"PinShortsTestPerPin_st_pIForce_Even","I_B_SHRT_EVEN_vcntl4","11030","0.1","0.1","0.1","GE","LE","1","1","1","V","7","OS_SHORT_PIN_F","8","F_OS","bad","","no",""
"PinShortsTestPerPin_st_pIForce_Even","I_B_SHRT_EVEN_vcntl5","11031","0.1","0.1","0.1","GE","LE","1","1","1","V","7","OS_SHORT_PIN_F","8","F_OS","bad","","no",""
"PinShortsTestPerPin_st_nIForce_Odd","I_B_SHRT_ODD_bootcomplete","11032","-1.85","-1.85","-1.85","GE","LE","-0.1","-0.1","-0.1","V","7","OS_SHORT_PIN_F","8","F_OS","bad","","no",""
"PinShortsTestPerPin_st_nIForce_Odd","I_B_SHRT_ODD_coreclksel0","11033","-1.85","-1.85","-1.85","GE","LE","-0.1","-0.1","-0.1","V","7","OS_SHORT_PIN_F","8","F_OS","bad","","no",""
"PinShortsTestPerPin_st_nIForce_Odd","I_B_SHRT_ODD_coreclksel1","11034","-1.85","-1.85","-1.85","GE","LE","-0.1","-0.1","-0.1","V","7","OS_SHORT_PIN_F","8","F_OS","bad","","no",""
"PinShortsTestPerPin_st_nIForce_Odd","I_B_SHRT_ODD_coresel0","11035","-1.85","-1.85","-1.85","GE","LE","-0.1","-0.1","-0.1","V","7","OS_SHORT_PIN_F","8","F_OS","bad","","no",""
"PinShortsTestPerPin_st_nIForce_Odd","I_B_SHRT_ODD_coresel1","11036","-1.85","-1.85","-1.85","GE","LE","-0.1","-0.1","-0.1","V","7","OS_SHORT_PIN_F","8","F_OS","bad","","no",""
"PinShortsTestPerPin_st_nIForce_Odd","I_B_SHRT_ODD_coresel2","11037","-1.85","-1.85","-1.85","GE","LE","-0.1","-0.1","-0.1","V","7","OS_SHORT_PIN_F","8","F_OS","bad","","no",""
"PinShortsTestPerPin_st_nIForce_Odd","I_B_SHRT_ODD_csisc2_0_refclkn","11038","-1.85","-1.85","-1.85","GE","LE","-0.1","-0.1","-0.1","V","7","OS_SHORT_PIN_F","8","F_OS","bad","","no",""
"PinShortsTestPerPin_st_nIForce_Odd","I_B_SHRT_ODD_csisc2_0_refclkp","11039","-1.85","-1.85","-1.85","GE","LE","-0.1","-0.1","-0.1","V","7","OS_SHORT_PIN_F","8","F_OS","bad","","no",""
"PinShortsTestPerPin_st_nIForce_Odd","I_B_SHRT_ODD_csisc2_0_test","11040","-1.85","-1.85","-1.85","GE","LE","-0.1","-0.1","-0.1","V","7","OS_SHORT_PIN_F","8","F_OS","bad","","no",""
"PinShortsTestPerPin_st_nIForce_Odd","I_B_SHRT_ODD_csisc2_1_refclkn","11041","-1.85","-1.85","-1.85","GE","LE","-0.1","-0.1","-0.1","V","7","OS_SHORT_PIN_F","8","F_OS","bad","","no",""
"PinShortsTestPerPin_st_nIForce_Odd","I_B_SHRT_ODD_csisc2_1_refclkp","11042","-1.85","-1.85","-1.85","GE","LE","-0.1","-0.1","-0.1","V","7","OS_SHORT_PIN_F","8","F_OS","bad","","no",""
"PinShortsTestPerPin_st_nIForce_Odd","I_B_SHRT_ODD_csisc2_1_test","11043","-1.85","-1.85","-1.85","GE","LE","-0.1","-0.1","-0.1","V","7","OS_SHORT_PIN_F","8","F_OS","bad","","no",""
"PinShortsTestPerPin_st_nIForce_Odd","I_B_SHRT_ODD_csisc2_2_test","11044","-1.85","-1.85","-1.85","GE","LE","-0.1","-0.1","-0.1","V","7","OS_SHORT_PIN_F","8","F_OS","bad","","no",""
"PinShortsTestPerPin_st_nIForce_Odd","I_B_SHRT_ODD_csisc2_3_test","11045","-1.85","-1.85","-1.85","GE","LE","-0.1","-0.1","-0.1","V","7","OS_SHORT_PIN_F","8","F_OS","bad","","no",""
"PinShortsTestPerPin_st_nIForce_Odd","I_B_SHRT_ODD_ddr3aclkoutn0","11046","-1.85","-1.85","-1.85","GE","LE","-0.1","-0.1","-0.1","V","7","OS_SHORT_PIN_F","8","F_OS","bad","","no",""
"PinShortsTestPerPin_st_nIForce_Odd","I_B_SHRT_ODD_ddr3aclkoutn1","11047","-1.85","-1.85","-1.85","GE","LE","-0.1","-0.1","-0.1","V","7","OS_SHORT_PIN_F","8","F_OS","bad","","no",""
"PinShortsTestPerPin_st_nIForce_Odd","I_B_SHRT_ODD_ddr3aclkoutp0","11048","-1.85","-1.85","-1.85","GE","LE","-0.1","-0.1","-0.1","V","7","OS_SHORT_PIN_F","8","F_OS","bad","","no",""
"PinShortsTestPerPin_st_nIForce_Odd","I_B_SHRT_ODD_ddr3aclkoutp1","11049","-1.85","-1.85","-1.85","GE","LE","-0.1","-0.1","-0.1","V","7","OS_SHORT_PIN_F","8","F_OS","bad","","no",""
"PinShortsTestPerPin_st_nIForce_Odd","I_B_SHRT_ODD_ddr3adto0","11050","-1.85","-1.85","-1.85","GE","LE","-0.1","-0.1","-0.1","V","7","OS_SHORT_PIN_F","8","F_OS","bad","","no",""
"PinShortsTestPerPin_st_nIForce_Odd","I_B_SHRT_ODD_ddr3adto1","11051","-1.85","-1.85","-1.85","GE","LE","-0.1","-0.1","-0.1","V","7","OS_SHORT_PIN_F","8","F_OS","bad","","no",""
"PinShortsTestPerPin_st_nIForce_Odd","I_B_SHRT_ODD_dfesysrefn","11052","-1.85","-1.85","-1.85","GE","LE","-0.1","-0.1","-0.1","V","7","OS_SHORT_PIN_F","8","F_OS","bad","","no",""
"PinShortsTestPerPin_st_nIForce_Odd","I_B_SHRT_ODD_dfesysrefp","11053","-1.85","-1.85","-1.85","GE","LE","-0.1","-0.1","-0.1","V","7","OS_SHORT_PIN_F","8","F_OS","bad","","no",""
"PinShortsTestPerPin_st_nIForce_Odd","I_B_SHRT_ODD_emu00","11054","-1.85","-1.85","-1.85","GE","LE","-0.1","-0.1","-0.1","V","7","OS_SHORT_PIN_F","8","F_OS","bad","","no",""
"PinShortsTestPerPin_st_nIForce_Odd","I_B_SHRT_ODD_emu01","11055","-1.85","-1.85","-1.85","GE","LE","-0.1","-0.1","-0.1","V","7","OS_SHORT_PIN_F","8","F_OS","bad","","no",""
"PinShortsTestPerPin_st_nIForce_Odd","I_B_SHRT_ODD_emu02","11056","-1.85","-1.85","-1.85","GE","LE","-0.1","-0.1","-0.1","V","7","OS_SHORT_PIN_F","8","F_OS","bad","","no",""
"PinShortsTestPerPin_st_nIForce_Odd","I_B_SHRT_ODD_emu03","11057","-1.85","-1.85","-1.85","GE","LE","-0.1","-0.1","-0.1","V","7","OS_SHORT_PIN_F","8","F_OS","bad","","no",""
"PinShortsTestPerPin_st_nIForce_Odd","I_B_SHRT_ODD_emu04","11058","-1.85","-1.85","-1.85","GE","LE","-0.1","-0.1","-0.1","V","7","OS_SHORT_PIN_F","8","F_OS","bad","","no",""
"PinShortsTestPerPin_st_nIForce_Odd","I_B_SHRT_ODD_emu05","11059","-1.85","-1.85","-1.85","GE","LE","-0.1","-0.1","-0.1","V","7","OS_SHORT_PIN_F","8","F_OS","bad","","no",""
"PinShortsTestPerPin_st_nIForce_Odd","I_B_SHRT_ODD_emu06","11060","-1.85","-1.85","-1.85","GE","LE","-0.1","-0.1","-0.1","V","7","OS_SHORT_PIN_F","8","F_OS","bad","","no",""
"PinShortsTestPerPin_st_nIForce_Odd","I_B_SHRT_ODD_emu07","11061","-1.85","-1.85","-1.85","GE","LE","-0.1","-0.1","-0.1","V","7","OS_SHORT_PIN_F","8","F_OS","bad","","no",""
"PinShortsTestPerPin_st_nIForce_Odd","I_B_SHRT_ODD_emu08","11062","-1.85","-1.85","-1.85","GE","LE","-0.1","-0.1","-0.1","V","7","OS_SHORT_PIN_F","8","F_OS","bad","","no",""
"PinShortsTestPerPin_st_nIForce_Odd","I_B_SHRT_ODD_emu09","11063","-1.85","-1.85","-1.85","GE","LE","-0.1","-0.1","-0.1","V","7","OS_SHORT_PIN_F","8","F_OS","bad","","no",""
"PinShortsTestPerPin_st_nIForce_Odd","I_B_SHRT_ODD_emu10","11064","-1.85","-1.85","-1.85","GE","LE","-0.1","-0.1","-0.1","V","7","OS_SHORT_PIN_F","8","F_OS","bad","","no",""
"PinShortsTestPerPin_st_nIForce_Odd","I_B_SHRT_ODD_emu11","11065","-1.85","-1.85","-1.85","GE","LE","-0.1","-0.1","-0.1","V","7","OS_SHORT_PIN_F","8","F_OS","bad","","no",""
"PinShortsTestPerPin_st_nIForce_Odd","I_B_SHRT_ODD_emu12","11066","-1.85","-1.85","-1.85","GE","LE","-0.1","-0.1","-0.1","V","7","OS_SHORT_PIN_F","8","F_OS","bad","","no",""
"PinShortsTestPerPin_st_nIForce_Odd","I_B_SHRT_ODD_emu13","11067","-1.85","-1.85","-1.85","GE","LE","-0.1","-0.1","-0.1","V","7","OS_SHORT_PIN_F","8","F_OS","bad","","no",""
"PinShortsTestPerPin_st_nIForce_Odd","I_B_SHRT_ODD_emu14","11068","-1.85","-1.85","-1.85","GE","LE","-0.1","-0.1","-0.1","V","7","OS_SHORT_PIN_F","8","F_OS","bad","","no",""
"PinShortsTestPerPin_st_nIForce_Odd","I_B_SHRT_ODD_emu15","11069","-1.85","-1.85","-1.85","GE","LE","-0.1","-0.1","-0.1","V","7","OS_SHORT_PIN_F","8","F_OS","bad","","no",""
"PinShortsTestPerPin_st_nIForce_Odd","I_B_SHRT_ODD_emu16","11070","-1.85","-1.85","-1.85","GE","LE","-0.1","-0.1","-0.1","V","7","OS_SHORT_PIN_F","8","F_OS","bad","","no",""
"PinShortsTestPerPin_st_nIForce_Odd","I_B_SHRT_ODD_emu17","11071","-1.85","-1.85","-1.85","GE","LE","-0.1","-0.1","-0.1","V","7","OS_SHORT_PIN_F","8","F_OS","bad","","no",""
"PinShortsTestPerPin_st_nIForce_Odd","I_B_SHRT_ODD_emu18","11072","-1.85","-1.85","-1.85","GE","LE","-0.1","-0.1","-0.1","V","7","OS_SHORT_PIN_F","8","F_OS","bad","","no",""
"PinShortsTestPerPin_st_nIForce_Odd","I_B_SHRT_ODD_gpio00","11073","-1.85","-1.85","-1.85","GE","LE","-0.1","-0.1","-0.1","V","7","OS_SHORT_PIN_F","8","F_OS","bad","","no",""
"PinShortsTestPerPin_st_nIForce_Odd","I_B_SHRT_ODD_gpio01","11074","-1.85","-1.85","-1.85","GE","LE","-0.1","-0.1","-0.1","V","7","OS_SHORT_PIN_F","8","F_OS","bad","","no",""
"PinShortsTestPerPin_st_nIForce_Odd","I_B_SHRT_ODD_gpio02","11075","-1.85","-1.85","-1.85","GE","LE","-0.1","-0.1","-0.1","V","7","OS_SHORT_PIN_F","8","F_OS","bad","","no",""
"PinShortsTestPerPin_st_nIForce_Odd","I_B_SHRT_ODD_gpio03","11076","-1.85","-1.85","-1.85","GE","LE","-0.1","-0.1","-0.1","V","7","OS_SHORT_PIN_F","8","F_OS","bad","","no",""
"PinShortsTestPerPin_st_nIForce_Odd","I_B_SHRT_ODD_gpio04","11077","-1.85","-1.85","-1.85","GE","LE","-0.1","-0.1","-0.1","V","7","OS_SHORT_PIN_F","8","F_OS","bad","","no",""
"PinShortsTestPerPin_st_nIForce_Odd","I_B_SHRT_ODD_gpio05","11078","-1.85","-1.85","-1.85","GE","LE","-0.1","-0.1","-0.1","V","7","OS_SHORT_PIN_F","8","F_OS","bad","","no",""
"PinShortsTestPerPin_st_nIForce_Odd","I_B_SHRT_ODD_gpio06","11079","-1.85","-1.85","-1.85","GE","LE","-0.1","-0.1","-0.1","V","7","OS_SHORT_PIN_F","8","F_OS","bad","","no",""
"PinShortsTestPerPin_st_nIForce_Odd","I_B_SHRT_ODD_gpio07","11080","-1.85","-1.85","-1.85","GE","LE","-0.1","-0.1","-0.1","V","7","OS_SHORT_PIN_F","8","F_OS","bad","","no",""
"PinShortsTestPerPin_st_nIForce_Odd","I_B_SHRT_ODD_gpio08","11081","-1.85","-1.85","-1.85","GE","LE","-0.1","-0.1","-0.1","V","7","OS_SHORT_PIN_F","8","F_OS","bad","","no",""
"PinShortsTestPerPin_st_nIForce_Odd","I_B_SHRT_ODD_gpio09","11082","-1.85","-1.85","-1.85","GE","LE","-0.1","-0.1","-0.1","V","7","OS_SHORT_PIN_F","8","F_OS","bad","","no",""
"PinShortsTestPerPin_st_nIForce_Odd","I_B_SHRT_ODD_gpio10","11083","-1.85","-1.85","-1.85","GE","LE","-0.1","-0.1","-0.1","V","7","OS_SHORT_PIN_F","8","F_OS","bad","","no",""
"PinShortsTestPerPin_st_nIForce_Odd","I_B_SHRT_ODD_gpio11","11084","-1.85","-1.85","-1.85","GE","LE","-0.1","-0.1","-0.1","V","7","OS_SHORT_PIN_F","8","F_OS","bad","","no",""
"PinShortsTestPerPin_st_nIForce_Odd","I_B_SHRT_ODD_gpio12","11085","-1.85","-1.85","-1.85","GE","LE","-0.1","-0.1","-0.1","V","7","OS_SHORT_PIN_F","8","F_OS","bad","","no",""
"PinShortsTestPerPin_st_nIForce_Odd","I_B_SHRT_ODD_gpio13","11086","-1.85","-1.85","-1.85","GE","LE","-0.1","-0.1","-0.1","V","7","OS_SHORT_PIN_F","8","F_OS","bad","","no",""
"PinShortsTestPerPin_st_nIForce_Odd","I_B_SHRT_ODD_gpio14","11087","-1.85","-1.85","-1.85","GE","LE","-0.1","-0.1","-0.1","V","7","OS_SHORT_PIN_F","8","F_OS","bad","","no",""
"PinShortsTestPerPin_st_nIForce_Odd","I_B_SHRT_ODD_gpio15","11088","-1.85","-1.85","-1.85","GE","LE","-0.1","-0.1","-0.1","V","7","OS_SHORT_PIN_F","8","F_OS","bad","","no",""
"PinShortsTestPerPin_st_nIForce_Odd","I_B_SHRT_ODD_gpio16","11089","-1.85","-1.85","-1.85","GE","LE","-0.1","-0.1","-0.1","V","7","OS_SHORT_PIN_F","8","F_OS","bad","","no",""
"PinShortsTestPerPin_st_nIForce_Odd","I_B_SHRT_ODD_gpio17","11090","-1.85","-1.85","-1.85","GE","LE","-0.1","-0.1","-0.1","V","7","OS_SHORT_PIN_F","8","F_OS","bad","","no",""
"PinShortsTestPerPin_st_nIForce_Odd","I_B_SHRT_ODD_gpio18","11091","-1.85","-1.85","-1.85","GE","LE","-0.1","-0.1","-0.1","V","7","OS_SHORT_PIN_F","8","F_OS","bad","","no",""
"PinShortsTestPerPin_st_nIForce_Odd","I_B_SHRT_ODD_gpio19","11092","-1.85","-1.85","-1.85","GE","LE","-0.1","-0.1","-0.1","V","7","OS_SHORT_PIN_F","8","F_OS","bad","","no",""
"PinShortsTestPerPin_st_nIForce_Odd","I_B_SHRT_ODD_lresetnmienz","11093","-1.85","-1.85","-1.85","GE","LE","-0.1","-0.1","-0.1","V","7","OS_SHORT_PIN_F","8","F_OS","bad","","no",""
"PinShortsTestPerPin_st_nIForce_Odd","I_B_SHRT_ODD_lresetz","11094","-1.85","-1.85","-1.85","GE","LE","-0.1","-0.1","-0.1","V","7","OS_SHORT_PIN_F","8","F_OS","bad","","no",""
"PinShortsTestPerPin_st_nIForce_Odd","I_B_SHRT_ODD_mdclk","11095","-1.85","-1.85","-1.85","GE","LE","-0.1","-0.1","-0.1","V","7","OS_SHORT_PIN_F","8","F_OS","bad","","no",""
"PinShortsTestPerPin_st_nIForce_Odd","I_B_SHRT_ODD_mdio","11096","-1.85","-1.85","-1.85","GE","LE","-0.1","-0.1","-0.1","V","7","OS_SHORT_PIN_F","8","F_OS","bad","","no",""
"PinShortsTestPerPin_st_nIForce_Odd","I_B_SHRT_ODD_nmiz","11097","-1.85","-1.85","-1.85","GE","LE","-0.1","-0.1","-0.1","V","7","OS_SHORT_PIN_F","8","F_OS","bad","","no",""
"PinShortsTestPerPin_st_nIForce_Odd","I_B_SHRT_ODD_pcieclkn","11098","-1.85","-1.85","-1.85","GE","LE","-0.1","-0.1","-0.1","V","7","OS_SHORT_PIN_F","8","F_OS","bad","","no",""
"PinShortsTestPerPin_st_nIForce_Odd","I_B_SHRT_ODD_pcieclkp","11099","-1.85","-1.85","-1.85","GE","LE","-0.1","-0.1","-0.1","V","7","OS_SHORT_PIN_F","8","F_OS","bad","","no",""
"PinShortsTestPerPin_st_nIForce_Odd","I_B_SHRT_ODD_plllock","11100","-1.85","-1.85","-1.85","GE","LE","-0.1","-0.1","-0.1","V","7","OS_SHORT_PIN_F","8","F_OS","bad","","no",""
"PinShortsTestPerPin_st_nIForce_Odd","I_B_SHRT_ODD_pllobsclkn","11101","-1.85","-1.85","-1.85","GE","LE","-0.1","-0.1","-0.1","V","7","OS_SHORT_PIN_F","8","F_OS","bad","","no",""
"PinShortsTestPerPin_st_nIForce_Odd","I_B_SHRT_ODD_pllobsclkp","11102","-1.85","-1.85","-1.85","GE","LE","-0.1","-0.1","-0.1","V","7","OS_SHORT_PIN_F","8","F_OS","bad","","no",""
"PinShortsTestPerPin_st_nIForce_Odd","I_B_SHRT_ODD_porz","11103","-1.85","-1.85","-1.85","GE","LE","-0.1","-0.1","-0.1","V","7","OS_SHORT_PIN_F","8","F_OS","bad","","no",""
"PinShortsTestPerPin_st_nIForce_Odd","I_B_SHRT_ODD_resetfullz","11104","-1.85","-1.85","-1.85","GE","LE","-0.1","-0.1","-0.1","V","7","OS_SHORT_PIN_F","8","F_OS","bad","","no",""
"PinShortsTestPerPin_st_nIForce_Odd","I_B_SHRT_ODD_resetstatz","11105","-1.85","-1.85","-1.85","GE","LE","-0.1","-0.1","-0.1","V","7","OS_SHORT_PIN_F","8","F_OS","bad","","no",""
"PinShortsTestPerPin_st_nIForce_Odd","I_B_SHRT_ODD_resetz","11106","-1.85","-1.85","-1.85","GE","LE","-0.1","-0.1","-0.1","V","7","OS_SHORT_PIN_F","8","F_OS","bad","","no",""
"PinShortsTestPerPin_st_nIForce_Odd","I_B_SHRT_ODD_scl0","11107","-1.85","-1.85","-1.85","GE","LE","-0.1","-0.1","-0.1","V","7","OS_SHORT_PIN_F","8","F_OS","bad","","no",""
"PinShortsTestPerPin_st_nIForce_Odd","I_B_SHRT_ODD_scl1","11108","-1.85","-1.85","-1.85","GE","LE","-0.1","-0.1","-0.1","V","7","OS_SHORT_PIN_F","8","F_OS","bad","","no",""
"PinShortsTestPerPin_st_nIForce_Odd","I_B_SHRT_ODD_scl2","11109","-1.85","-1.85","-1.85","GE","LE","-0.1","-0.1","-0.1","V","7","OS_SHORT_PIN_F","8","F_OS","bad","","no",""
"PinShortsTestPerPin_st_nIForce_Odd","I_B_SHRT_ODD_sda0","11110","-1.85","-1.85","-1.85","GE","LE","-0.1","-0.1","-0.1","V","7","OS_SHORT_PIN_F","8","F_OS","bad","","no",""
"PinShortsTestPerPin_st_nIForce_Odd","I_B_SHRT_ODD_sda1","11111","-1.85","-1.85","-1.85","GE","LE","-0.1","-0.1","-0.1","V","7","OS_SHORT_PIN_F","8","F_OS","bad","","no",""
"PinShortsTestPerPin_st_nIForce_Odd","I_B_SHRT_ODD_sda2","11112","-1.85","-1.85","-1.85","GE","LE","-0.1","-0.1","-0.1","V","7","OS_SHORT_PIN_F","8","F_OS","bad","","no",""
"PinShortsTestPerPin_st_nIForce_Odd","I_B_SHRT_ODD_sgmiiclkn","11113","-1.85","-1.85","-1.85","GE","LE","-0.1","-0.1","-0.1","V","7","OS_SHORT_PIN_F","8","F_OS","bad","","no",""
"PinShortsTestPerPin_st_nIForce_Odd","I_B_SHRT_ODD_sgmiiclkp","11114","-1.85","-1.85","-1.85","GE","LE","-0.1","-0.1","-0.1","V","7","OS_SHORT_PIN_F","8","F_OS","bad","","no",""
"PinShortsTestPerPin_st_nIForce_Odd","I_B_SHRT_ODD_sysclkout","11115","-1.85","-1.85","-1.85","GE","LE","-0.1","-0.1","-0.1","V","7","OS_SHORT_PIN_F","8","F_OS","bad","","no",""
"PinShortsTestPerPin_st_nIForce_Odd","I_B_SHRT_ODD_tck","11116","-1.85","-1.85","-1.85","GE","LE","-0.1","-0.1","-0.1","V","7","OS_SHORT_PIN_F","8","F_OS","bad","","no",""
"PinShortsTestPerPin_st_nIForce_Odd","I_B_SHRT_ODD_tdi","11117","-1.85","-1.85","-1.85","GE","LE","-0.1","-0.1","-0.1","V","7","OS_SHORT_PIN_F","8","F_OS","bad","","no",""
"PinShortsTestPerPin_st_nIForce_Odd","I_B_SHRT_ODD_tdo","11118","-1.85","-1.85","-1.85","GE","LE","-0.1","-0.1","-0.1","V","7","OS_SHORT_PIN_F","8","F_OS","bad","","no",""
"PinShortsTestPerPin_st_nIForce_Odd","I_B_SHRT_ODD_timi0","11119","-1.85","-1.85","-1.85","GE","LE","-0.1","-0.1","-0.1","V","7","OS_SHORT_PIN_F","8","F_OS","bad","","no",""
"PinShortsTestPerPin_st_nIForce_Odd","I_B_SHRT_ODD_timi1","11120","-1.85","-1.85","-1.85","GE","LE","-0.1","-0.1","-0.1","V","7","OS_SHORT_PIN_F","8","F_OS","bad","","no",""
"PinShortsTestPerPin_st_nIForce_Odd","I_B_SHRT_ODD_timo0","11121","-1.85","-1.85","-1.85","GE","LE","-0.1","-0.1","-0.1","V","7","OS_SHORT_PIN_F","8","F_OS","bad","","no",""
"PinShortsTestPerPin_st_nIForce_Odd","I_B_SHRT_ODD_timo1","11122","-1.85","-1.85","-1.85","GE","LE","-0.1","-0.1","-0.1","V","7","OS_SHORT_PIN_F","8","F_OS","bad","","no",""
"PinShortsTestPerPin_st_nIForce_Odd","I_B_SHRT_ODD_tms","11123","-1.85","-1.85","-1.85","GE","LE","-0.1","-0.1","-0.1","V","7","OS_SHORT_PIN_F","8","F_OS","bad","","no",""
"PinShortsTestPerPin_st_nIForce_Odd","I_B_SHRT_ODD_trstz","11124","-1.85","-1.85","-1.85","GE","LE","-0.1","-0.1","-0.1","V","7","OS_SHORT_PIN_F","8","F_OS","bad","","no",""
"PinShortsTestPerPin_st_nIForce_Odd","I_B_SHRT_ODD_tsrefclkn","11125","-1.85","-1.85","-1.85","GE","LE","-0.1","-0.1","-0.1","V","7","OS_SHORT_PIN_F","8","F_OS","bad","","no",""
"PinShortsTestPerPin_st_nIForce_Odd","I_B_SHRT_ODD_tsrefclkp","11126","-1.85","-1.85","-1.85","GE","LE","-0.1","-0.1","-0.1","V","7","OS_SHORT_PIN_F","8","F_OS","bad","","no",""
"PinShortsTestPerPin_st_nIForce_Odd","I_B_SHRT_ODD_tsrxclkout0n","11127","-1.85","-1.85","-1.85","GE","LE","-0.1","-0.1","-0.1","V","7","OS_SHORT_PIN_F","8","F_OS","bad","","no",""
"PinShortsTestPerPin_st_nIForce_Odd","I_B_SHRT_ODD_tsrxclkout0p","11128","-1.85","-1.85","-1.85","GE","LE","-0.1","-0.1","-0.1","V","7","OS_SHORT_PIN_F","8","F_OS","bad","","no",""
"PinShortsTestPerPin_st_nIForce_Odd","I_B_SHRT_ODD_uart0cts","11129","-1.85","-1.85","-1.85","GE","LE","-0.1","-0.1","-0.1","V","7","OS_SHORT_PIN_F","8","F_OS","bad","","no",""
"PinShortsTestPerPin_st_nIForce_Odd","I_B_SHRT_ODD_uart0rts","11130","-1.85","-1.85","-1.85","GE","LE","-0.1","-0.1","-0.1","V","7","OS_SHORT_PIN_F","8","F_OS","bad","","no",""
"PinShortsTestPerPin_st_nIForce_Odd","I_B_SHRT_ODD_uart0rxd","11131","-1.85","-1.85","-1.85","GE","LE","-0.1","-0.1","-0.1","V","7","OS_SHORT_PIN_F","8","F_OS","bad","","no",""
"PinShortsTestPerPin_st_nIForce_Odd","I_B_SHRT_ODD_uart0txd","11132","-1.85","-1.85","-1.85","GE","LE","-0.1","-0.1","-0.1","V","7","OS_SHORT_PIN_F","8","F_OS","bad","","no",""
"PinShortsTestPerPin_st_nIForce_Odd","I_B_SHRT_ODD_usbclkm","11133","-1.85","-1.85","-1.85","GE","LE","-0.1","-0.1","-0.1","V","7","OS_SHORT_PIN_F","8","F_OS","bad","","no",""
"PinShortsTestPerPin_st_nIForce_Odd","I_B_SHRT_ODD_usbclkp","11134","-1.85","-1.85","-1.85","GE","LE","-0.1","-0.1","-0.1","V","7","OS_SHORT_PIN_F","8","F_OS","bad","","no",""
"PinShortsTestPerPin_st_nIForce_Odd","I_B_SHRT_ODD_usbdrvvbus","11135","-1.85","-1.85","-1.85","GE","LE","-0.1","-0.1","-0.1","V","7","OS_SHORT_PIN_F","8","F_OS","bad","","no",""
"PinShortsTestPerPin_st_nIForce_Odd","I_B_SHRT_ODD_usbid0","11136","-1.85","-1.85","-1.85","GE","LE","-0.1","-0.1","-0.1","V","7","OS_SHORT_PIN_F","8","F_OS","bad","","no",""
"PinShortsTestPerPin_st_nIForce_Odd","I_B_SHRT_ODD_vcntl0","11137","-1.85","-1.85","-1.85","GE","LE","-0.1","-0.1","-0.1","V","7","OS_SHORT_PIN_F","8","F_OS","bad","","no",""
"PinShortsTestPerPin_st_nIForce_Odd","I_B_SHRT_ODD_vcntl1","11138","-1.85","-1.85","-1.85","GE","LE","-0.1","-0.1","-0.1","V","7","OS_SHORT_PIN_F","8","F_OS","bad","","no",""
"PinShortsTestPerPin_st_nIForce_Odd","I_B_SHRT_ODD_vcntl2","11139","-1.85","-1.85","-1.85","GE","LE","-0.1","-0.1","-0.1","V","7","OS_SHORT_PIN_F","8","F_OS","bad","","no",""
"PinShortsTestPerPin_st_nIForce_Odd","I_B_SHRT_ODD_vcntl3","11140","-1.85","-1.85","-1.85","GE","LE","-0.1","-0.1","-0.1","V","7","OS_SHORT_PIN_F","8","F_OS","bad","","no",""
"PinShortsTestPerPin_st_nIForce_Odd","I_B_SHRT_ODD_vcntl4","11141","-1.85","-1.85","-1.85","GE","LE","-0.1","-0.1","-0.1","V","7","OS_SHORT_PIN_F","8","F_OS","bad","","no",""
"PinShortsTestPerPin_st_nIForce_Odd","I_B_SHRT_ODD_vcntl5","11142","-1.85","-1.85","-1.85","GE","LE","-0.1","-0.1","-0.1","V","7","OS_SHORT_PIN_F","8","F_OS","bad","","no",""
"PinShortsTestPerPin_st_pIForce_Odd","I_B_SHRT_ODD_bootcomplete","11143","0.1","0.1","0.1","GE","LE","1","1","1","V","7","OS_SHORT_PIN_F","8","F_OS","bad","","no",""
"PinShortsTestPerPin_st_pIForce_Odd","I_B_SHRT_ODD_coreclksel0","11144","0.1","0.1","0.1","GE","LE","1","1","1","V","7","OS_SHORT_PIN_F","8","F_OS","bad","","no",""
"PinShortsTestPerPin_st_pIForce_Odd","I_B_SHRT_ODD_coreclksel1","11145","0.1","0.1","0.1","GE","LE","1","1","1","V","7","OS_SHORT_PIN_F","8","F_OS","bad","","no",""
"PinShortsTestPerPin_st_pIForce_Odd","I_B_SHRT_ODD_coresel0","11146","0.1","0.1","0.1","GE","LE","1","1","1","V","7","OS_SHORT_PIN_F","8","F_OS","bad","","no",""
"PinShortsTestPerPin_st_pIForce_Odd","I_B_SHRT_ODD_coresel1","11147","0.1","0.1","0.1","GE","LE","1","1","1","V","7","OS_SHORT_PIN_F","8","F_OS","bad","","no",""
"PinShortsTestPerPin_st_pIForce_Odd","I_B_SHRT_ODD_coresel2","11148","0.1","0.1","0.1","GE","LE","1","1","1","V","7","OS_SHORT_PIN_F","8","F_OS","bad","","no",""
"PinShortsTestPerPin_st_pIForce_Odd","I_B_SHRT_ODD_csisc2_0_refclkn","11149","0.1","0.1","0.1","GE","LE","1","1","1","V","7","OS_SHORT_PIN_F","8","F_OS","bad","","no",""
"PinShortsTestPerPin_st_pIForce_Odd","I_B_SHRT_ODD_csisc2_0_refclkp","11150","0.1","0.1","0.1","GE","LE","1","1","1","V","7","OS_SHORT_PIN_F","8","F_OS","bad","","no",""
"PinShortsTestPerPin_st_pIForce_Odd","I_B_SHRT_ODD_csisc2_0_test","11151","0.1","0.1","0.1","GE","LE","1","1","1","V","7","OS_SHORT_PIN_F","8","F_OS","bad","","no",""
"PinShortsTestPerPin_st_pIForce_Odd","I_B_SHRT_ODD_csisc2_1_refclkn","11152","0.1","0.1","0.1","GE","LE","1","1","1","V","7","OS_SHORT_PIN_F","8","F_OS","bad","","no",""
"PinShortsTestPerPin_st_pIForce_Odd","I_B_SHRT_ODD_csisc2_1_refclkp","11153","0.1","0.1","0.1","GE","LE","1","1","1","V","7","OS_SHORT_PIN_F","8","F_OS","bad","","no",""
"PinShortsTestPerPin_st_pIForce_Odd","I_B_SHRT_ODD_csisc2_1_test","11154","0.1","0.1","0.1","GE","LE","1","1","1","V","7","OS_SHORT_PIN_F","8","F_OS","bad","","no",""
"PinShortsTestPerPin_st_pIForce_Odd","I_B_SHRT_ODD_csisc2_2_test","11155","0.1","0.1","0.1","GE","LE","1","1","1","V","7","OS_SHORT_PIN_F","8","F_OS","bad","","no",""
"PinShortsTestPerPin_st_pIForce_Odd","I_B_SHRT_ODD_csisc2_3_test","11156","0.1","0.1","0.1","GE","LE","1","1","1","V","7","OS_SHORT_PIN_F","8","F_OS","bad","","no",""
"PinShortsTestPerPin_st_pIForce_Odd","I_B_SHRT_ODD_ddr3aclkoutn0","11157","0.1","0.1","0.1","GE","LE","1","1","1","V","7","OS_SHORT_PIN_F","8","F_OS","bad","","no",""
"PinShortsTestPerPin_st_pIForce_Odd","I_B_SHRT_ODD_ddr3aclkoutn1","11158","0.1","0.1","0.1","GE","LE","1","1","1","V","7","OS_SHORT_PIN_F","8","F_OS","bad","","no",""
"PinShortsTestPerPin_st_pIForce_Odd","I_B_SHRT_ODD_ddr3aclkoutp0","11159","0.1","0.1","0.1","GE","LE","1","1","1","V","7","OS_SHORT_PIN_F","8","F_OS","bad","","no",""
"PinShortsTestPerPin_st_pIForce_Odd","I_B_SHRT_ODD_ddr3aclkoutp1","11160","0.1","0.1","0.1","GE","LE","1","1","1","V","7","OS_SHORT_PIN_F","8","F_OS","bad","","no",""
"PinShortsTestPerPin_st_pIForce_Odd","I_B_SHRT_ODD_ddr3adto0","11161","0.1","0.1","0.1","GE","LE","1","1","1","V","7","OS_SHORT_PIN_F","8","F_OS","bad","","no",""
"PinShortsTestPerPin_st_pIForce_Odd","I_B_SHRT_ODD_ddr3adto1","11162","0.1","0.1","0.1","GE","LE","1","1","1","V","7","OS_SHORT_PIN_F","8","F_OS","bad","","no",""
"PinShortsTestPerPin_st_pIForce_Odd","I_B_SHRT_ODD_dfesysrefn","11163","0.1","0.1","0.1","GE","LE","1","1","1","V","7","OS_SHORT_PIN_F","8","F_OS","bad","","no",""
"PinShortsTestPerPin_st_pIForce_Odd","I_B_SHRT_ODD_dfesysrefp","11164","0.1","0.1","0.1","GE","LE","1","1","1","V","7","OS_SHORT_PIN_F","8","F_OS","bad","","no",""
"PinShortsTestPerPin_st_pIForce_Odd","I_B_SHRT_ODD_emu00","11165","0.1","0.1","0.1","GE","LE","1","1","1","V","7","OS_SHORT_PIN_F","8","F_OS","bad","","no",""
"PinShortsTestPerPin_st_pIForce_Odd","I_B_SHRT_ODD_emu01","11166","0.1","0.1","0.1","GE","LE","1","1","1","V","7","OS_SHORT_PIN_F","8","F_OS","bad","","no",""
"PinShortsTestPerPin_st_pIForce_Odd","I_B_SHRT_ODD_emu02","11167","0.1","0.1","0.1","GE","LE","1","1","1","V","7","OS_SHORT_PIN_F","8","F_OS","bad","","no",""
"PinShortsTestPerPin_st_pIForce_Odd","I_B_SHRT_ODD_emu03","11168","0.1","0.1","0.1","GE","LE","1","1","1","V","7","OS_SHORT_PIN_F","8","F_OS","bad","","no",""
"PinShortsTestPerPin_st_pIForce_Odd","I_B_SHRT_ODD_emu04","11169","0.1","0.1","0.1","GE","LE","1","1","1","V","7","OS_SHORT_PIN_F","8","F_OS","bad","","no",""
"PinShortsTestPerPin_st_pIForce_Odd","I_B_SHRT_ODD_emu05","11170","0.1","0.1","0.1","GE","LE","1","1","1","V","7","OS_SHORT_PIN_F","8","F_OS","bad","","no",""
"PinShortsTestPerPin_st_pIForce_Odd","I_B_SHRT_ODD_emu06","11171","0.1","0.1","0.1","GE","LE","1","1","1","V","7","OS_SHORT_PIN_F","8","F_OS","bad","","no",""
"PinShortsTestPerPin_st_pIForce_Odd","I_B_SHRT_ODD_emu07","11172","0.1","0.1","0.1","GE","LE","1","1","1","V","7","OS_SHORT_PIN_F","8","F_OS","bad","","no",""
"PinShortsTestPerPin_st_pIForce_Odd","I_B_SHRT_ODD_emu08","11173","0.1","0.1","0.1","GE","LE","1","1","1","V","7","OS_SHORT_PIN_F","8","F_OS","bad","","no",""
"PinShortsTestPerPin_st_pIForce_Odd","I_B_SHRT_ODD_emu09","11174","0.1","0.1","0.1","GE","LE","1","1","1","V","7","OS_SHORT_PIN_F","8","F_OS","bad","","no",""
"PinShortsTestPerPin_st_pIForce_Odd","I_B_SHRT_ODD_emu10","11175","0.1","0.1","0.1","GE","LE","1","1","1","V","7","OS_SHORT_PIN_F","8","F_OS","bad","","no",""
"PinShortsTestPerPin_st_pIForce_Odd","I_B_SHRT_ODD_emu11","11176","0.1","0.1","0.1","GE","LE","1","1","1","V","7","OS_SHORT_PIN_F","8","F_OS","bad","","no",""
"PinShortsTestPerPin_st_pIForce_Odd","I_B_SHRT_ODD_emu12","11177","0.1","0.1","0.1","GE","LE","1","1","1","V","7","OS_SHORT_PIN_F","8","F_OS","bad","","no",""
"PinShortsTestPerPin_st_pIForce_Odd","I_B_SHRT_ODD_emu13","11178","0.1","0.1","0.1","GE","LE","1","1","1","V","7","OS_SHORT_PIN_F","8","F_OS","bad","","no",""
"PinShortsTestPerPin_st_pIForce_Odd","I_B_SHRT_ODD_emu14","11179","0.1","0.1","0.1","GE","LE","1","1","1","V","7","OS_SHORT_PIN_F","8","F_OS","bad","","no",""
"PinShortsTestPerPin_st_pIForce_Odd","I_B_SHRT_ODD_emu15","11180","0.1","0.1","0.1","GE","LE","1","1","1","V","7","OS_SHORT_PIN_F","8","F_OS","bad","","no",""
"PinShortsTestPerPin_st_pIForce_Odd","I_B_SHRT_ODD_emu16","11181","0.1","0.1","0.1","GE","LE","1","1","1","V","7","OS_SHORT_PIN_F","8","F_OS","bad","","no",""
"PinShortsTestPerPin_st_pIForce_Odd","I_B_SHRT_ODD_emu17","11182","0.1","0.1","0.1","GE","LE","1","1","1","V","7","OS_SHORT_PIN_F","8","F_OS","bad","","no",""
"PinShortsTestPerPin_st_pIForce_Odd","I_B_SHRT_ODD_emu18","11183","0.1","0.1","0.1","GE","LE","1","1","1","V","7","OS_SHORT_PIN_F","8","F_OS","bad","","no",""
"PinShortsTestPerPin_st_pIForce_Odd","I_B_SHRT_ODD_gpio00","11184","0.1","0.1","0.1","GE","LE","1","1","1","V","7","OS_SHORT_PIN_F","8","F_OS","bad","","no",""
"PinShortsTestPerPin_st_pIForce_Odd","I_B_SHRT_ODD_gpio01","11185","0.1","0.1","0.1","GE","LE","1","1","1","V","7","OS_SHORT_PIN_F","8","F_OS","bad","","no",""
"PinShortsTestPerPin_st_pIForce_Odd","I_B_SHRT_ODD_gpio02","11186","0.1","0.1","0.1","GE","LE","1","1","1","V","7","OS_SHORT_PIN_F","8","F_OS","bad","","no",""
"PinShortsTestPerPin_st_pIForce_Odd","I_B_SHRT_ODD_gpio03","11187","0.1","0.1","0.1","GE","LE","1","1","1","V","7","OS_SHORT_PIN_F","8","F_OS","bad","","no",""
"PinShortsTestPerPin_st_pIForce_Odd","I_B_SHRT_ODD_gpio04","11188","0.1","0.1","0.1","GE","LE","1","1","1","V","7","OS_SHORT_PIN_F","8","F_OS","bad","","no",""
"PinShortsTestPerPin_st_pIForce_Odd","I_B_SHRT_ODD_gpio05","11189","0.1","0.1","0.1","GE","LE","1","1","1","V","7","OS_SHORT_PIN_F","8","F_OS","bad","","no",""
"PinShortsTestPerPin_st_pIForce_Odd","I_B_SHRT_ODD_gpio06","11190","0.1","0.1","0.1","GE","LE","1","1","1","V","7","OS_SHORT_PIN_F","8","F_OS","bad","","no",""
"PinShortsTestPerPin_st_pIForce_Odd","I_B_SHRT_ODD_gpio07","11191","0.1","0.1","0.1","GE","LE","1","1","1","V","7","OS_SHORT_PIN_F","8","F_OS","bad","","no",""
"PinShortsTestPerPin_st_pIForce_Odd","I_B_SHRT_ODD_gpio08","11192","0.1","0.1","0.1","GE","LE","1","1","1","V","7","OS_SHORT_PIN_F","8","F_OS","bad","","no",""
"PinShortsTestPerPin_st_pIForce_Odd","I_B_SHRT_ODD_gpio09","11193","0.1","0.1","0.1","GE","LE","1","1","1","V","7","OS_SHORT_PIN_F","8","F_OS","bad","","no",""
"PinShortsTestPerPin_st_pIForce_Odd","I_B_SHRT_ODD_gpio10","11194","0.1","0.1","0.1","GE","LE","1","1","1","V","7","OS_SHORT_PIN_F","8","F_OS","bad","","no",""
"PinShortsTestPerPin_st_pIForce_Odd","I_B_SHRT_ODD_gpio11","11195","0.1","0.1","0.1","GE","LE","1","1","1","V","7","OS_SHORT_PIN_F","8","F_OS","bad","","no",""
"PinShortsTestPerPin_st_pIForce_Odd","I_B_SHRT_ODD_gpio12","11196","0.1","0.1","0.1","GE","LE","1","1","1","V","7","OS_SHORT_PIN_F","8","F_OS","bad","","no",""
"PinShortsTestPerPin_st_pIForce_Odd","I_B_SHRT_ODD_gpio13","11197","0.1","0.1","0.1","GE","LE","1","1","1","V","7","OS_SHORT_PIN_F","8","F_OS","bad","","no",""
"PinShortsTestPerPin_st_pIForce_Odd","I_B_SHRT_ODD_gpio14","11198","0.1","0.1","0.1","GE","LE","1","1","1","V","7","OS_SHORT_PIN_F","8","F_OS","bad","","no",""
"PinShortsTestPerPin_st_pIForce_Odd","I_B_SHRT_ODD_gpio15","11199","0.1","0.1","0.1","GE","LE","1","1","1","V","7","OS_SHORT_PIN_F","8","F_OS","bad","","no",""
"PinShortsTestPerPin_st_pIForce_Odd","I_B_SHRT_ODD_gpio16","11200","0.1","0.1","0.1","GE","LE","1","1","1","V","7","OS_SHORT_PIN_F","8","F_OS","bad","","no",""
"PinShortsTestPerPin_st_pIForce_Odd","I_B_SHRT_ODD_gpio17","11201","0.1","0.1","0.1","GE","LE","1","1","1","V","7","OS_SHORT_PIN_F","8","F_OS","bad","","no",""
"PinShortsTestPerPin_st_pIForce_Odd","I_B_SHRT_ODD_gpio18","11202","0.1","0.1","0.1","GE","LE","1","1","1","V","7","OS_SHORT_PIN_F","8","F_OS","bad","","no",""
"PinShortsTestPerPin_st_pIForce_Odd","I_B_SHRT_ODD_gpio19","11203","0.1","0.1","0.1","GE","LE","1","1","1","V","7","OS_SHORT_PIN_F","8","F_OS","bad","","no",""
"PinShortsTestPerPin_st_pIForce_Odd","I_B_SHRT_ODD_lresetnmienz","11204","0.1","0.1","0.1","GE","LE","1","1","1","V","7","OS_SHORT_PIN_F","8","F_OS","bad","","no",""
"PinShortsTestPerPin_st_pIForce_Odd","I_B_SHRT_ODD_lresetz","11205","0.1","0.1","0.1","GE","LE","1","1","1","V","7","OS_SHORT_PIN_F","8","F_OS","bad","","no",""
"PinShortsTestPerPin_st_pIForce_Odd","I_B_SHRT_ODD_mdclk","11206","0.1","0.1","0.1","GE","LE","1","1","1","V","7","OS_SHORT_PIN_F","8","F_OS","bad","","no",""
"PinShortsTestPerPin_st_pIForce_Odd","I_B_SHRT_ODD_mdio","11207","0.1","0.1","0.1","GE","LE","1","1","1","V","7","OS_SHORT_PIN_F","8","F_OS","bad","","no",""
"PinShortsTestPerPin_st_pIForce_Odd","I_B_SHRT_ODD_nmiz","11208","0.1","0.1","0.1","GE","LE","1","1","1","V","7","OS_SHORT_PIN_F","8","F_OS","bad","","no",""
"PinShortsTestPerPin_st_pIForce_Odd","I_B_SHRT_ODD_pcieclkn","11209","0.1","0.1","0.1","GE","LE","1","1","1","V","7","OS_SHORT_PIN_F","8","F_OS","bad","","no",""
"PinShortsTestPerPin_st_pIForce_Odd","I_B_SHRT_ODD_pcieclkp","11210","0.1","0.1","0.1","GE","LE","1","1","1","V","7","OS_SHORT_PIN_F","8","F_OS","bad","","no",""
"PinShortsTestPerPin_st_pIForce_Odd","I_B_SHRT_ODD_plllock","11211","0.1","0.1","0.1","GE","LE","1","1","1","V","7","OS_SHORT_PIN_F","8","F_OS","bad","","no",""
"PinShortsTestPerPin_st_pIForce_Odd","I_B_SHRT_ODD_pllobsclkn","11212","0.1","0.1","0.1","GE","LE","1","1","1","V","7","OS_SHORT_PIN_F","8","F_OS","bad","","no",""
"PinShortsTestPerPin_st_pIForce_Odd","I_B_SHRT_ODD_pllobsclkp","11213","0.1","0.1","0.1","GE","LE","1","1","1","V","7","OS_SHORT_PIN_F","8","F_OS","bad","","no",""
"PinShortsTestPerPin_st_pIForce_Odd","I_B_SHRT_ODD_porz","11214","0.1","0.1","0.1","GE","LE","1.5","1.5","1.5","V","7","OS_SHORT_PIN_F","8","F_OS","bad","","no",""
"PinShortsTestPerPin_st_pIForce_Odd","I_B_SHRT_ODD_resetfullz","11215","0.1","0.1","0.1","GE","LE","1","1","1","V","7","OS_SHORT_PIN_F","8","F_OS","bad","","no",""
"PinShortsTestPerPin_st_pIForce_Odd","I_B_SHRT_ODD_resetstatz","11216","0.1","0.1","0.1","GE","LE","1","1","1","V","7","OS_SHORT_PIN_F","8","F_OS","bad","","no",""
"PinShortsTestPerPin_st_pIForce_Odd","I_B_SHRT_ODD_resetz","11217","0.1","0.1","0.1","GE","LE","1","1","1","V","7","OS_SHORT_PIN_F","8","F_OS","bad","","no",""
"PinShortsTestPerPin_st_pIForce_Odd","I_B_SHRT_ODD_scl0","11218","0.1","0.1","0.1","GE","LE","1","1","1","V","7","OS_SHORT_PIN_F","8","F_OS","bad","","no",""
"PinShortsTestPerPin_st_pIForce_Odd","I_B_SHRT_ODD_scl1","11219","0.1","0.1","0.1","GE","LE","1","1","1","V","7","OS_SHORT_PIN_F","8","F_OS","bad","","no",""
"PinShortsTestPerPin_st_pIForce_Odd","I_B_SHRT_ODD_scl2","11220","0.1","0.1","0.1","GE","LE","1","1","1","V","7","OS_SHORT_PIN_F","8","F_OS","bad","","no",""
"PinShortsTestPerPin_st_pIForce_Odd","I_B_SHRT_ODD_sda0","11221","0.1","0.1","0.1","GE","LE","1","1","1","V","7","OS_SHORT_PIN_F","8","F_OS","bad","","no",""
"PinShortsTestPerPin_st_pIForce_Odd","I_B_SHRT_ODD_sda1","11222","0.1","0.1","0.1","GE","LE","1","1","1","V","7","OS_SHORT_PIN_F","8","F_OS","bad","","no",""
"PinShortsTestPerPin_st_pIForce_Odd","I_B_SHRT_ODD_sda2","11223","0.1","0.1","0.1","GE","LE","1","1","1","V","7","OS_SHORT_PIN_F","8","F_OS","bad","","no",""
"PinShortsTestPerPin_st_pIForce_Odd","I_B_SHRT_ODD_sgmiiclkn","11224","0.1","0.1","0.1","GE","LE","1","1","1","V","7","OS_SHORT_PIN_F","8","F_OS","bad","","no",""
"PinShortsTestPerPin_st_pIForce_Odd","I_B_SHRT_ODD_sgmiiclkp","11225","0.1","0.1","0.1","GE","LE","1","1","1","V","7","OS_SHORT_PIN_F","8","F_OS","bad","","no",""
"PinShortsTestPerPin_st_pIForce_Odd","I_B_SHRT_ODD_sysclkout","11226","0.1","0.1","0.1","GE","LE","1","1","1","V","7","OS_SHORT_PIN_F","8","F_OS","bad","","no",""
"PinShortsTestPerPin_st_pIForce_Odd","I_B_SHRT_ODD_tck","11227","0.1","0.1","0.1","GE","LE","1","1","1","V","7","OS_SHORT_PIN_F","8","F_OS","bad","","no",""
"PinShortsTestPerPin_st_pIForce_Odd","I_B_SHRT_ODD_tdi","11228","0.1","0.1","0.1","GE","LE","1","1","1","V","7","OS_SHORT_PIN_F","8","F_OS","bad","","no",""
"PinShortsTestPerPin_st_pIForce_Odd","I_B_SHRT_ODD_tdo","11229","0.1","0.1","0.1","GE","LE","1","1","1","V","7","OS_SHORT_PIN_F","8","F_OS","bad","","no",""
"PinShortsTestPerPin_st_pIForce_Odd","I_B_SHRT_ODD_timi0","11230","0.1","0.1","0.1","GE","LE","1","1","1","V","7","OS_SHORT_PIN_F","8","F_OS","bad","","no",""
"PinShortsTestPerPin_st_pIForce_Odd","I_B_SHRT_ODD_timi1","11231","0.1","0.1","0.1","GE","LE","1","1","1","V","7","OS_SHORT_PIN_F","8","F_OS","bad","","no",""
"PinShortsTestPerPin_st_pIForce_Odd","I_B_SHRT_ODD_timo0","11232","0.1","0.1","0.1","GE","LE","1","1","1","V","7","OS_SHORT_PIN_F","8","F_OS","bad","","no",""
"PinShortsTestPerPin_st_pIForce_Odd","I_B_SHRT_ODD_timo1","11233","0.1","0.1","0.1","GE","LE","1","1","1","V","7","OS_SHORT_PIN_F","8","F_OS","bad","","no",""
"PinShortsTestPerPin_st_pIForce_Odd","I_B_SHRT_ODD_tms","11234","0.1","0.1","0.1","GE","LE","1","1","1","V","7","OS_SHORT_PIN_F","8","F_OS","bad","","no",""
"PinShortsTestPerPin_st_pIForce_Odd","I_B_SHRT_ODD_trstz","11235","0.1","0.1","0.1","GE","LE","1","1","1","V","7","OS_SHORT_PIN_F","8","F_OS","bad","","no",""
"PinShortsTestPerPin_st_pIForce_Odd","I_B_SHRT_ODD_tsrefclkn","11236","0.1","0.1","0.1","GE","LE","1","1","1","V","7","OS_SHORT_PIN_F","8","F_OS","bad","","no",""
"PinShortsTestPerPin_st_pIForce_Odd","I_B_SHRT_ODD_tsrefclkp","11237","0.1","0.1","0.1","GE","LE","1","1","1","V","7","OS_SHORT_PIN_F","8","F_OS","bad","","no",""
"PinShortsTestPerPin_st_pIForce_Odd","I_B_SHRT_ODD_tsrxclkout0n","11238","0.1","0.1","0.1","GE","LE","1","1","1","V","7","OS_SHORT_PIN_F","8","F_OS","bad","","no",""
"PinShortsTestPerPin_st_pIForce_Odd","I_B_SHRT_ODD_tsrxclkout0p","11239","0.1","0.1","0.1","GE","LE","1","1","1","V","7","OS_SHORT_PIN_F","8","F_OS","bad","","no",""
"PinShortsTestPerPin_st_pIForce_Odd","I_B_SHRT_ODD_uart0cts","11240","0.1","0.1","0.1","GE","LE","1","1","1","V","7","OS_SHORT_PIN_F","8","F_OS","bad","","no",""
"PinShortsTestPerPin_st_pIForce_Odd","I_B_SHRT_ODD_uart0rts","11241","0.1","0.1","0.1","GE","LE","1","1","1","V","7","OS_SHORT_PIN_F","8","F_OS","bad","","no",""
"PinShortsTestPerPin_st_pIForce_Odd","I_B_SHRT_ODD_uart0rxd","11242","0.1","0.1","0.1","GE","LE","1","1","1","V","7","OS_SHORT_PIN_F","8","F_OS","bad","","no",""
"PinShortsTestPerPin_st_pIForce_Odd","I_B_SHRT_ODD_uart0txd","11243","0.1","0.1","0.1","GE","LE","1","1","1","V","7","OS_SHORT_PIN_F","8","F_OS","bad","","no",""
"PinShortsTestPerPin_st_pIForce_Odd","I_B_SHRT_ODD_usbclkm","11244","0.1","0.1","0.1","GE","LE","1","1","1","V","7","OS_SHORT_PIN_F","8","F_OS","bad","","no",""
"PinShortsTestPerPin_st_pIForce_Odd","I_B_SHRT_ODD_usbclkp","11245","0.1","0.1","0.1","GE","LE","1","1","1","V","7","OS_SHORT_PIN_F","8","F_OS","bad","","no",""
"PinShortsTestPerPin_st_pIForce_Odd","I_B_SHRT_ODD_usbdrvvbus","11246","0.1","0.1","0.1","GE","LE","1","1","1","V","7","OS_SHORT_PIN_F","8","F_OS","bad","","no",""
"PinShortsTestPerPin_st_pIForce_Odd","I_B_SHRT_ODD_usbid0","11247","0.1","0.1","0.1","GE","LE","1","1","1","V","7","OS_SHORT_PIN_F","8","F_OS","bad","","no",""
"PinShortsTestPerPin_st_pIForce_Odd","I_B_SHRT_ODD_vcntl0","11248","0.1","0.1","0.1","GE","LE","1","1","1","V","7","OS_SHORT_PIN_F","8","F_OS","bad","","no",""
"PinShortsTestPerPin_st_pIForce_Odd","I_B_SHRT_ODD_vcntl1","11249","0.1","0.1","0.1","GE","LE","1","1","1","V","7","OS_SHORT_PIN_F","8","F_OS","bad","","no",""
"PinShortsTestPerPin_st_pIForce_Odd","I_B_SHRT_ODD_vcntl2","11250","0.1","0.1","0.1","GE","LE","1","1","1","V","7","OS_SHORT_PIN_F","8","F_OS","bad","","no",""
"PinShortsTestPerPin_st_pIForce_Odd","I_B_SHRT_ODD_vcntl3","11251","0.1","0.1","0.1","GE","LE","1","1","1","V","7","OS_SHORT_PIN_F","8","F_OS","bad","","no",""
"PinShortsTestPerPin_st_pIForce_Odd","I_B_SHRT_ODD_vcntl4","11252","0.1","0.1","0.1","GE","LE","1","1","1","V","7","OS_SHORT_PIN_F","8","F_OS","bad","","no",""
"PinShortsTestPerPin_st_pIForce_Odd","I_B_SHRT_ODD_vcntl5","11253","0.1","0.1","0.1","GE","LE","1","1","1","V","7","OS_SHORT_PIN_F","8","F_OS","bad","","no",""
"DieIDPostRead_st","devX","80000","0","0","0","GE","LE","76","76","76","","31","FUSE_DIEID_PostRead_F","10","F_FUSE","bad","no","yes",""
"DieIDPostRead_st","devY","80001","0","0","0","GE","LE","170","170","170","","31","FUSE_DIEID_PostRead_F","10","F_FUSE","bad","no","yes",""
"DieIDPostRead_st","devWaf","80002","0","0","0","GE","LE","65","65","65","","31","FUSE_DIEID_PostRead_F","10","F_FUSE","bad","no","yes",""
"DieIDPostRead_st","devLot","80003","0","0","0","GE","LE","524416","524416","524416","","31","FUSE_DIEID_PostRead_F","10","F_FUSE","bad","no","yes",""
"DieIDPostRead_st","devFab","80004","0","0","0","GE","LE","15","15","15","","31","FUSE_DIEID_PostRead_F","10","F_FUSE","bad","no","yes",""
"DieIDPostRead_st","devDesRev","80005","0","0","0","GE","LE","17","17","17","","31","FUSE_DIEID_PostRead_F","10","F_FUSE","bad","no","yes",""
"DieIDPostRead_st","devMemRepair","80006","0","0","0","GE","LE","1","1","1","","31","FUSE_DIEID_PostRead_F","10","F_FUSE","bad","no","yes",""
"DieIDPostRead_st","devSuccess","80007","1","1","1","GE","LE","1","1","1","","31","FUSE_DIEID_PostRead_F","10","F_FUSE","bad","no","yes",""
"DieIDPostRead_st","DIEID_PostRead","80060","1","1","1","GE","LE","1","1","1","","31","FUSE_DIEID_PostRead_F","10","F_FUSE","bad","no","yes",""
"DieIDPostRead_st","DIEID_FABCODE","80008","1","1","1","GE","LE","1","1","1","","31","FUSE_DIEID_PostRead_F","10","F_FUSE","bad","no","yes",""
"DieIDPostRead_st","DIEID_DESIGNREV","80009","1","1","1","GE","LE","1","1","1","","31","FUSE_DIEID_PostRead_F","10","F_FUSE","bad","no","yes",""
